-- phpMyAdmin SQL Dump
-- version 4.9.2
-- https://www.phpmyadmin.net/
--
-- Host: 127.0.0.1
-- Generation Time: Sep 22, 2020 at 03:42 AM
-- Server version: 8.0.18
-- PHP Version: 7.3.11

SET SQL_MODE = "NO_AUTO_VALUE_ON_ZERO";
SET AUTOCOMMIT = 0;
START TRANSACTION;
SET time_zone = "+00:00";


/*!40101 SET @OLD_CHARACTER_SET_CLIENT=@@CHARACTER_SET_CLIENT */;
/*!40101 SET @OLD_CHARACTER_SET_RESULTS=@@CHARACTER_SET_RESULTS */;
/*!40101 SET @OLD_COLLATION_CONNECTION=@@COLLATION_CONNECTION */;
/*!40101 SET NAMES utf8mb4 */;

--
-- Database: `jackpot`
--

-- --------------------------------------------------------

--
-- Table structure for table `booking`
--

CREATE TABLE `booking` (
  `id` bigint(20) UNSIGNED NOT NULL,
  `total_price` double NOT NULL,
  `total_quantity` int(11) NOT NULL,
  `uid` bigint(20) UNSIGNED NOT NULL,
  `deleted_at` timestamp NULL DEFAULT NULL,
  `created_at` timestamp NULL DEFAULT NULL,
  `updated_at` timestamp NULL DEFAULT NULL
) ENGINE=InnoDB DEFAULT CHARSET=utf8mb4 COLLATE=utf8mb4_unicode_ci;

--
-- Dumping data for table `booking`
--

INSERT INTO `booking` (`id`, `total_price`, `total_quantity`, `uid`, `deleted_at`, `created_at`, `updated_at`) VALUES
(1, 1, 1, 5, NULL, '2020-07-14 01:50:46', '2020-07-14 01:50:46'),
(2, 3, 3, 5, NULL, '2020-07-14 01:51:20', '2020-07-14 01:51:20'),
(3, 1, 1, 6, NULL, '2020-07-14 09:07:06', '2020-07-14 09:07:06'),
(4, 1, 1, 6, NULL, '2020-07-14 09:09:40', '2020-07-14 09:09:40'),
(5, 5, 5, 2, NULL, '2020-07-14 16:59:30', '2020-07-14 16:59:30'),
(6, 7, 1, 2, NULL, '2020-07-14 17:03:25', '2020-07-14 17:03:25'),
(7, 5, 5, 2, NULL, '2020-07-14 17:05:00', '2020-07-14 17:05:00'),
(8, 32, 1, 5, NULL, '2020-07-14 17:20:02', '2020-07-14 17:20:02'),
(9, 3, 3, 5, NULL, '2020-07-14 17:46:14', '2020-07-14 17:46:14'),
(15, 1, 1, 5, NULL, '2020-07-14 11:16:39', '2020-07-14 11:16:39'),
(16, 2, 2, 5, NULL, '2020-07-14 11:18:39', '2020-07-14 11:18:39'),
(17, 1, 1, 5, NULL, '2020-07-15 10:38:44', '2020-07-15 10:38:44'),
(18, 1, 1, 5, NULL, '2020-07-15 03:51:45', '2020-07-15 03:51:45'),
(19, 2, 2, 5, NULL, '2020-07-15 03:52:24', '2020-07-15 03:52:24'),
(20, 1, 1, 5, NULL, '2020-07-15 03:56:10', '2020-07-15 03:56:10'),
(21, 1, 1, 5, NULL, '2020-07-15 04:05:44', '2020-07-15 04:05:44'),
(22, 2, 2, 5, NULL, '2020-07-15 04:06:02', '2020-07-15 04:06:02'),
(23, 3, 3, 5, NULL, '2020-07-15 04:06:09', '2020-07-15 04:06:09'),
(24, 7, 1, 5, NULL, '2020-07-15 04:06:25', '2020-07-15 04:06:25'),
(25, 3, 3, 5, NULL, '2020-07-15 04:06:54', '2020-07-15 04:06:54'),
(26, 1, 1, 5, NULL, '2020-07-15 04:22:32', '2020-07-15 04:22:32'),
(27, 3, 3, 5, NULL, '2020-07-16 09:21:11', '2020-07-16 09:21:11'),
(28, 3, 3, 5, NULL, '2020-07-16 10:20:09', '2020-07-16 10:20:09'),
(29, 1, 1, 5, NULL, '2020-07-16 10:23:27', '2020-07-16 10:23:27'),
(30, 1, 1, 5, NULL, '2020-07-16 10:57:08', '2020-07-16 10:57:08'),
(31, 1, 1, 5, NULL, '2020-07-16 11:00:34', '2020-07-16 11:00:34'),
(33, 1, 1, 5, NULL, '2020-07-16 11:06:05', '2020-07-16 11:06:05'),
(34, 1, 1, 5, NULL, '2020-07-16 11:07:02', '2020-07-16 11:07:02'),
(35, 1, 1, 5, NULL, '2020-07-16 04:09:00', '2020-07-16 04:09:00'),
(36, 3, 3, 5, NULL, '2020-07-16 07:01:45', '2020-07-16 07:01:45'),
(37, 3, 3, 5, NULL, '2020-07-16 07:18:57', '2020-07-16 07:18:57'),
(38, 1, 1, 5, NULL, '2020-07-17 01:55:07', '2020-07-17 01:55:07'),
(39, 2, 2, 5, NULL, '2020-07-17 03:16:01', '2020-07-17 03:16:01'),
(40, 14, 14, 10, NULL, '2020-07-17 03:49:05', '2020-07-17 03:49:05'),
(41, 3, 3, 5, NULL, '2020-07-17 04:34:19', '2020-07-17 04:34:19'),
(42, 6, 6, 5, NULL, '2020-07-17 09:36:30', '2020-07-17 09:36:30'),
(43, 7, 7, 10, NULL, '2020-07-17 10:05:15', '2020-07-17 10:05:15'),
(44, 7, 7, 10, NULL, '2020-07-17 10:05:19', '2020-07-17 10:05:19'),
(45, 7, 7, 10, NULL, '2020-07-17 10:05:20', '2020-07-17 10:05:20'),
(46, 32, 32, 10, NULL, '2020-07-17 10:16:33', '2020-07-17 10:16:33'),
(47, 1, 1, 5, NULL, '2020-07-20 08:32:10', '2020-07-20 08:32:10'),
(48, 3, 3, 5, NULL, '2020-07-20 08:45:42', '2020-07-20 08:45:42'),
(49, 1, 1, 5, NULL, '2020-07-21 04:41:28', '2020-07-21 04:41:28'),
(50, 7, 7, 7, NULL, '2020-07-22 18:50:46', '2020-07-22 18:50:46'),
(51, 2, 2, 5, NULL, '2020-07-24 01:50:09', '2020-07-24 01:50:09'),
(52, 32, 32, 10, NULL, '2020-08-01 11:42:27', '2020-08-01 11:42:27'),
(53, 3, 3, 10, NULL, '2020-08-03 08:41:26', '2020-08-03 08:41:26'),
(54, 32, 32, 2, NULL, '2020-08-03 13:33:17', '2020-08-03 13:33:17'),
(55, 32, 32, 10, NULL, '2020-08-07 02:45:39', '2020-08-07 02:45:39'),
(56, 1, 1, 2, NULL, '2020-08-07 09:43:57', '2020-08-07 09:43:57'),
(57, 64, 64, 10, NULL, '2020-08-10 08:37:38', '2020-08-10 08:37:38'),
(58, 1, 1, 2, NULL, '2020-08-12 03:30:00', '2020-08-12 03:30:00'),
(59, 1, 1, 7, NULL, '2020-08-12 03:31:56', '2020-08-12 03:31:56'),
(60, 1, 1, 7, NULL, '2020-08-12 03:32:01', '2020-08-12 03:32:01'),
(61, 1, 1, 2, NULL, '2020-08-19 02:58:57', '2020-08-19 02:58:57'),
(63, 1, 1, 7, NULL, '2020-08-25 09:14:53', '2020-08-25 09:14:53'),
(64, 1, 1, 7, NULL, '2020-08-25 09:15:07', '2020-08-25 09:15:07'),
(65, 1, 1, 25, NULL, '2020-08-25 14:38:11', '2020-08-25 14:38:11'),
(66, 1, 1, 25, NULL, '2020-08-28 07:16:27', '2020-08-28 07:16:27'),
(67, 1, 1, 25, NULL, '2020-08-28 09:03:19', '2020-08-28 09:03:19'),
(68, 1, 1, 25, NULL, '2020-08-28 09:27:31', '2020-08-28 09:27:31'),
(69, 1, 1, 25, NULL, '2020-08-28 09:58:03', '2020-08-28 09:58:03'),
(70, 1, 1, 25, NULL, '2020-08-31 10:08:41', '2020-08-31 10:08:41'),
(71, 1, 1, 26, NULL, '2020-09-07 06:47:56', '2020-09-07 06:47:56'),
(72, 1, 1, 27, NULL, '2020-09-14 03:53:53', '2020-09-14 03:53:53'),
(73, 1, 1, 27, NULL, '2020-09-14 07:20:55', '2020-09-14 07:20:55'),
(74, 7, 7, 27, NULL, '2020-09-14 07:21:15', '2020-09-14 07:21:15'),
(75, 1, 1, 27, NULL, '2020-09-14 07:21:26', '2020-09-14 07:21:26'),
(76, 1056, 1056, 27, NULL, '2020-09-14 07:22:19', '2020-09-14 07:22:19'),
(77, 1, 1, 7, NULL, '2020-09-15 08:49:14', '2020-09-15 08:49:14'),
(78, 7, 7, 7, NULL, '2020-09-15 08:49:28', '2020-09-15 08:49:28');

-- --------------------------------------------------------

--
-- Table structure for table `commissions`
--

CREATE TABLE `commissions` (
  `id` bigint(20) UNSIGNED NOT NULL,
  `ticket_id` bigint(20) UNSIGNED NOT NULL,
  `lottery_id` bigint(20) UNSIGNED NOT NULL,
  `from_id` bigint(20) UNSIGNED NOT NULL,
  `uid` bigint(20) UNSIGNED DEFAULT NULL,
  `prize_id` bigint(20) UNSIGNED NOT NULL,
  `percent` double NOT NULL,
  `amount` double NOT NULL,
  `currency` varchar(191) COLLATE utf8mb4_unicode_ci NOT NULL,
  `is_temp` tinyint(4) NOT NULL DEFAULT '0',
  `is_received` tinyint(4) NOT NULL DEFAULT '0',
  `note` text CHARACTER SET utf8mb4 COLLATE utf8mb4_unicode_ci,
  `created_at` timestamp NULL DEFAULT NULL,
  `updated_at` timestamp NULL DEFAULT NULL
) ENGINE=InnoDB DEFAULT CHARSET=utf8mb4 COLLATE=utf8mb4_unicode_ci;

--
-- Dumping data for table `commissions`
--

INSERT INTO `commissions` (`id`, `ticket_id`, `lottery_id`, `from_id`, `uid`, `prize_id`, `percent`, `amount`, `currency`, `is_temp`, `is_received`, `note`, `created_at`, `updated_at`) VALUES
(13, 156, 44, 25, 26, 1, 7.5, 37.52625, 'EUSDT', 0, 1, '{\"level\":1,\"amount_ori\":1000.7}', '2020-08-28 09:28:35', '2020-08-28 09:28:35'),
(14, 156, 44, 25, 26, 1, 7.5, 22.515749999999997, 'EPO', 0, 1, '{\"level\":1,\"amount_ori\":1000.7}', '2020-08-28 09:28:35', '2020-08-28 09:28:35'),
(15, 156, 44, 25, 26, 1, 7.5, 15.0105, 'ETI', 0, 1, '{\"level\":1,\"amount_ori\":1000.7}', '2020-08-28 09:28:35', '2020-08-28 09:28:35'),
(16, 156, 44, 25, 27, 1, 2.5, 12.50875, 'EUSDT', 0, 1, '{\"level\":2,\"amount_ori\":1000.7}', '2020-08-28 09:28:35', '2020-08-28 09:28:35'),
(17, 156, 44, 25, 27, 1, 2.5, 7.50525, 'EPO', 0, 1, '{\"level\":2,\"amount_ori\":1000.7}', '2020-08-28 09:28:35', '2020-08-28 09:28:35'),
(18, 156, 44, 25, 27, 1, 2.5, 5.0035, 'ETI', 0, 1, '{\"level\":2,\"amount_ori\":1000.7}', '2020-08-28 09:28:35', '2020-08-28 09:28:35'),
(19, 157, 45, 25, 26, 1, 7.5, 3.7788750000000007, 'EUSDT', 0, 1, '{\"level\":1,\"amount_ori\":100.77}', '2020-08-28 09:58:16', '2020-08-28 09:58:16'),
(20, 157, 45, 25, 26, 1, 7.5, 2.267325, 'EPO', 0, 1, '{\"level\":1,\"amount_ori\":100.77}', '2020-08-28 09:58:16', '2020-08-28 09:58:16'),
(21, 157, 45, 25, 26, 1, 7.5, 1.51155, 'ETI', 0, 1, '{\"level\":1,\"amount_ori\":100.77}', '2020-08-28 09:58:16', '2020-08-28 09:58:16'),
(22, 157, 45, 25, 27, 1, 2.5, 1.259625, 'EUSDT', 0, 1, '{\"level\":2,\"amount_ori\":100.77}', '2020-08-28 09:58:16', '2020-08-28 09:58:16'),
(23, 157, 45, 25, 27, 1, 2.5, 0.755775, 'EPO', 0, 1, '{\"level\":2,\"amount_ori\":100.77}', '2020-08-28 09:58:16', '2020-08-28 09:58:16'),
(24, 157, 45, 25, 27, 1, 2.5, 0.50385, 'ETI', 0, 1, '{\"level\":2,\"amount_ori\":100.77}', '2020-08-28 09:58:16', '2020-08-28 09:58:16'),
(25, 158, 46, 25, 26, 1, 7.5, 0.4041375, 'EUSDT', 0, 1, '{\"level\":1,\"amount_ori\":10.777}', '2020-08-31 10:09:17', '2020-08-31 10:09:17'),
(26, 158, 46, 25, 26, 1, 7.5, 0.2424825, 'EPO', 0, 1, '{\"level\":1,\"amount_ori\":10.777}', '2020-08-31 10:09:17', '2020-08-31 10:09:17'),
(27, 158, 46, 25, 26, 1, 7.5, 0.161655, 'ETI', 0, 1, '{\"level\":1,\"amount_ori\":10.777}', '2020-08-31 10:09:17', '2020-08-31 10:09:17'),
(28, 158, 46, 25, 27, 1, 2.5, 0.1347125, 'EUSDT', 0, 1, '{\"level\":2,\"amount_ori\":10.777}', '2020-08-31 10:09:17', '2020-08-31 10:09:17'),
(29, 158, 46, 25, 27, 1, 2.5, 0.08082750000000001, 'EPO', 0, 1, '{\"level\":2,\"amount_ori\":10.777}', '2020-08-31 10:09:17', '2020-08-31 10:09:17'),
(30, 158, 46, 25, 27, 1, 2.5, 0.053885, 'ETI', 0, 1, '{\"level\":2,\"amount_ori\":10.777}', '2020-08-31 10:09:17', '2020-08-31 10:09:17'),
(31, 159, 47, 26, 27, 1, 7.5, 0.06666375, 'EUSDT', 0, 1, '{\"level\":1,\"amount_ori\":1.7777}', '2020-09-07 06:48:29', '2020-09-07 06:48:29'),
(32, 159, 47, 26, 27, 1, 7.5, 0.03999824999999999, 'EPO', 0, 1, '{\"level\":1,\"amount_ori\":1.7777}', '2020-09-07 06:48:29', '2020-09-07 06:48:29'),
(33, 159, 47, 26, 27, 1, 7.5, 0.026665499999999998, 'ETI', 0, 1, '{\"level\":1,\"amount_ori\":1.7777}', '2020-09-07 06:48:29', '2020-09-07 06:48:29'),
(34, 159, 47, 26, NULL, 1, 2.5, 0.02222125, 'EUSDT', 1, 0, '{\"level\":2,\"amount_ori\":1.7777,\"parent_of\":\"979494098\",\"parent_of_ori\":\"597061289\"}', '2020-09-07 06:48:29', '2020-09-07 06:48:29'),
(35, 159, 47, 26, NULL, 1, 2.5, 0.013332749999999999, 'EPO', 1, 0, '{\"level\":2,\"amount_ori\":1.7777,\"parent_of\":\"979494098\",\"parent_of_ori\":\"597061289\"}', '2020-09-07 06:48:29', '2020-09-07 06:48:29'),
(36, 159, 47, 26, NULL, 1, 2.5, 0.0088885, 'ETI', 1, 0, '{\"level\":2,\"amount_ori\":1.7777,\"parent_of\":\"979494098\",\"parent_of_ori\":\"597061289\"}', '2020-09-07 06:48:29', '2020-09-07 06:48:29');

-- --------------------------------------------------------

--
-- Table structure for table `contacts`
--

CREATE TABLE `contacts` (
  `id` bigint(20) UNSIGNED NOT NULL,
  `name` varchar(191) CHARACTER SET utf8mb4 COLLATE utf8mb4_unicode_ci NOT NULL,
  `email` varchar(191) CHARACTER SET utf8mb4 COLLATE utf8mb4_unicode_ci NOT NULL,
  `title` varchar(191) CHARACTER SET utf8mb4 COLLATE utf8mb4_unicode_ci NOT NULL,
  `content` text CHARACTER SET utf8mb4 COLLATE utf8mb4_unicode_ci NOT NULL,
  `status` tinyint(4) NOT NULL,
  `deleted_at` timestamp NULL DEFAULT NULL,
  `created_at` timestamp NULL DEFAULT NULL,
  `updated_at` timestamp NULL DEFAULT NULL
) ENGINE=InnoDB DEFAULT CHARSET=utf8mb4 COLLATE=utf8mb4_unicode_ci;

-- --------------------------------------------------------

--
-- Table structure for table `credits`
--

CREATE TABLE `credits` (
  `id` bigint(20) UNSIGNED NOT NULL,
  `uid` bigint(20) UNSIGNED NOT NULL,
  `value` double NOT NULL DEFAULT '0',
  `currency` varchar(191) CHARACTER SET utf8mb4 COLLATE utf8mb4_unicode_ci NOT NULL DEFAULT 'USDT',
  `deleted_at` timestamp NULL DEFAULT NULL,
  `created_at` timestamp NULL DEFAULT NULL,
  `updated_at` timestamp NULL DEFAULT NULL
) ENGINE=InnoDB DEFAULT CHARSET=utf8mb4 COLLATE=utf8mb4_unicode_ci;

--
-- Dumping data for table `credits`
--

INSERT INTO `credits` (`id`, `uid`, `value`, `currency`, `deleted_at`, `created_at`, `updated_at`) VALUES
(1, 2, 0, 'EUSDT', NULL, '2020-07-13 10:45:14', '2020-07-13 10:45:14'),
(2, 2, 0, 'EPO', NULL, '2020-07-13 10:45:14', '2020-07-13 10:45:14'),
(3, 2, 0, 'ETI', NULL, '2020-07-13 10:45:14', '2020-07-13 10:45:14'),
(4, 3, 0, 'EUSDT', NULL, '2020-07-13 14:22:42', '2020-07-13 14:22:42'),
(5, 3, 0, 'EPO', NULL, '2020-07-13 14:22:42', '2020-07-13 14:22:42'),
(6, 3, 0, 'ETI', NULL, '2020-07-13 14:22:42', '2020-07-13 14:22:42'),
(7, 4, 0, 'EUSDT', NULL, '2020-07-14 01:47:49', '2020-07-14 01:47:49'),
(8, 4, 0, 'EPO', NULL, '2020-07-14 01:47:49', '2020-07-14 01:47:49'),
(9, 4, 0, 'ETI', NULL, '2020-07-14 01:47:49', '2020-07-14 01:47:49'),
(10, 5, 0, 'EUSDT', NULL, '2020-07-14 01:50:01', '2020-07-14 01:50:01'),
(11, 5, 0, 'EPO', NULL, '2020-07-14 01:50:01', '2020-07-14 01:50:01'),
(12, 5, 0, 'ETI', NULL, '2020-07-14 01:50:01', '2020-07-14 01:50:01'),
(13, 5, 5, 'ETI', NULL, '2020-07-14 01:50:30', '2020-07-14 01:50:30'),
(14, 5, 4, 'ETI', NULL, '2020-07-14 01:50:46', '2020-07-14 01:50:46'),
(15, 5, 1, 'ETI', NULL, '2020-07-14 01:51:20', '2020-07-14 01:51:20'),
(17, 6, 0, 'EUSDT', NULL, '2020-07-14 08:57:48', '2020-07-14 08:57:48'),
(18, 6, 0, 'EPO', NULL, '2020-07-14 08:57:48', '2020-07-14 08:57:48'),
(19, 6, 0, 'ETI', NULL, '2020-07-14 08:57:48', '2020-07-14 08:57:48'),
(20, 6, 500, 'ETI', NULL, '2020-07-14 09:06:04', '2020-07-14 09:06:04'),
(21, 6, 499, 'ETI', NULL, '2020-07-14 09:07:06', '2020-07-14 09:07:06'),
(22, 6, 498, 'ETI', NULL, '2020-07-14 09:09:40', '2020-07-14 09:09:40'),
(23, 2, 100, 'ETI', NULL, '2020-07-14 16:58:10', '2020-07-14 16:58:10'),
(24, 2, 95, 'ETI', NULL, '2020-07-14 16:59:30', '2020-07-14 16:59:30'),
(25, 2, 88, 'ETI', NULL, '2020-07-14 17:03:25', '2020-07-14 17:03:25'),
(26, 2, 83, 'ETI', NULL, '2020-07-14 17:05:00', '2020-07-14 17:05:00'),
(27, 5, 101, 'ETI', NULL, '2020-07-14 17:19:40', '2020-07-14 17:19:40'),
(28, 5, 69, 'ETI', NULL, '2020-07-14 17:20:02', '2020-07-14 17:20:02'),
(29, 5, 66, 'ETI', NULL, '2020-07-14 17:46:14', '2020-07-14 17:46:14'),
(35, 5, 65, 'ETI', NULL, '2020-07-14 11:16:39', '2020-07-14 11:16:39'),
(36, 5, 64, 'ETI', NULL, '2020-07-14 11:18:39', '2020-07-14 11:18:39'),
(37, 5, 65, 'ETI', NULL, '2020-07-15 10:38:44', '2020-07-15 10:38:44'),
(38, 5, 64, 'ETI', NULL, '2020-07-15 03:51:45', '2020-07-15 03:51:45'),
(39, 5, 63, 'ETI', NULL, '2020-07-15 03:52:24', '2020-07-15 03:52:24'),
(40, 5, 64, 'ETI', NULL, '2020-07-15 03:56:10', '2020-07-15 03:56:10'),
(41, 5, 64, 'ETI', NULL, '2020-07-15 04:05:44', '2020-07-15 04:05:44'),
(42, 5, 63, 'ETI', NULL, '2020-07-15 04:06:02', '2020-07-15 04:06:02'),
(43, 5, 62, 'ETI', NULL, '2020-07-15 04:06:09', '2020-07-15 04:06:09'),
(44, 5, 58, 'ETI', NULL, '2020-07-15 04:06:25', '2020-07-15 04:06:25'),
(45, 5, 62, 'ETI', NULL, '2020-07-15 04:06:54', '2020-07-15 04:06:54'),
(46, 5, 64, 'ETI', NULL, '2020-07-15 04:22:32', '2020-07-15 04:22:32'),
(47, 5, 74, 'ETI', NULL, '2020-07-15 07:19:25', '2020-07-15 07:19:25'),
(48, 7, 1003, 'EUSDT', NULL, '2020-07-15 07:22:31', '2020-07-15 07:22:31'),
(49, 7, 1002, 'EPO', NULL, '2020-07-15 07:22:31', '2020-07-15 07:22:31'),
(50, 7, 100, 'ETI', NULL, '2020-07-15 07:22:31', '2020-07-15 07:22:31'),
(51, 5, 0.13, 'EUSDT', NULL, '2020-07-16 06:59:00', '2020-07-16 06:59:00'),
(52, 5, 1.26, 'EUSDT', NULL, '2020-07-16 06:59:00', '2020-07-16 06:59:00'),
(53, 5, 62, 'ETI', NULL, '2020-07-16 09:21:11', '2020-07-16 09:21:11'),
(54, 5, 59, 'ETI', NULL, '2020-07-16 10:20:09', '2020-07-16 10:20:09'),
(55, 5, 58, 'ETI', NULL, '2020-07-16 10:23:27', '2020-07-16 10:23:27'),
(56, 5, 57, 'ETI', NULL, '2020-07-16 10:57:08', '2020-07-16 10:57:08'),
(57, 5, 56, 'ETI', NULL, '2020-07-16 11:00:34', '2020-07-16 11:00:34'),
(58, 5, 55, 'ETI', NULL, '2020-07-16 11:06:05', '2020-07-16 11:06:05'),
(59, 5, 54, 'ETI', NULL, '2020-07-16 11:07:02', '2020-07-16 11:07:02'),
(60, 5, 53, 'ETI', NULL, '2020-07-16 04:09:00', '2020-07-16 04:09:00'),
(61, 5, 51, 'ETI', NULL, '2020-07-16 07:01:45', '2020-07-16 07:01:45'),
(62, 5, 10.26, 'EUSDT', NULL, '2020-07-16 07:06:16', '2020-07-16 07:06:16'),
(63, 5, 9.26, 'EUSDT', NULL, '2020-07-16 07:13:05', '2020-07-16 07:13:05'),
(64, 5, 51, 'ETI', NULL, '2020-07-16 07:18:57', '2020-07-16 07:18:57'),
(65, 5, 61, 'ETI', NULL, '2020-07-16 07:37:32', '2020-07-16 07:37:32'),
(66, 8, 0, 'EUSDT', NULL, '2020-07-17 00:21:54', '2020-07-17 00:21:54'),
(67, 8, 0, 'EPO', NULL, '2020-07-17 00:21:54', '2020-07-17 00:21:54'),
(68, 8, 0, 'ETI', NULL, '2020-07-17 00:21:54', '2020-07-17 00:21:54'),
(69, 5, 53, 'ETI', NULL, '2020-07-17 01:55:07', '2020-07-17 01:55:07'),
(70, 5, 63, 'ETI', NULL, '2020-07-17 01:56:12', '2020-07-17 01:56:12'),
(71, 9, 0, 'EUSDT', NULL, '2020-07-17 03:14:30', '2020-07-17 03:14:30'),
(72, 9, 0, 'EPO', NULL, '2020-07-17 03:14:30', '2020-07-17 03:14:30'),
(73, 9, 0, 'ETI', NULL, '2020-07-17 03:14:30', '2020-07-17 03:14:30'),
(74, 5, 61, 'ETI', NULL, '2020-07-17 03:16:01', '2020-07-17 03:16:01'),
(75, 10, 0, 'EUSDT', NULL, '2020-07-17 03:25:25', '2020-07-17 03:25:25'),
(76, 10, 0, 'EPO', NULL, '2020-07-17 03:25:25', '2020-07-17 03:25:25'),
(77, 10, 0, 'ETI', NULL, '2020-07-17 03:25:25', '2020-07-17 03:25:25'),
(78, 10, 200, 'EPO', NULL, '2020-07-17 03:25:58', '2020-07-17 03:25:58'),
(79, 11, 0, 'EUSDT', NULL, '2020-07-17 03:30:06', '2020-07-17 03:30:06'),
(80, 11, 0, 'EPO', NULL, '2020-07-17 03:30:06', '2020-07-17 03:30:06'),
(81, 11, 0, 'ETI', NULL, '2020-07-17 03:30:06', '2020-07-17 03:30:06'),
(82, 10, 200, 'ETI', NULL, '2020-07-17 03:48:39', '2020-07-17 03:48:39'),
(83, 10, 186, 'ETI', NULL, '2020-07-17 03:49:05', '2020-07-17 03:49:05'),
(84, 5, 58, 'ETI', NULL, '2020-07-17 04:34:19', '2020-07-17 04:34:19'),
(85, 5, 8.26, 'EUSDT', NULL, '2020-07-17 07:11:55', '2020-07-17 07:11:55'),
(86, 5, 52, 'ETI', NULL, '2020-07-17 09:36:30', '2020-07-17 09:36:30'),
(87, 10, 179, 'ETI', NULL, '2020-07-17 10:05:15', '2020-07-17 10:05:15'),
(88, 10, 179, 'ETI', NULL, '2020-07-17 10:05:19', '2020-07-17 10:05:19'),
(89, 10, 172, 'ETI', NULL, '2020-07-17 10:05:20', '2020-07-17 10:05:20'),
(90, 10, 140, 'ETI', NULL, '2020-07-17 10:16:33', '2020-07-17 10:16:33'),
(91, 12, 0, 'EUSDT', NULL, '2020-07-18 02:59:49', '2020-07-18 02:59:49'),
(92, 12, 0, 'EPO', NULL, '2020-07-18 02:59:49', '2020-07-18 02:59:49'),
(93, 12, 0, 'ETI', NULL, '2020-07-18 02:59:49', '2020-07-18 02:59:49'),
(94, 12, 100, 'EPO', NULL, '2020-07-18 03:00:26', '2020-07-18 03:00:26'),
(95, 5, 51, 'ETI', NULL, '2020-07-20 08:32:10', '2020-07-20 08:32:10'),
(96, 5, 48, 'ETI', NULL, '2020-07-20 08:45:42', '2020-07-20 08:45:42'),
(97, 5, 47, 'ETI', NULL, '2020-07-21 04:41:28', '2020-07-21 04:41:28'),
(98, 4, 1.22, 'ETI', NULL, '2020-07-21 05:02:02', '2020-07-21 05:02:02'),
(99, 4, 2.44, 'ETI', NULL, '2020-07-21 06:12:10', '2020-07-21 06:12:10'),
(100, 7, 93, 'ETI', NULL, '2020-07-22 18:50:46', '2020-07-22 18:50:46'),
(101, 12, 120, 'EPO', NULL, '2020-07-23 11:55:53', '2020-07-23 11:55:53'),
(102, 5, 45, 'ETI', NULL, '2020-07-24 01:50:09', '2020-07-24 01:50:09'),
(103, 13, 0, 'EUSDT', NULL, '2020-07-28 07:12:36', '2020-07-28 07:12:36'),
(104, 13, 0, 'EPO', NULL, '2020-07-28 07:12:36', '2020-07-28 07:12:36'),
(105, 13, 0, 'ETI', NULL, '2020-07-28 07:12:36', '2020-07-28 07:12:36'),
(106, 14, 0, 'EUSDT', NULL, '2020-07-28 07:38:23', '2020-07-28 07:38:23'),
(107, 14, 0, 'EPO', NULL, '2020-07-28 07:38:23', '2020-07-28 07:38:23'),
(108, 14, 0, 'ETI', NULL, '2020-07-28 07:38:23', '2020-07-28 07:38:23'),
(109, 15, 0, 'EUSDT', NULL, '2020-07-29 03:24:17', '2020-07-29 03:24:17'),
(110, 15, 0, 'EPO', NULL, '2020-07-29 03:24:17', '2020-07-29 03:24:17'),
(111, 15, 0, 'ETI', NULL, '2020-07-29 03:24:17', '2020-07-29 03:24:17'),
(112, 16, 0, 'EUSDT', NULL, '2020-07-29 12:11:15', '2020-07-29 12:11:15'),
(113, 16, 0, 'EPO', NULL, '2020-07-29 12:11:15', '2020-07-29 12:11:15'),
(114, 16, 0, 'ETI', NULL, '2020-07-29 12:11:15', '2020-07-29 12:11:15'),
(115, 17, 0, 'EUSDT', NULL, '2020-07-29 16:17:41', '2020-07-29 16:17:41'),
(116, 17, 0, 'EPO', NULL, '2020-07-29 16:17:41', '2020-07-29 16:17:41'),
(117, 17, 0, 'ETI', NULL, '2020-07-29 16:17:41', '2020-07-29 16:17:41'),
(118, 10, 108, 'ETI', NULL, '2020-08-01 11:42:27', '2020-08-01 11:42:27'),
(119, 10, 105, 'ETI', NULL, '2020-08-03 08:41:26', '2020-08-03 08:41:26'),
(120, 2, 51, 'ETI', NULL, '2020-08-03 13:33:17', '2020-08-03 13:33:17'),
(121, 18, 0, 'EUSDT', NULL, '2020-08-05 09:12:25', '2020-08-05 09:12:25'),
(122, 18, 0, 'EPO', NULL, '2020-08-05 09:12:25', '2020-08-05 09:12:25'),
(123, 18, 0, 'ETI', NULL, '2020-08-05 09:12:25', '2020-08-05 09:12:25'),
(124, 19, 0, 'EUSDT', NULL, '2020-08-05 10:44:25', '2020-08-05 10:44:25'),
(125, 19, 0, 'EPO', NULL, '2020-08-05 10:44:25', '2020-08-05 10:44:25'),
(126, 19, 0, 'ETI', NULL, '2020-08-05 10:44:25', '2020-08-05 10:44:25'),
(127, 10, 73, 'ETI', NULL, '2020-08-07 02:45:39', '2020-08-07 02:45:39'),
(128, 20, 0, 'EUSDT', NULL, '2020-08-07 04:19:48', '2020-08-07 04:19:48'),
(129, 20, 0, 'EPO', NULL, '2020-08-07 04:19:48', '2020-08-07 04:19:48'),
(130, 20, 0, 'ETI', NULL, '2020-08-07 04:19:48', '2020-08-07 04:19:48'),
(131, 2, 50, 'ETI', NULL, '2020-08-07 09:43:57', '2020-08-07 09:43:57'),
(132, 10, 9, 'ETI', NULL, '2020-08-10 08:37:38', '2020-08-10 08:37:38'),
(133, 21, 0, 'EUSDT', NULL, '2020-08-11 03:38:30', '2020-08-11 03:38:30'),
(134, 21, 0, 'EPO', NULL, '2020-08-11 03:38:30', '2020-08-11 03:38:30'),
(135, 21, 0, 'ETI', NULL, '2020-08-11 03:38:30', '2020-08-11 03:38:30'),
(136, 2, 49, 'ETI', NULL, '2020-08-12 03:30:00', '2020-08-12 03:30:00'),
(137, 7, 92, 'ETI', NULL, '2020-08-12 03:31:56', '2020-08-12 03:31:56'),
(138, 7, 91, 'ETI', NULL, '2020-08-12 03:32:01', '2020-08-12 03:32:01'),
(139, 2, 48, 'ETI', NULL, '2020-08-19 02:58:57', '2020-08-19 02:58:57'),
(140, 22, 0, 'EUSDT', NULL, '2020-08-19 03:02:12', '2020-08-19 03:02:12'),
(141, 22, 0, 'EPO', NULL, '2020-08-19 03:02:12', '2020-08-19 03:02:12'),
(142, 22, 0, 'ETI', NULL, '2020-08-19 03:02:12', '2020-08-19 03:02:12'),
(143, 2, 148, 'ETI', NULL, '2020-08-19 04:35:40', '2020-08-19 04:35:40'),
(144, 23, 0, 'EUSDT', NULL, '2020-08-24 03:13:30', '2020-08-24 03:13:30'),
(145, 23, 0, 'EPO', NULL, '2020-08-24 03:13:30', '2020-08-24 03:13:30'),
(146, 23, 0, 'ETI', NULL, '2020-08-24 03:13:30', '2020-08-24 03:13:30'),
(147, 24, 0, 'EUSDT', NULL, '2020-08-24 08:55:03', '2020-08-24 08:55:03'),
(148, 24, 0, 'EPO', NULL, '2020-08-24 08:55:03', '2020-08-24 08:55:03'),
(149, 24, 0, 'ETI', NULL, '2020-08-24 08:55:03', '2020-08-24 08:55:03'),
(150, 7, 96, 'ETI', NULL, '2020-08-24 09:23:39', '2020-08-24 09:23:39'),
(151, 7, 101, 'ETI', NULL, '2020-08-25 02:51:07', '2020-08-25 02:51:07'),
(152, 7, 106.1, 'ETI', NULL, '2020-08-25 03:31:12', '2020-08-25 03:31:12'),
(153, 7, 111.59989999999999, 'ETI', NULL, '2020-08-25 03:32:38', '2020-08-25 03:32:38'),
(154, 25, 0, 'EUSDT', NULL, '2020-08-25 03:36:02', '2020-08-25 03:36:02'),
(155, 25, 0, 'EPO', NULL, '2020-08-25 03:36:02', '2020-08-25 03:36:02'),
(156, 25, 0, 'ETI', NULL, '2020-08-25 03:36:02', '2020-08-25 03:36:02'),
(157, 26, 0, 'EUSDT', NULL, '2020-08-25 07:33:18', '2020-08-25 07:33:18'),
(158, 26, 0, 'EPO', NULL, '2020-08-25 07:33:18', '2020-08-25 07:33:18'),
(159, 26, 0, 'ETI', NULL, '2020-08-25 07:33:18', '2020-08-25 07:33:18'),
(160, 7, 110.59989999999999, 'ETI', NULL, '2020-08-25 09:14:53', '2020-08-25 09:14:53'),
(161, 7, 109.59989999999999, 'ETI', NULL, '2020-08-25 09:15:07', '2020-08-25 09:15:07'),
(162, 25, 5, 'ETI', NULL, '2020-08-25 09:29:39', '2020-08-25 09:29:39'),
(163, 25, 4, 'ETI', NULL, '2020-08-25 14:38:11', '2020-08-25 14:38:11'),
(164, 7, 2, 'EPO', NULL, '2020-08-26 09:15:06', '2020-08-26 09:15:06'),
(165, 7, 87.5999, 'ETI', NULL, '2020-08-28 02:57:08', '2020-08-28 02:57:08'),
(166, 25, 3, 'ETI', NULL, '2020-08-28 07:16:27', '2020-08-28 07:16:27'),
(167, 26, 8.63625, 'EUSDT', NULL, '2020-08-28 07:18:08', '2020-08-28 07:18:08'),
(168, 26, 5.181750000000001, 'EPO', NULL, '2020-08-28 07:18:08', '2020-08-28 07:18:08'),
(169, 26, 3.4545000000000003, 'ETI', NULL, '2020-08-28 07:18:08', '2020-08-28 07:18:08'),
(170, 25, 175.725, 'ETI', NULL, '2020-08-28 07:18:08', '2020-08-28 07:18:08'),
(171, 27, 0, 'EUSDT', NULL, '2020-08-28 09:02:19', '2020-08-28 09:02:19'),
(172, 27, 0, 'EPO', NULL, '2020-08-28 09:02:19', '2020-08-28 09:02:19'),
(173, 27, 0, 'ETI', NULL, '2020-08-28 09:02:19', '2020-08-28 09:02:19'),
(174, 25, 174.725, 'ETI', NULL, '2020-08-28 09:03:19', '2020-08-28 09:03:19'),
(175, 26, 9.526125, 'EUSDT', NULL, '2020-08-28 09:03:34', '2020-08-28 09:03:34'),
(176, 26, 5.715675000000001, 'EPO', NULL, '2020-08-28 09:03:34', '2020-08-28 09:03:34'),
(177, 26, 3.8104500000000003, 'ETI', NULL, '2020-08-28 09:03:34', '2020-08-28 09:03:34'),
(178, 27, 0.296625, 'EUSDT', NULL, '2020-08-28 09:03:34', '2020-08-28 09:03:34'),
(179, 27, 0.17797500000000002, 'EPO', NULL, '2020-08-28 09:03:34', '2020-08-28 09:03:34'),
(180, 27, 0.11865000000000002, 'ETI', NULL, '2020-08-28 09:03:34', '2020-08-28 09:03:34'),
(181, 25, 192.52249999999998, 'ETI', NULL, '2020-08-28 09:03:34', '2020-08-28 09:03:34'),
(182, 25, 191.52249999999998, 'ETI', NULL, '2020-08-28 09:27:31', '2020-08-28 09:27:31'),
(183, 26, 47.052375, 'EUSDT', NULL, '2020-08-28 09:28:35', '2020-08-28 09:28:35'),
(184, 26, 28.231424999999998, 'EPO', NULL, '2020-08-28 09:28:35', '2020-08-28 09:28:35'),
(185, 26, 18.82095, 'ETI', NULL, '2020-08-28 09:28:35', '2020-08-28 09:28:35'),
(186, 27, 30000, 'EUSDT', NULL, '2020-08-28 09:28:35', '2020-08-28 09:28:35'),
(187, 27, 7.683225, 'EPO', NULL, '2020-08-28 09:28:35', '2020-08-28 09:28:35'),
(188, 27, 5.1221499999999995, 'ETI', NULL, '2020-08-28 09:28:35', '2020-08-28 09:28:35'),
(189, 25, 942.0474999999999, 'ETI', NULL, '2020-08-28 09:28:35', '2020-08-28 09:28:35'),
(190, 25, 941.0474999999999, 'ETI', NULL, '2020-08-28 09:58:03', '2020-08-28 09:58:03'),
(191, 25, 1016.6249999999999, 'ETI', NULL, '2020-08-28 09:58:16', '2020-08-28 09:58:16'),
(192, 25, 1015.6249999999999, 'ETI', NULL, '2020-08-31 10:08:41', '2020-08-31 10:08:41'),
(193, 25, 1023.7077499999999, 'ETI', NULL, '2020-08-31 10:09:17', '2020-08-31 10:09:17'),
(194, 26, 17.82095, 'ETI', NULL, '2020-09-07 06:47:56', '2020-09-07 06:47:56'),
(195, 26, 48.38565, 'EUSDT', NULL, '2020-09-07 06:48:29', '2020-09-07 06:48:29'),
(196, 27, 4.1221499999999995, 'ETI', NULL, '2020-09-14 03:53:53', '2020-09-14 03:53:53'),
(197, 27, 3.1221499999999995, 'ETI', NULL, '2020-09-14 07:20:55', '2020-09-14 07:20:55'),
(198, 27, 29993, 'EUSDT', NULL, '2020-09-14 07:21:15', '2020-09-14 07:21:15'),
(199, 27, 29992, 'EUSDT', NULL, '2020-09-14 07:21:26', '2020-09-14 07:21:26'),
(200, 27, 28936, 'EUSDT', NULL, '2020-09-14 07:22:19', '2020-09-14 07:22:19'),
(201, 7, 86.5999, 'ETI', NULL, '2020-09-15 08:49:14', '2020-09-15 08:49:14'),
(202, 7, 79.5999, 'ETI', NULL, '2020-09-15 08:49:28', '2020-09-15 08:49:28'),
(203, 7, 0.0099, 'ETI', NULL, '2020-09-15 09:03:52', '2020-09-15 09:03:52'),
(204, 7, 1002, 'EUSDT', NULL, '2020-09-15 09:29:38', '2020-09-15 09:29:38'),
(205, 7, 991, 'EUSDT', NULL, '2020-09-15 09:29:56', '2020-09-15 09:29:56'),
(206, 7, 100002, 'EUSDT', NULL, '2020-09-15 09:30:06', '2020-09-15 09:30:06'),
(207, 7, 99902, 'EUSDT', NULL, '2020-09-15 09:30:45', '2020-09-15 09:30:45'),
(208, 7, 99803, 'EUSDT', NULL, '2020-09-15 09:32:06', '2020-09-15 09:32:06'),
(209, 7, 0, 'EUSDT', NULL, '2020-09-15 09:35:05', '2020-09-15 09:35:05');

-- --------------------------------------------------------

--
-- Table structure for table `credit_activities`
--

CREATE TABLE `credit_activities` (
  `id` bigint(20) UNSIGNED NOT NULL,
  `uid` bigint(20) UNSIGNED NOT NULL,
  `credit_id` bigint(20) UNSIGNED NOT NULL,
  `value` double NOT NULL DEFAULT '0',
  `type` varchar(191) CHARACTER SET utf8mb4 COLLATE utf8mb4_unicode_ci NOT NULL,
  `reason` text CHARACTER SET utf8mb4 COLLATE utf8mb4_unicode_ci NOT NULL,
  `old_value` double NOT NULL,
  `note` text CHARACTER SET utf8mb4 COLLATE utf8mb4_unicode_ci NOT NULL,
  `deleted_at` timestamp NULL DEFAULT NULL,
  `created_at` timestamp NULL DEFAULT NULL,
  `updated_at` timestamp NULL DEFAULT NULL
) ENGINE=InnoDB DEFAULT CHARSET=utf8mb4 COLLATE=utf8mb4_unicode_ci;

--
-- Dumping data for table `credit_activities`
--

INSERT INTO `credit_activities` (`id`, `uid`, `credit_id`, `value`, `type`, `reason`, `old_value`, `note`, `deleted_at`, `created_at`, `updated_at`) VALUES
(1, 5, 13, 5, 'plus', '{\"type\":\"deposit\",\"data\":{\"refId\":\"C8425DF5-4D50-4D65-8F2F-E91D727784A5\",\"userSsoId\":\"479719875\",\"hash\":\"ZWxlZ2VuZA==.Q4dK28fDnvAR7n5kptnJfb77359573480db2e63d2ccfeb23cb626b1111c0ec1aacfa3656bef78856a72d\",\"amount\":5,\"currency\":\"ETI\",\"sign\":\"sign\",\"fromAddress\":\"0xbba04cfb3e7cedc6cdf377f848f4ff79ba50edf3\",\"toAddress\":\"0x1ee59e86f7ba5f05d32068656fa74f7d8e286a35\",\"RefId\":\"C8425DF5-4D50-4D65-8F2F-E91D727784A5\",\"UserSsoId\":\"479719875\",\"Hash\":\"ZWxlZ2VuZA==.Q4dK28fDnvAR7n5kptnJfb77359573480db2e63d2ccfeb23cb626b1111c0ec1aacfa3656bef78856a72d\",\"Amount\":5,\"Currency\":\"ETI\",\"Sign\":\"sign\",\"FromAddress\":\"0xbba04cfb3e7cedc6cdf377f848f4ff79ba50edf3\",\"ToAddress\":\"0x1ee59e86f7ba5f05d32068656fa74f7d8e286a35\",\"Nonce\":\"\",\"Time\":\"\"}}', 0, 'deposit success', NULL, '2020-07-14 01:50:30', '2020-07-14 01:50:30'),
(2, 5, 14, 1, 'minus', 'buy ticket booking:{1}', 5, 'buy ticket booking:{1}', NULL, '2020-07-14 01:50:46', '2020-07-14 01:50:46'),
(3, 5, 15, 3, 'minus', 'buy ticket booking:{2}', 4, 'buy ticket booking:{2}', NULL, '2020-07-14 01:51:20', '2020-07-14 01:51:20'),
(5, 6, 20, 500, 'plus', '{\"type\":\"deposit\",\"data\":{\"refId\":\"759C41A4-6137-421A-A9BC-6748E02882E2\",\"userSsoId\":\"349908168\",\"hash\":\"ZWxlZ2VuZA==.sBq404KEeYR4WgrsUSbtc08d78b0597f19d3b4c3420e0ec4f6de14b04e22aedc8795426948d5183db1c2\",\"amount\":500,\"currency\":\"ETI\",\"sign\":\"sign\",\"fromAddress\":\"0xb87a7a62d2e7ed0684d157be6b9b5b55670a38fb\",\"toAddress\":\"0x1ee59e86f7ba5f05d32068656fa74f7d8e286a35\",\"RefId\":\"759C41A4-6137-421A-A9BC-6748E02882E2\",\"UserSsoId\":\"349908168\",\"Hash\":\"ZWxlZ2VuZA==.sBq404KEeYR4WgrsUSbtc08d78b0597f19d3b4c3420e0ec4f6de14b04e22aedc8795426948d5183db1c2\",\"Amount\":500,\"Currency\":\"ETI\",\"Sign\":\"sign\",\"FromAddress\":\"0xb87a7a62d2e7ed0684d157be6b9b5b55670a38fb\",\"ToAddress\":\"0x1ee59e86f7ba5f05d32068656fa74f7d8e286a35\",\"Nonce\":\"\",\"Time\":\"\"}}', 0, 'deposit success', NULL, '2020-07-14 09:06:04', '2020-07-14 09:06:04'),
(6, 6, 21, 1, 'minus', 'buy ticket booking:{3}', 500, 'buy ticket booking:{3}', NULL, '2020-07-14 09:07:06', '2020-07-14 09:07:06'),
(7, 6, 22, 1, 'minus', 'buy ticket booking:{4}', 499, 'buy ticket booking:{4}', NULL, '2020-07-14 09:09:40', '2020-07-14 09:09:40'),
(8, 2, 23, 100, 'plus', '{\"type\":\"deposit\",\"data\":{\"refId\":\"35925A48-9CF3-45C7-B96C-E4A4AB19B12B\",\"userSsoId\":\"226001966\",\"hash\":\"ZWxlZ2VuZA==.lZ1JhzzYqIivlHvXkwVN8c9088b5307fcbc10e064b88bb3186ea0946cabb314d4816e6723cd1d80ee7bc\",\"amount\":100,\"currency\":\"ETI\",\"sign\":\"sign\",\"fromAddress\":\"0x3553db8e2bbb4b9a8fb07090056e9473724a01d2\",\"toAddress\":\"0x1ee59e86f7ba5f05d32068656fa74f7d8e286a35\",\"RefId\":\"35925A48-9CF3-45C7-B96C-E4A4AB19B12B\",\"UserSsoId\":\"226001966\",\"Hash\":\"ZWxlZ2VuZA==.lZ1JhzzYqIivlHvXkwVN8c9088b5307fcbc10e064b88bb3186ea0946cabb314d4816e6723cd1d80ee7bc\",\"Amount\":100,\"Currency\":\"ETI\",\"Sign\":\"sign\",\"FromAddress\":\"0x3553db8e2bbb4b9a8fb07090056e9473724a01d2\",\"ToAddress\":\"0x1ee59e86f7ba5f05d32068656fa74f7d8e286a35\",\"Nonce\":\"\",\"Time\":\"\"}}', 0, 'deposit success', NULL, '2020-07-14 16:58:10', '2020-07-14 16:58:10'),
(9, 2, 24, 5, 'minus', 'buy ticket booking:{5}', 100, 'buy ticket booking:{5}', NULL, '2020-07-14 16:59:30', '2020-07-14 16:59:30'),
(10, 2, 25, 7, 'minus', 'buy ticket booking:{6}', 95, 'buy ticket booking:{6}', NULL, '2020-07-14 17:03:25', '2020-07-14 17:03:25'),
(11, 2, 26, 5, 'minus', 'buy ticket booking:{7}', 88, 'buy ticket booking:{7}', NULL, '2020-07-14 17:05:00', '2020-07-14 17:05:00'),
(12, 5, 27, 100, 'plus', '{\"type\":\"deposit\",\"data\":{\"refId\":\"6AF9C48A-0BFD-4452-B42E-DD73E5B10759\",\"userSsoId\":\"479719875\",\"hash\":\"ZWxlZ2VuZA==.Lev2NuvwU72W9gOZsvY8ee301e828ff800b310b52d617a05bd69b812aeff316cf04328dfdef888f27f9c\",\"amount\":100,\"currency\":\"ETI\",\"sign\":\"sign\",\"fromAddress\":\"0xbba04cfb3e7cedc6cdf377f848f4ff79ba50edf3\",\"toAddress\":\"0x1ee59e86f7ba5f05d32068656fa74f7d8e286a35\",\"RefId\":\"6AF9C48A-0BFD-4452-B42E-DD73E5B10759\",\"UserSsoId\":\"479719875\",\"Hash\":\"ZWxlZ2VuZA==.Lev2NuvwU72W9gOZsvY8ee301e828ff800b310b52d617a05bd69b812aeff316cf04328dfdef888f27f9c\",\"Amount\":100,\"Currency\":\"ETI\",\"Sign\":\"sign\",\"FromAddress\":\"0xbba04cfb3e7cedc6cdf377f848f4ff79ba50edf3\",\"ToAddress\":\"0x1ee59e86f7ba5f05d32068656fa74f7d8e286a35\",\"Nonce\":\"\",\"Time\":\"\"}}', 1, 'deposit success', NULL, '2020-07-14 17:19:40', '2020-07-14 17:19:40'),
(13, 5, 28, 32, 'minus', 'buy ticket booking:{8}', 101, 'buy ticket booking:{8}', NULL, '2020-07-14 17:20:02', '2020-07-14 17:20:02'),
(14, 5, 29, 3, 'minus', 'buy ticket booking:{9}', 69, 'buy ticket booking:{9}', NULL, '2020-07-14 17:46:14', '2020-07-14 17:46:14'),
(20, 5, 35, 1, 'minus', 'buy ticket booking:{15}', 66, 'buy ticket booking:{15}', NULL, '2020-07-14 11:16:39', '2020-07-14 11:16:39'),
(21, 5, 36, 2, 'minus', 'buy ticket booking:{16}', 66, 'buy ticket booking:{16}', NULL, '2020-07-14 11:18:39', '2020-07-14 11:18:39'),
(22, 5, 37, 1, 'minus', 'buy ticket booking:{17}', 66, 'buy ticket booking:{17}', NULL, '2020-07-15 10:38:44', '2020-07-15 10:38:44'),
(23, 5, 38, 1, 'minus', 'buy ticket booking:{18}', 65, 'buy ticket booking:{18}', NULL, '2020-07-15 03:51:45', '2020-07-15 03:51:45'),
(24, 5, 39, 2, 'minus', 'buy ticket booking:{19}', 65, 'buy ticket booking:{19}', NULL, '2020-07-15 03:52:24', '2020-07-15 03:52:24'),
(25, 5, 40, 1, 'minus', 'buy ticket booking:{20}', 65, 'buy ticket booking:{20}', NULL, '2020-07-15 03:56:10', '2020-07-15 03:56:10'),
(26, 5, 41, 1, 'minus', 'buy ticket booking:{21}', 65, 'buy ticket booking:{21}', NULL, '2020-07-15 04:05:44', '2020-07-15 04:05:44'),
(27, 5, 42, 2, 'minus', 'buy ticket booking:{22}', 65, 'buy ticket booking:{22}', NULL, '2020-07-15 04:06:02', '2020-07-15 04:06:02'),
(28, 5, 43, 3, 'minus', 'buy ticket booking:{23}', 65, 'buy ticket booking:{23}', NULL, '2020-07-15 04:06:09', '2020-07-15 04:06:09'),
(29, 5, 44, 7, 'minus', 'buy ticket booking:{24}', 65, 'buy ticket booking:{24}', NULL, '2020-07-15 04:06:25', '2020-07-15 04:06:25'),
(30, 5, 45, 3, 'minus', 'buy ticket booking:{25}', 65, 'buy ticket booking:{25}', NULL, '2020-07-15 04:06:54', '2020-07-15 04:06:54'),
(31, 5, 46, 1, 'minus', 'buy ticket booking:{26}', 65, 'buy ticket booking:{26}', NULL, '2020-07-15 04:22:32', '2020-07-15 04:22:32'),
(32, 5, 47, 10, 'plus', '{\"type\":\"deposit\",\"data\":{\"refId\":\"82721FA6-E992-4998-BB2B-43825136DDEC\",\"userSsoId\":\"479719875\",\"hash\":\"ZWxlZ2VuZA==.ujeHLH7T5Xn9Afnkzo9a9d65354243deda8548454e37e18fb79fc7da64f42825a93d0f91063473eb770f\",\"amount\":10,\"currency\":\"ETI\",\"sign\":\"sign\",\"fromAddress\":\"0xbba04cfb3e7cedc6cdf377f848f4ff79ba50edf3\",\"toAddress\":\"0x1ee59e86f7ba5f05d32068656fa74f7d8e286a35\",\"RefId\":\"82721FA6-E992-4998-BB2B-43825136DDEC\",\"UserSsoId\":\"479719875\",\"Hash\":\"ZWxlZ2VuZA==.ujeHLH7T5Xn9Afnkzo9a9d65354243deda8548454e37e18fb79fc7da64f42825a93d0f91063473eb770f\",\"Amount\":10,\"Currency\":\"ETI\",\"Sign\":\"sign\",\"FromAddress\":\"0xbba04cfb3e7cedc6cdf377f848f4ff79ba50edf3\",\"ToAddress\":\"0x1ee59e86f7ba5f05d32068656fa74f7d8e286a35\",\"Nonce\":\"\",\"Time\":\"\"}}', 64, 'deposit success', NULL, '2020-07-15 07:19:25', '2020-07-15 07:19:25'),
(33, 5, 51, 0.13, 'plus', '[0.13,\"EUSDT\",\"reward winner 5x36, prize: 2 {479719875}\",5]', 0, 'reward winner 5x36, prize: 2 {479719875}', NULL, '2020-07-16 06:59:00', '2020-07-16 06:59:00'),
(34, 5, 52, 0.13, 'plus', '[0.13,\"EUSDT\",\"reward winner 5x36, prize: 2 {479719875}\",5]', 0.13, 'reward winner 5x36, prize: 2 {479719875}', NULL, '2020-07-16 06:59:00', '2020-07-16 06:59:00'),
(35, 5, 53, 3, 'minus', 'buy ticket booking:{27}', 65, 'buy ticket booking:{27}', NULL, '2020-07-16 09:21:11', '2020-07-16 09:21:11'),
(36, 5, 54, 3, 'minus', 'buy ticket booking:{28}', 62, 'buy ticket booking:{28}', NULL, '2020-07-16 10:20:09', '2020-07-16 10:20:09'),
(37, 5, 55, 1, 'minus', 'buy ticket booking:{29}', 59, 'buy ticket booking:{29}', NULL, '2020-07-16 10:23:27', '2020-07-16 10:23:27'),
(38, 5, 56, 1, 'minus', 'buy ticket booking:{30}', 58, 'buy ticket booking:{30}', NULL, '2020-07-16 10:57:08', '2020-07-16 10:57:08'),
(39, 5, 57, 1, 'minus', 'buy ticket booking:{31}', 57, 'buy ticket booking:{31}', NULL, '2020-07-16 11:00:34', '2020-07-16 11:00:34'),
(40, 5, 58, 1, 'minus', 'buy ticket booking:{33}', 56, 'buy ticket booking:{33}', NULL, '2020-07-16 11:06:05', '2020-07-16 11:06:05'),
(41, 5, 59, 1, 'minus', 'buy ticket booking:{34}', 55, 'buy ticket booking:{34}', NULL, '2020-07-16 11:07:02', '2020-07-16 11:07:02'),
(42, 5, 60, 1, 'minus', 'buy ticket booking:{35}', 54, 'buy ticket booking:{35}', NULL, '2020-07-16 04:09:00', '2020-07-16 04:09:00'),
(43, 5, 61, 3, 'minus', 'buy ticket booking:{36}', 54, 'buy ticket booking:{36}', NULL, '2020-07-16 07:01:45', '2020-07-16 07:01:45'),
(44, 5, 62, 1, 'minus', 'Withdraw request:1', 1.26, '', NULL, '2020-07-16 07:06:16', '2020-07-16 07:06:16'),
(45, 5, 63, 1, 'minus', 'Withdraw request:2', 10.26, '', NULL, '2020-07-16 07:13:05', '2020-07-16 07:13:05'),
(46, 5, 64, 3, 'minus', 'buy ticket booking:{37}', 54, 'buy ticket booking:{37}', NULL, '2020-07-16 07:18:57', '2020-07-16 07:18:57'),
(47, 5, 65, 10, 'plus', '{\"type\":\"deposit\",\"data\":{\"refId\":\"558BFC47-1369-48A9-9957-3ACCC9E4A1B0\",\"userSsoId\":\"479719875\",\"hash\":\"ZWxlZ2VuZA==.f1FFUaDGWKn7I3foxdHk77ad1e88a737dccbf1600aa08a8f80a0dee46bc80bcd34791705fc852f3cf435\",\"amount\":10,\"currency\":\"ETI\",\"sign\":\"sign\",\"fromAddress\":\"0xbba04cfb3e7cedc6cdf377f848f4ff79ba50edf3\",\"toAddress\":\"0x1ee59e86f7ba5f05d32068656fa74f7d8e286a35\",\"RefId\":\"558BFC47-1369-48A9-9957-3ACCC9E4A1B0\",\"UserSsoId\":\"479719875\",\"Hash\":\"ZWxlZ2VuZA==.f1FFUaDGWKn7I3foxdHk77ad1e88a737dccbf1600aa08a8f80a0dee46bc80bcd34791705fc852f3cf435\",\"Amount\":10,\"Currency\":\"ETI\",\"Sign\":\"sign\",\"FromAddress\":\"0xbba04cfb3e7cedc6cdf377f848f4ff79ba50edf3\",\"ToAddress\":\"0x1ee59e86f7ba5f05d32068656fa74f7d8e286a35\",\"Nonce\":\"\",\"Time\":\"\"}}', 51, 'deposit success', NULL, '2020-07-16 07:37:32', '2020-07-16 07:37:32'),
(48, 5, 69, 1, 'minus', 'buy ticket booking:{38}', 54, 'buy ticket booking:{38}', NULL, '2020-07-17 01:55:07', '2020-07-17 01:55:07'),
(49, 5, 70, 10, 'plus', '{\"type\":\"deposit\",\"data\":{\"refId\":\"DAFC5F1E-6099-47A7-BE6A-6CEC539A86A5\",\"userSsoId\":\"479719875\",\"hash\":\"ZWxlZ2VuZA==.Vztrm6PK2aFDd061DWC302f5f2c85b637a98e93cca9bd4e57b29976270c4d9ac13c26f0700a242ee5864\",\"amount\":10,\"currency\":\"ETI\",\"sign\":\"sign\",\"fromAddress\":\"0xbba04cfb3e7cedc6cdf377f848f4ff79ba50edf3\",\"toAddress\":\"0x1ee59e86f7ba5f05d32068656fa74f7d8e286a35\",\"RefId\":\"DAFC5F1E-6099-47A7-BE6A-6CEC539A86A5\",\"UserSsoId\":\"479719875\",\"Hash\":\"ZWxlZ2VuZA==.Vztrm6PK2aFDd061DWC302f5f2c85b637a98e93cca9bd4e57b29976270c4d9ac13c26f0700a242ee5864\",\"Amount\":10,\"Currency\":\"ETI\",\"Sign\":\"sign\",\"FromAddress\":\"0xbba04cfb3e7cedc6cdf377f848f4ff79ba50edf3\",\"ToAddress\":\"0x1ee59e86f7ba5f05d32068656fa74f7d8e286a35\",\"Nonce\":\"\",\"Time\":\"\"}}', 53, 'deposit success', NULL, '2020-07-17 01:56:12', '2020-07-17 01:56:12'),
(50, 5, 74, 2, 'minus', 'buy ticket booking:{39}', 63, 'buy ticket booking:{39}', NULL, '2020-07-17 03:16:01', '2020-07-17 03:16:01'),
(51, 10, 78, 200, 'plus', '{\"type\":\"deposit\",\"data\":{\"refId\":\"0DFE869E-CC1B-41D9-B1B6-D006C2D62C19\",\"userSsoId\":\"125952738\",\"hash\":\"ZWxlZ2VuZA==.cWxugz7PDfUZPZwmdCo2c3467a41ceda68d5a2ed247b9979f0c637b4fa3a14e3b2ea4a0540a927d18c88\",\"amount\":200,\"currency\":\"EPO\",\"sign\":\"sign\",\"fromAddress\":\"0x5b70ea54141cd5062c6dd154ca766e4085e613ec\",\"toAddress\":\"0xeed2bc51f567f7c6543223dd6a5db274b72b3231\",\"RefId\":\"0DFE869E-CC1B-41D9-B1B6-D006C2D62C19\",\"UserSsoId\":\"125952738\",\"Hash\":\"ZWxlZ2VuZA==.cWxugz7PDfUZPZwmdCo2c3467a41ceda68d5a2ed247b9979f0c637b4fa3a14e3b2ea4a0540a927d18c88\",\"Amount\":200,\"Currency\":\"EPO\",\"Sign\":\"sign\",\"FromAddress\":\"0x5b70ea54141cd5062c6dd154ca766e4085e613ec\",\"ToAddress\":\"0xeed2bc51f567f7c6543223dd6a5db274b72b3231\",\"Nonce\":\"\",\"Time\":\"\"}}', 0, 'deposit success', NULL, '2020-07-17 03:25:58', '2020-07-17 03:25:58'),
(52, 10, 82, 200, 'plus', '{\"type\":\"deposit\",\"data\":{\"refId\":\"F20743A2-4AB8-4949-AD90-8C9D2FC46823\",\"userSsoId\":\"125952738\",\"hash\":\"ZWxlZ2VuZA==.GU817qNtnisgpoxml7JY4547d67e867d4d8e32dde13aff7f1fcdfb5cf08d725f992d206fb8add9b6cd50\",\"amount\":200,\"currency\":\"ETI\",\"sign\":\"sign\",\"fromAddress\":\"0x9812fc1cb102255787ae3ff9fe61036fb63f1e03\",\"toAddress\":\"0x1ee59e86f7ba5f05d32068656fa74f7d8e286a35\",\"RefId\":\"F20743A2-4AB8-4949-AD90-8C9D2FC46823\",\"UserSsoId\":\"125952738\",\"Hash\":\"ZWxlZ2VuZA==.GU817qNtnisgpoxml7JY4547d67e867d4d8e32dde13aff7f1fcdfb5cf08d725f992d206fb8add9b6cd50\",\"Amount\":200,\"Currency\":\"ETI\",\"Sign\":\"sign\",\"FromAddress\":\"0x9812fc1cb102255787ae3ff9fe61036fb63f1e03\",\"ToAddress\":\"0x1ee59e86f7ba5f05d32068656fa74f7d8e286a35\",\"Nonce\":\"\",\"Time\":\"\"}}', 0, 'deposit success', NULL, '2020-07-17 03:48:39', '2020-07-17 03:48:39'),
(53, 10, 83, 14, 'minus', 'buy ticket booking:{40}', 200, 'buy ticket booking:{40}', NULL, '2020-07-17 03:49:05', '2020-07-17 03:49:05'),
(54, 5, 84, 3, 'minus', 'buy ticket booking:{41}', 61, 'buy ticket booking:{41}', NULL, '2020-07-17 04:34:19', '2020-07-17 04:34:19'),
(55, 5, 85, 1, 'minus', 'Withdraw request:3', 9.26, '', NULL, '2020-07-17 07:11:55', '2020-07-17 07:11:55'),
(56, 5, 86, 6, 'minus', 'buy ticket booking:{42}', 58, 'buy ticket booking:{42}', NULL, '2020-07-17 09:36:30', '2020-07-17 09:36:30'),
(57, 10, 87, 7, 'minus', 'buy ticket booking:{43}', 186, 'buy ticket booking:{43}', NULL, '2020-07-17 10:05:15', '2020-07-17 10:05:15'),
(58, 10, 88, 7, 'minus', 'buy ticket booking:{44}', 186, 'buy ticket booking:{44}', NULL, '2020-07-17 10:05:19', '2020-07-17 10:05:19'),
(59, 10, 89, 7, 'minus', 'buy ticket booking:{45}', 179, 'buy ticket booking:{45}', NULL, '2020-07-17 10:05:20', '2020-07-17 10:05:20'),
(60, 10, 90, 32, 'minus', 'buy ticket booking:{46}', 172, 'buy ticket booking:{46}', NULL, '2020-07-17 10:16:33', '2020-07-17 10:16:33'),
(61, 12, 94, 100, 'plus', '{\"type\":\"deposit\",\"data\":{\"refId\":\"0ACB6BF5-187E-458B-951D-FBA4D5C328EC\",\"userSsoId\":\"944907295\",\"hash\":\"ZWxlZ2VuZA==.lq9w2By1sYJ2MqBBZJvz6d4d386fadc3423fdba43875423286d1c170aa50a3db6f40d2b92415abf173e4\",\"amount\":100,\"currency\":\"EPO\",\"sign\":\"sign\",\"fromAddress\":\"0x4d78d629384387dc0a24b5f6bfd0de485f13327a\",\"toAddress\":\"0xeed2bc51f567f7c6543223dd6a5db274b72b3231\",\"RefId\":\"0ACB6BF5-187E-458B-951D-FBA4D5C328EC\",\"UserSsoId\":\"944907295\",\"Hash\":\"ZWxlZ2VuZA==.lq9w2By1sYJ2MqBBZJvz6d4d386fadc3423fdba43875423286d1c170aa50a3db6f40d2b92415abf173e4\",\"Amount\":100,\"Currency\":\"EPO\",\"Sign\":\"sign\",\"FromAddress\":\"0x4d78d629384387dc0a24b5f6bfd0de485f13327a\",\"ToAddress\":\"0xeed2bc51f567f7c6543223dd6a5db274b72b3231\",\"Nonce\":\"\",\"Time\":\"\"}}', 0, 'deposit success', NULL, '2020-07-18 03:00:26', '2020-07-18 03:00:26'),
(62, 5, 95, 1, 'minus', 'buy ticket booking:{47}', 52, 'buy ticket booking:{47}', NULL, '2020-07-20 08:32:10', '2020-07-20 08:32:10'),
(63, 5, 96, 3, 'minus', 'buy ticket booking:{48}', 51, 'buy ticket booking:{48}', NULL, '2020-07-20 08:45:42', '2020-07-20 08:45:42'),
(64, 5, 97, 1, 'minus', 'buy ticket booking:{49}', 48, 'buy ticket booking:{49}', NULL, '2020-07-21 04:41:28', '2020-07-21 04:41:28'),
(65, 4, 98, 1.22, 'plus', '{\"type\":\"deposit\",\"data\":{\"refId\":\"FE84E90B-3DDA-4653-B38A-B0007684112A\",\"userSsoId\":\"412570888\",\"hash\":\"ZWxlZ2VuZA==.xTBBMRmDVgdyq84a4mgS0e5fa6d4421bc305e20b5965d09f4195e0153e0b3fb3d6bc8e62dd82e22f23f3\",\"amount\":1.22,\"currency\":\"ETI\",\"sign\":\"sign\",\"fromAddress\":\"0xb788e95dc7218483626a656f01288f511eb234f4\",\"toAddress\":\"0x1ee59e86f7ba5f05d32068656fa74f7d8e286a35\",\"RefId\":\"FE84E90B-3DDA-4653-B38A-B0007684112A\",\"UserSsoId\":\"412570888\",\"Hash\":\"ZWxlZ2VuZA==.xTBBMRmDVgdyq84a4mgS0e5fa6d4421bc305e20b5965d09f4195e0153e0b3fb3d6bc8e62dd82e22f23f3\",\"Amount\":1.22,\"Currency\":\"ETI\",\"Sign\":\"sign\",\"FromAddress\":\"0xb788e95dc7218483626a656f01288f511eb234f4\",\"ToAddress\":\"0x1ee59e86f7ba5f05d32068656fa74f7d8e286a35\",\"Nonce\":\"\",\"Time\":\"\"}}', 0, 'deposit success', NULL, '2020-07-21 05:02:02', '2020-07-21 05:02:02'),
(66, 4, 99, 1.22, 'plus', '{\"type\":\"deposit\",\"data\":{\"refId\":\"832DEF42-4B7D-4B46-85C2-9413A58C282B\",\"userSsoId\":\"412570888\",\"hash\":\"ZWxlZ2VuZA==.RDOVL0YfkeapmVTUeJeW63fcc450ed69f9c80c2fbf3aa39c702388f528814c481ae9af8aafa67584e857\",\"amount\":1.22,\"currency\":\"ETI\",\"sign\":\"sign\",\"fromAddress\":\"0xb788e95dc7218483626a656f01288f511eb234f4\",\"toAddress\":\"0x1ee59e86f7ba5f05d32068656fa74f7d8e286a35\",\"RefId\":\"832DEF42-4B7D-4B46-85C2-9413A58C282B\",\"UserSsoId\":\"412570888\",\"Hash\":\"ZWxlZ2VuZA==.RDOVL0YfkeapmVTUeJeW63fcc450ed69f9c80c2fbf3aa39c702388f528814c481ae9af8aafa67584e857\",\"Amount\":1.22,\"Currency\":\"ETI\",\"Sign\":\"sign\",\"FromAddress\":\"0xb788e95dc7218483626a656f01288f511eb234f4\",\"ToAddress\":\"0x1ee59e86f7ba5f05d32068656fa74f7d8e286a35\",\"Nonce\":\"\",\"Time\":\"\"}}', 1.22, 'deposit success', NULL, '2020-07-21 06:12:10', '2020-07-21 06:12:10'),
(67, 7, 100, 7, 'minus', 'buy ticket booking:{50}', 100, 'buy ticket booking:{50}', NULL, '2020-07-22 18:50:46', '2020-07-22 18:50:46'),
(68, 12, 101, 20, 'plus', '{\"type\":\"deposit\",\"data\":{\"refId\":\"9B3AEF2D-EF33-4C6A-9580-93D894F6B564\",\"userSsoId\":\"944907295\",\"hash\":\"ZWxlZ2VuZA==.s6nmUUc5QWeqDWKG3nzbacda79941dd392f2f3bf354b96538c4147e29b09c089e1e1dcdbe466afecf757\",\"amount\":20,\"currency\":\"EPO\",\"sign\":\"sign\",\"fromAddress\":\"0x4d78d629384387dc0a24b5f6bfd0de485f13327a\",\"toAddress\":\"0xeed2bc51f567f7c6543223dd6a5db274b72b3231\",\"RefId\":\"9B3AEF2D-EF33-4C6A-9580-93D894F6B564\",\"UserSsoId\":\"944907295\",\"Hash\":\"ZWxlZ2VuZA==.s6nmUUc5QWeqDWKG3nzbacda79941dd392f2f3bf354b96538c4147e29b09c089e1e1dcdbe466afecf757\",\"Amount\":20,\"Currency\":\"EPO\",\"Sign\":\"sign\",\"FromAddress\":\"0x4d78d629384387dc0a24b5f6bfd0de485f13327a\",\"ToAddress\":\"0xeed2bc51f567f7c6543223dd6a5db274b72b3231\",\"Nonce\":\"\",\"Time\":\"\"}}', 100, 'deposit success', NULL, '2020-07-23 11:55:53', '2020-07-23 11:55:53'),
(69, 5, 102, 2, 'minus', 'buy ticket booking:{51}', 47, 'buy ticket booking:{51}', NULL, '2020-07-24 01:50:09', '2020-07-24 01:50:09'),
(70, 10, 118, 32, 'minus', 'buy ticket booking:{52}', 140, 'buy ticket booking:{52}', NULL, '2020-08-01 11:42:27', '2020-08-01 11:42:27'),
(71, 10, 119, 3, 'minus', 'buy ticket booking:{53}', 108, 'buy ticket booking:{53}', NULL, '2020-08-03 08:41:26', '2020-08-03 08:41:26'),
(72, 2, 120, 32, 'minus', 'buy ticket booking:{54}', 83, 'buy ticket booking:{54}', NULL, '2020-08-03 13:33:17', '2020-08-03 13:33:17'),
(73, 10, 127, 32, 'minus', 'buy ticket booking:{55}', 105, 'buy ticket booking:{55}', NULL, '2020-08-07 02:45:39', '2020-08-07 02:45:39'),
(74, 2, 131, 1, 'minus', 'buy ticket booking:{56}', 51, 'buy ticket booking:{56}', NULL, '2020-08-07 09:43:57', '2020-08-07 09:43:57'),
(75, 10, 132, 64, 'minus', 'buy ticket booking:{57}', 73, 'buy ticket booking:{57}', NULL, '2020-08-10 08:37:38', '2020-08-10 08:37:38'),
(76, 2, 136, 1, 'minus', 'buy ticket booking:{58}', 50, 'buy ticket booking:{58}', NULL, '2020-08-12 03:30:00', '2020-08-12 03:30:00'),
(77, 7, 137, 1, 'minus', 'buy ticket booking:{59}', 93, 'buy ticket booking:{59}', NULL, '2020-08-12 03:31:56', '2020-08-12 03:31:56'),
(78, 7, 138, 1, 'minus', 'buy ticket booking:{60}', 92, 'buy ticket booking:{60}', NULL, '2020-08-12 03:32:01', '2020-08-12 03:32:01'),
(79, 2, 139, 1, 'minus', 'buy ticket booking:{61}', 49, 'buy ticket booking:{61}', NULL, '2020-08-19 02:58:57', '2020-08-19 02:58:57'),
(80, 2, 143, 100, 'plus', '{\"type\":\"deposit\",\"data\":{\"refId\":\"B57921D4-1BA6-43E6-9B1B-0735B77E1E5F\",\"userSsoId\":\"226001966\",\"hash\":\"ZWxlZ2VuZA==.muNKgvtcWSsGN8n3xHIue05bb3d211dc64dcfdb04cc6f350563c5c9652c3707c48876ddc8756bff57793\",\"amount\":100,\"currency\":\"ETI\",\"sign\":\"sign\",\"fromAddress\":\"0x3553db8e2bbb4b9a8fb07090056e9473724a01d2\",\"toAddress\":\"0x1ee59e86f7ba5f05d32068656fa74f7d8e286a35\",\"RefId\":\"B57921D4-1BA6-43E6-9B1B-0735B77E1E5F\",\"UserSsoId\":\"226001966\",\"Hash\":\"ZWxlZ2VuZA==.muNKgvtcWSsGN8n3xHIue05bb3d211dc64dcfdb04cc6f350563c5c9652c3707c48876ddc8756bff57793\",\"Amount\":100,\"Currency\":\"ETI\",\"Sign\":\"sign\",\"FromAddress\":\"0x3553db8e2bbb4b9a8fb07090056e9473724a01d2\",\"ToAddress\":\"0x1ee59e86f7ba5f05d32068656fa74f7d8e286a35\",\"Nonce\":\"\",\"Time\":\"\"}}', 48, 'deposit success', NULL, '2020-08-19 04:35:40', '2020-08-19 04:35:40'),
(81, 7, 150, 5, 'plus', '{\"type\":\"deposit\",\"data\":{\"refId\":\"61DD3ED9-9C17-40E9-89A9-DD85ACA1DDEA\",\"userSsoId\":\"402461137\",\"hash\":\"ZWxlZ2VuZA==.UhdyZfv4qdRCqz0W8NCO6baa4a9f5830e12e5f4fea276d70960734772b89533476772c9d18ad385faf23\",\"amount\":5,\"currency\":\"ETI\",\"sign\":\"sign\",\"fromAddress\":\"0x6f50f41e457a0b8532c8548b8a4368f88d7c9236\",\"toAddress\":\"0x1ee59e86f7ba5f05d32068656fa74f7d8e286a35\",\"RefId\":\"61DD3ED9-9C17-40E9-89A9-DD85ACA1DDEA\",\"UserSsoId\":\"402461137\",\"Hash\":\"ZWxlZ2VuZA==.UhdyZfv4qdRCqz0W8NCO6baa4a9f5830e12e5f4fea276d70960734772b89533476772c9d18ad385faf23\",\"Amount\":5,\"Currency\":\"ETI\",\"Sign\":\"sign\",\"FromAddress\":\"0x6f50f41e457a0b8532c8548b8a4368f88d7c9236\",\"ToAddress\":\"0x1ee59e86f7ba5f05d32068656fa74f7d8e286a35\",\"Nonce\":\"\",\"Time\":\"\"}}', 91, 'deposit success', NULL, '2020-08-24 09:23:39', '2020-08-24 09:23:39'),
(82, 7, 151, 5, 'plus', '{\"type\":\"deposit\",\"data\":{\"refId\":\"2F79AEEA-E255-4CE2-B99C-513CBD9211BB\",\"userSsoId\":\"402461137\",\"hash\":\"ZWxlZ2VuZA==.akb8SNUQbXSOxP7K88gg424684d156135e24c5517d33d56c3e5c118baa6eb1cf1b83400e3e256bbf9016\",\"amount\":5,\"currency\":\"ETI\",\"sign\":\"sign\",\"fromAddress\":\"0x6f50f41e457a0b8532c8548b8a4368f88d7c9236\",\"toAddress\":\"0x1ee59e86f7ba5f05d32068656fa74f7d8e286a35\",\"RefId\":\"2F79AEEA-E255-4CE2-B99C-513CBD9211BB\",\"UserSsoId\":\"402461137\",\"Hash\":\"ZWxlZ2VuZA==.akb8SNUQbXSOxP7K88gg424684d156135e24c5517d33d56c3e5c118baa6eb1cf1b83400e3e256bbf9016\",\"Amount\":5,\"Currency\":\"ETI\",\"Sign\":\"sign\",\"FromAddress\":\"0x6f50f41e457a0b8532c8548b8a4368f88d7c9236\",\"ToAddress\":\"0x1ee59e86f7ba5f05d32068656fa74f7d8e286a35\",\"Nonce\":\"\",\"Time\":\"\"}}', 96, 'deposit success', NULL, '2020-08-25 02:51:07', '2020-08-25 02:51:07'),
(83, 7, 152, 5.1, 'plus', '{\"type\":\"deposit\",\"data\":{\"refId\":\"E35CBCB2-D613-4781-AEBA-FF1F8DE18DD0\",\"userSsoId\":\"402461137\",\"hash\":\"ZWxlZ2VuZA==.N9T8332cv2Dn4hfvWny2983fa2bc1e8adfeb0f84370525bb86a0b5d2a34efc897ba2d1ecafca5b65f3f6\",\"amount\":5.1,\"currency\":\"ETI\",\"sign\":\"sign\",\"fromAddress\":\"0x6f50f41e457a0b8532c8548b8a4368f88d7c9236\",\"toAddress\":\"0x1ee59e86f7ba5f05d32068656fa74f7d8e286a35\",\"RefId\":\"E35CBCB2-D613-4781-AEBA-FF1F8DE18DD0\",\"UserSsoId\":\"402461137\",\"Hash\":\"ZWxlZ2VuZA==.N9T8332cv2Dn4hfvWny2983fa2bc1e8adfeb0f84370525bb86a0b5d2a34efc897ba2d1ecafca5b65f3f6\",\"Amount\":5.1,\"Currency\":\"ETI\",\"Sign\":\"sign\",\"FromAddress\":\"0x6f50f41e457a0b8532c8548b8a4368f88d7c9236\",\"ToAddress\":\"0x1ee59e86f7ba5f05d32068656fa74f7d8e286a35\",\"Nonce\":\"\",\"Time\":\"\"}}', 101, 'deposit success', NULL, '2020-08-25 03:31:12', '2020-08-25 03:31:12'),
(84, 7, 153, 5.4999, 'plus', '{\"type\":\"deposit\",\"data\":{\"refId\":\"6F77D241-0125-4B2A-BB58-E6DA1E71E573\",\"userSsoId\":\"402461137\",\"hash\":\"ZWxlZ2VuZA==.3lcxdb68rlma8qreHWxCf47c2dbce251492608953a9b427a0a476cd9988ea302e82c77e56063cf20d9f1\",\"amount\":5.4999,\"currency\":\"ETI\",\"sign\":\"sign\",\"fromAddress\":\"0x6f50f41e457a0b8532c8548b8a4368f88d7c9236\",\"toAddress\":\"0x1ee59e86f7ba5f05d32068656fa74f7d8e286a35\",\"RefId\":\"6F77D241-0125-4B2A-BB58-E6DA1E71E573\",\"UserSsoId\":\"402461137\",\"Hash\":\"ZWxlZ2VuZA==.3lcxdb68rlma8qreHWxCf47c2dbce251492608953a9b427a0a476cd9988ea302e82c77e56063cf20d9f1\",\"Amount\":5.4999,\"Currency\":\"ETI\",\"Sign\":\"sign\",\"FromAddress\":\"0x6f50f41e457a0b8532c8548b8a4368f88d7c9236\",\"ToAddress\":\"0x1ee59e86f7ba5f05d32068656fa74f7d8e286a35\",\"Nonce\":\"\",\"Time\":\"\"}}', 106.1, 'deposit success', NULL, '2020-08-25 03:32:38', '2020-08-25 03:32:38'),
(85, 7, 160, 1, 'minus', 'buy ticket booking:{63}', 111.59989999999999, 'buy ticket booking:{63}', NULL, '2020-08-25 09:14:53', '2020-08-25 09:14:53'),
(86, 7, 161, 1, 'minus', 'buy ticket booking:{64}', 110.59989999999999, 'buy ticket booking:{64}', NULL, '2020-08-25 09:15:07', '2020-08-25 09:15:07'),
(87, 25, 162, 5, 'plus', '{\"type\":\"deposit\",\"data\":{\"refId\":\"8461E633-EF29-4416-95CD-8261CFE8EE1F\",\"userSsoId\":\"148996097\",\"hash\":\"ZWxlZ2VuZA==.IS0OGBNFHd88ElCnZ89F3877be836ed52a0068cdfd54e72236ee3982623c9434dcfcfc5ae0b0d7cbe1e9\",\"amount\":5,\"currency\":\"ETI\",\"sign\":\"sign\",\"fromAddress\":\"0x0a882de7edc6fbd11877e5a2f421f0a4ff76ab7f\",\"toAddress\":\"0x1ee59e86f7ba5f05d32068656fa74f7d8e286a35\",\"RefId\":\"8461E633-EF29-4416-95CD-8261CFE8EE1F\",\"UserSsoId\":\"148996097\",\"Hash\":\"ZWxlZ2VuZA==.IS0OGBNFHd88ElCnZ89F3877be836ed52a0068cdfd54e72236ee3982623c9434dcfcfc5ae0b0d7cbe1e9\",\"Amount\":5,\"Currency\":\"ETI\",\"Sign\":\"sign\",\"FromAddress\":\"0x0a882de7edc6fbd11877e5a2f421f0a4ff76ab7f\",\"ToAddress\":\"0x1ee59e86f7ba5f05d32068656fa74f7d8e286a35\",\"Nonce\":\"\",\"Time\":\"\"}}', 0, 'deposit success', NULL, '2020-08-25 09:29:39', '2020-08-25 09:29:39'),
(88, 25, 163, 1, 'minus', 'buy ticket booking:{65}', 5, 'buy ticket booking:{65}', NULL, '2020-08-25 14:38:11', '2020-08-25 14:38:11'),
(89, 7, 164, 1000, 'minus', 'Withdraw request:17', 1002, 'Withdraw request:17', NULL, '2020-08-26 09:15:06', '2020-08-26 09:15:06'),
(90, 7, 165, 22, 'minus', 'Withdraw request:31', 109.59989999999999, 'Withdraw request:31', NULL, '2020-08-28 02:57:08', '2020-08-28 02:57:08'),
(91, 25, 166, 1, 'minus', 'buy ticket booking:{66}', 4, 'buy ticket booking:{66}', NULL, '2020-08-28 07:16:27', '2020-08-28 07:16:27'),
(92, 26, 167, 8.63625, 'plus', '[8.63625,\"EUSDT\",\"reward winner 5x36, prize: 5 {148996097}\",26]', 0, 'reward winner 5x36, prize: 5 {148996097}', NULL, '2020-08-28 07:18:08', '2020-08-28 07:18:08'),
(93, 26, 168, 5.181750000000001, 'plus', '[5.181750000000001,\"EPO\",\"reward winner 5x36, prize: 5 {148996097}\",26]', 0, 'reward winner 5x36, prize: 5 {148996097}', NULL, '2020-08-28 07:18:08', '2020-08-28 07:18:08'),
(94, 26, 169, 3.4545000000000003, 'plus', '[3.4545000000000003,\"ETI\",\"reward winner 5x36, prize: 5 {148996097}\",26]', 0, 'reward winner 5x36, prize: 5 {148996097}', NULL, '2020-08-28 07:18:08', '2020-08-28 07:18:08'),
(95, 25, 170, 172.725, 'plus', '[172.725,\"ETI\",\"reward winner 5x36, prize: 5 {148996097}\",25]', 3, 'reward winner 5x36, prize: 5 {148996097}', NULL, '2020-08-28 07:18:08', '2020-08-28 07:18:08'),
(96, 25, 174, 1, 'minus', 'buy ticket booking:{67}', 175.725, 'buy ticket booking:{67}', NULL, '2020-08-28 09:03:19', '2020-08-28 09:03:19'),
(97, 26, 175, 0.889875, 'plus', '[0.889875,\"EUSDT\",\"reward winner 5x36, prize: 5 {148996097}\",26]', 8.63625, 'reward winner 5x36, prize: 5 {148996097}', NULL, '2020-08-28 09:03:34', '2020-08-28 09:03:34'),
(98, 26, 176, 0.533925, 'plus', '[0.533925,\"EPO\",\"reward winner 5x36, prize: 5 {148996097}\",26]', 5.181750000000001, 'reward winner 5x36, prize: 5 {148996097}', NULL, '2020-08-28 09:03:34', '2020-08-28 09:03:34'),
(99, 26, 177, 0.35595, 'plus', '[0.35595,\"ETI\",\"reward winner 5x36, prize: 5 {148996097}\",26]', 3.4545000000000003, 'reward winner 5x36, prize: 5 {148996097}', NULL, '2020-08-28 09:03:34', '2020-08-28 09:03:34'),
(100, 27, 178, 0.296625, 'plus', '[0.296625,\"EUSDT\",\"reward winner 5x36, prize: 5 {148996097}\",27]', 0, 'reward winner 5x36, prize: 5 {148996097}', NULL, '2020-08-28 09:03:34', '2020-08-28 09:03:34'),
(101, 27, 179, 0.17797500000000002, 'plus', '[0.17797500000000002,\"EPO\",\"reward winner 5x36, prize: 5 {148996097}\",27]', 0, 'reward winner 5x36, prize: 5 {148996097}', NULL, '2020-08-28 09:03:34', '2020-08-28 09:03:34'),
(102, 27, 180, 0.11865000000000002, 'plus', '[0.11865000000000002,\"ETI\",\"reward winner 5x36, prize: 5 {148996097}\",27]', 0, 'reward winner 5x36, prize: 5 {148996097}', NULL, '2020-08-28 09:03:34', '2020-08-28 09:03:34'),
(103, 25, 181, 17.7975, 'plus', '[17.7975,\"ETI\",\"reward winner 5x36, prize: 5 {148996097}\",25]', 174.725, 'reward winner 5x36, prize: 5 {148996097}', NULL, '2020-08-28 09:03:34', '2020-08-28 09:03:34'),
(104, 25, 182, 1, 'minus', 'buy ticket booking:{68}', 192.52249999999998, 'buy ticket booking:{68}', NULL, '2020-08-28 09:27:31', '2020-08-28 09:27:31'),
(105, 26, 183, 37.52625, 'plus', '[37.52625,\"EUSDT\",\"reward winner 5x36, prize: 5 {148996097}\",26]', 9.526125, 'reward winner 5x36, prize: 5 {148996097}', NULL, '2020-08-28 09:28:35', '2020-08-28 09:28:35'),
(106, 26, 184, 22.515749999999997, 'plus', '[22.515749999999997,\"EPO\",\"reward winner 5x36, prize: 5 {148996097}\",26]', 5.715675000000001, 'reward winner 5x36, prize: 5 {148996097}', NULL, '2020-08-28 09:28:35', '2020-08-28 09:28:35'),
(107, 26, 185, 15.0105, 'plus', '[15.0105,\"ETI\",\"reward winner 5x36, prize: 5 {148996097}\",26]', 3.8104500000000003, 'reward winner 5x36, prize: 5 {148996097}', NULL, '2020-08-28 09:28:35', '2020-08-28 09:28:35'),
(108, 27, 186, 12.50875, 'plus', '[12.50875,\"EUSDT\",\"reward winner 5x36, prize: 5 {148996097}\",27]', 0.296625, 'reward winner 5x36, prize: 5 {148996097}', NULL, '2020-08-28 09:28:35', '2020-08-28 09:28:35'),
(109, 27, 187, 7.50525, 'plus', '[7.50525,\"EPO\",\"reward winner 5x36, prize: 5 {148996097}\",27]', 0.17797500000000002, 'reward winner 5x36, prize: 5 {148996097}', NULL, '2020-08-28 09:28:35', '2020-08-28 09:28:35'),
(110, 27, 188, 5.0035, 'plus', '[5.0035,\"ETI\",\"reward winner 5x36, prize: 5 {148996097}\",27]', 0.11865000000000002, 'reward winner 5x36, prize: 5 {148996097}', NULL, '2020-08-28 09:28:35', '2020-08-28 09:28:35'),
(111, 25, 189, 750.525, 'plus', '[750.525,\"ETI\",\"reward winner 5x36, prize: 5 {148996097}\",25]', 191.52249999999998, 'reward winner 5x36, prize: 5 {148996097}', NULL, '2020-08-28 09:28:35', '2020-08-28 09:28:35'),
(112, 25, 190, 1, 'minus', 'buy ticket booking:{69}', 942.0474999999999, 'buy ticket booking:{69}', NULL, '2020-08-28 09:58:03', '2020-08-28 09:58:03'),
(113, 25, 191, 75.5775, 'plus', '[75.5775,\"ETI\",\"reward winner 5x36, prize: 5 {148996097}\",25]', 941.0474999999999, 'reward winner 5x36, prize: 5 {148996097}', NULL, '2020-08-28 09:58:16', '2020-08-28 09:58:16'),
(114, 25, 192, 1, 'minus', 'buy ticket booking:{70}', 1016.6249999999999, 'buy ticket booking:{70}', NULL, '2020-08-31 10:08:41', '2020-08-31 10:08:41'),
(115, 25, 193, 8.08275, 'plus', '[8.08275,\"ETI\",\"reward winner 5x36, prize: 5 {148996097}\",25]', 1015.6249999999999, 'reward winner 5x36, prize: 5 {148996097}', NULL, '2020-08-31 10:09:17', '2020-08-31 10:09:17'),
(116, 26, 194, 1, 'minus', 'buy ticket booking:{71}', 18.82095, 'buy ticket booking:{71}', NULL, '2020-09-07 06:47:56', '2020-09-07 06:47:56'),
(117, 26, 195, 1.333275, 'plus', '[1.333275,\"EUSDT\",\"reward winner 5x36, prize: 5 {597061289}\",26]', 47.052375, 'reward winner 5x36, prize: 5 {597061289}', NULL, '2020-09-07 06:48:29', '2020-09-07 06:48:29'),
(118, 27, 196, 1, 'minus', 'buy ticket booking:{72}', 5.1221499999999995, 'buy ticket booking:{72}', NULL, '2020-09-14 03:53:53', '2020-09-14 03:53:53'),
(119, 27, 197, 1, 'minus', 'buy ticket booking:{73}', 4.1221499999999995, 'buy ticket booking:{73}', NULL, '2020-09-14 07:20:55', '2020-09-14 07:20:55'),
(120, 27, 198, 7, 'minus', 'buy ticket booking:{74}', 30000, 'buy ticket booking:{74}', NULL, '2020-09-14 07:21:15', '2020-09-14 07:21:15'),
(121, 27, 199, 1, 'minus', 'buy ticket booking:{75}', 29993, 'buy ticket booking:{75}', NULL, '2020-09-14 07:21:26', '2020-09-14 07:21:26'),
(122, 27, 200, 1056, 'minus', 'buy ticket booking:{76}', 29992, 'buy ticket booking:{76}', NULL, '2020-09-14 07:22:19', '2020-09-14 07:22:19'),
(123, 7, 201, 1, 'minus', 'buy ticket booking:{77}', 87.5999, 'buy ticket booking:{77}', NULL, '2020-09-15 08:49:14', '2020-09-15 08:49:14'),
(124, 7, 202, 7, 'minus', 'buy ticket booking:{78}', 86.5999, 'buy ticket booking:{78}', NULL, '2020-09-15 08:49:28', '2020-09-15 08:49:28'),
(125, 7, 203, 79.59, 'minus', 'Withdraw request:32', 79.5999, 'Withdraw request:32', NULL, '2020-09-15 09:03:52', '2020-09-15 09:03:52'),
(126, 7, 204, 1, 'minus', 'Withdraw request:33', 1003, 'Withdraw request:33', NULL, '2020-09-15 09:29:38', '2020-09-15 09:29:38'),
(127, 7, 205, 11, 'minus', 'Withdraw request:34', 1002, 'Withdraw request:34', NULL, '2020-09-15 09:29:56', '2020-09-15 09:29:56'),
(128, 7, 206, 991, 'minus', 'Withdraw request:35', 991, 'Withdraw request:35', NULL, '2020-09-15 09:30:06', '2020-09-15 09:30:06'),
(129, 7, 207, 100, 'minus', 'Withdraw request:36', 100002, 'Withdraw request:36', NULL, '2020-09-15 09:30:45', '2020-09-15 09:30:45'),
(130, 7, 208, 99, 'minus', 'Withdraw request:37', 99902, 'Withdraw request:37', NULL, '2020-09-15 09:32:06', '2020-09-15 09:32:06'),
(131, 7, 209, 99803, 'minus', 'Withdraw request:38', 99803, 'Withdraw request:38', NULL, '2020-09-15 09:35:05', '2020-09-15 09:35:05');

-- --------------------------------------------------------

--
-- Table structure for table `faqs`
--

CREATE TABLE `faqs` (
  `id` bigint(20) UNSIGNED NOT NULL,
  `question` varchar(191) CHARACTER SET utf8mb4 COLLATE utf8mb4_unicode_ci NOT NULL,
  `answer` text CHARACTER SET utf8mb4 COLLATE utf8mb4_unicode_ci NOT NULL,
  `deleted_at` timestamp NULL DEFAULT NULL,
  `created_at` timestamp NULL DEFAULT NULL,
  `updated_at` timestamp NULL DEFAULT NULL
) ENGINE=InnoDB DEFAULT CHARSET=utf8mb4 COLLATE=utf8mb4_unicode_ci;

--
-- Dumping data for table `faqs`
--

INSERT INTO `faqs` (`id`, `question`, `answer`, `deleted_at`, `created_at`, `updated_at`) VALUES
(3, 'How to play ?', 'Just play :)', NULL, '2020-08-26 08:47:58', NULL),
(4, 'How to withdraw ?', 'Lorem ipsum dolor sit amet, consectetur adipiscing elit, sed do eiusmod tempor incididunt ut labore et dolore magna aliqua. Ut enim ad minim veniam, quis nostrud exercitation ullamco laboris nisi ut aliquip ex ea commodo consequat. Duis aute irure dolor in reprehenderit in voluptate velit esse cillum dolore eu fugiat nulla pariatur. Excepteur sint occaecat cupidatat non proident, sunt in culpa qui officia deserunt mollit anim id est laborum.', NULL, '2020-08-26 08:47:58', NULL),
(5, 'How to abc ?', 'bbbb', NULL, '2020-08-26 08:47:58', NULL);

-- --------------------------------------------------------

--
-- Table structure for table `games`
--

CREATE TABLE `games` (
  `id` bigint(20) UNSIGNED NOT NULL,
  `name` varchar(255) CHARACTER SET utf8mb4 COLLATE utf8mb4_unicode_ci NOT NULL,
  `avatar` text CHARACTER SET utf8mb4 COLLATE utf8mb4_unicode_ci NOT NULL,
  `number_pick` int(11) NOT NULL,
  `number_max` int(11) NOT NULL,
  `code` varchar(255) CHARACTER SET utf8mb4 COLLATE utf8mb4_unicode_ci NOT NULL,
  `description` text CHARACTER SET utf8mb4 COLLATE utf8mb4_unicode_ci NOT NULL,
  `algorithm` varchar(255) CHARACTER SET utf8mb4 COLLATE utf8mb4_unicode_ci NOT NULL,
  `price` double NOT NULL,
  `status` tinyint(4) NOT NULL,
  `created_id` bigint(20) UNSIGNED NOT NULL,
  `start_time` time NOT NULL,
  `end_time` time NOT NULL,
  `roll_time` time NOT NULL,
  `appear_time` time NOT NULL,
  `minimum_ticket` int(11) NOT NULL DEFAULT '1',
  `ticket_limit` int(11) DEFAULT NULL,
  `updated_id` bigint(20) UNSIGNED DEFAULT NULL,
  `deleted_at` timestamp NULL DEFAULT NULL,
  `created_at` timestamp NULL DEFAULT NULL,
  `updated_at` timestamp NULL DEFAULT NULL
) ENGINE=InnoDB DEFAULT CHARSET=utf8mb4 COLLATE=utf8mb4_unicode_ci;

--
-- Dumping data for table `games`
--

INSERT INTO `games` (`id`, `name`, `avatar`, `number_pick`, `number_max`, `code`, `description`, `algorithm`, `price`, `status`, `created_id`, `start_time`, `end_time`, `roll_time`, `appear_time`, `minimum_ticket`, `ticket_limit`, `updated_id`, `deleted_at`, `created_at`, `updated_at`) VALUES
(1, 'eJackpot 5x36', 'lottery.png', 5, 36, '5x36', 'Description 5x35 game', 'random', 1, 1, 1, '00:00:00', '23:45:00', '23:50:00', '23:52:00', 3, 999, 1, NULL, '2020-07-13 10:42:49', '2020-08-28 09:49:18');

-- --------------------------------------------------------

--
-- Table structure for table `games_config`
--

CREATE TABLE `games_config` (
  `id` bigint(20) UNSIGNED NOT NULL,
  `game_code` varchar(191) CHARACTER SET utf8mb4 COLLATE utf8mb4_unicode_ci NOT NULL,
  `type` varchar(20) CHARACTER SET utf8mb4 COLLATE utf8mb4_unicode_ci NOT NULL,
  `title` varchar(191) CHARACTER SET utf8mb4 COLLATE utf8mb4_unicode_ci DEFAULT NULL,
  `code` varchar(50) CHARACTER SET utf8mb4 COLLATE utf8mb4_unicode_ci NOT NULL,
  `percent` double DEFAULT NULL,
  `note` text CHARACTER SET utf8mb4 COLLATE utf8mb4_unicode_ci,
  `created_at` timestamp NULL DEFAULT NULL,
  `updated_at` timestamp NULL DEFAULT NULL
) ENGINE=InnoDB DEFAULT CHARSET=utf8mb4 COLLATE=utf8mb4_unicode_ci;

--
-- Dumping data for table `games_config`
--

INSERT INTO `games_config` (`id`, `game_code`, `type`, `title`, `code`, `percent`, `note`, `created_at`, `updated_at`) VALUES
(1, '5x36', 'before', 'Jackpot', '5', 70, NULL, '2020-07-13 10:42:49', '2020-07-13 10:42:49'),
(2, '5x36', 'before', 'Gold Crate', '4', 20, NULL, '2020-07-13 10:42:49', '2020-07-13 10:42:49'),
(3, '5x36', 'before', 'Silver Crate', '3', 7, NULL, '2020-07-13 10:42:49', '2020-07-13 10:42:49'),
(4, '5x36', 'before', 'Bronze Crate', '2', 3, NULL, '2020-07-13 10:42:49', '2020-07-13 10:42:49'),
(5, '5x36', 'after', 'Chuyn sang h Jackpot mi', 'return', 10, '{\"currency\":\"ETI\"}', '2020-07-13 10:42:49', '2020-08-28 09:49:18'),
(6, '5x36', 'after', 'Chuyn cho cng ty', 'company', 5, '{\"currency\":\"ETI\",\"ssoId\":\"479719875\"}', '2020-07-13 10:42:49', '2020-08-28 09:49:18'),
(7, '5x36', 'after', 'Chuyn cho tuyn trn trc tip', 'parent', 7.5, '{\"currency\":\"ETI\"}', '2020-07-13 10:42:49', '2020-07-13 15:23:11'),
(8, '5x36', 'after', 'Chuyn cho tuyn trn cp 2', 'parent-2', 2.5, '{\"currency\":\"ETI\"}', '2020-07-13 10:42:49', '2020-07-13 15:23:11');

-- --------------------------------------------------------

--
-- Table structure for table `game_setting_code`
--

CREATE TABLE `game_setting_code` (
  `id` bigint(20) UNSIGNED NOT NULL,
  `code` varchar(50) CHARACTER SET utf8mb4 COLLATE utf8mb4_unicode_ci NOT NULL,
  `title` varchar(191) CHARACTER SET utf8mb4 COLLATE utf8mb4_unicode_ci DEFAULT NULL,
  `wallet_address` varchar(191) CHARACTER SET utf8mb4 COLLATE utf8mb4_unicode_ci DEFAULT NULL,
  `deleted_at` timestamp NULL DEFAULT NULL,
  `created_at` timestamp NULL DEFAULT NULL,
  `updated_at` timestamp NULL DEFAULT NULL
) ENGINE=InnoDB DEFAULT CHARSET=utf8mb4 COLLATE=utf8mb4_unicode_ci;

--
-- Dumping data for table `game_setting_code`
--

INSERT INTO `game_setting_code` (`id`, `code`, `title`, `wallet_address`, `deleted_at`, `created_at`, `updated_at`) VALUES
(1, '5', NULL, NULL, NULL, '2020-07-13 10:42:49', '2020-07-13 10:42:49'),
(2, '4', NULL, NULL, NULL, '2020-07-13 10:42:49', '2020-07-13 10:42:49'),
(3, '3', NULL, NULL, NULL, '2020-07-13 10:42:49', '2020-07-13 10:42:49'),
(4, '2', NULL, NULL, NULL, '2020-07-13 10:42:49', '2020-07-13 10:42:49'),
(5, 'return', 'return_new_jackpot', 'return', NULL, '2020-07-13 10:42:49', '2020-07-13 10:42:49'),
(6, 'company', 'return_company', 'company', NULL, '2020-07-13 10:42:49', '2020-07-13 10:42:49'),
(7, 'parent', 'return_parent', 'parent', NULL, '2020-07-13 10:42:49', '2020-07-13 10:42:49'),
(8, 'parent-2', 'return_parent_2', 'parent-2', NULL, '2020-07-13 10:42:49', '2020-07-13 10:42:49');

-- --------------------------------------------------------

--
-- Table structure for table `groups`
--

CREATE TABLE `groups` (
  `id` bigint(20) UNSIGNED NOT NULL,
  `name` varchar(255) CHARACTER SET utf8mb4 COLLATE utf8mb4_unicode_ci NOT NULL,
  `type` varchar(255) CHARACTER SET utf8mb4 COLLATE utf8mb4_unicode_ci NOT NULL,
  `description` text CHARACTER SET utf8mb4 COLLATE utf8mb4_unicode_ci,
  `created_at` timestamp NULL DEFAULT NULL,
  `updated_at` timestamp NULL DEFAULT NULL
) ENGINE=InnoDB DEFAULT CHARSET=utf8mb4 COLLATE=utf8mb4_unicode_ci;

--
-- Dumping data for table `groups`
--

INSERT INTO `groups` (`id`, `name`, `type`, `description`, `created_at`, `updated_at`) VALUES
(1, 'Super Admin', 'super_admin', 'Super Admin', '2020-07-13 10:42:49', NULL),
(2, 'Admin', 'admin', 'Admin', '2020-07-13 10:42:49', NULL),
(3, 'User', 'user', 'User', '2020-07-13 10:42:49', NULL);

-- --------------------------------------------------------

--
-- Table structure for table `group_role`
--

CREATE TABLE `group_role` (
  `group_id` bigint(20) UNSIGNED NOT NULL,
  `role_id` bigint(20) UNSIGNED NOT NULL
) ENGINE=InnoDB DEFAULT CHARSET=utf8mb4 COLLATE=utf8mb4_unicode_ci;

-- --------------------------------------------------------

--
-- Table structure for table `lotteries`
--

CREATE TABLE `lotteries` (
  `id` bigint(20) UNSIGNED NOT NULL,
  `game_code` varchar(255) CHARACTER SET utf8mb4 COLLATE utf8mb4_unicode_ci NOT NULL,
  `numbers` varchar(191) CHARACTER SET utf8mb4 COLLATE utf8mb4_unicode_ci NOT NULL,
  `is_done` tinyint(4) NOT NULL DEFAULT '0',
  `total_jackpot` double NOT NULL DEFAULT '0',
  `deleted_at` timestamp NULL DEFAULT NULL,
  `created_at` timestamp NULL DEFAULT NULL,
  `updated_at` timestamp NULL DEFAULT NULL
) ENGINE=InnoDB DEFAULT CHARSET=utf8mb4 COLLATE=utf8mb4_unicode_ci;

--
-- Dumping data for table `lotteries`
--

INSERT INTO `lotteries` (`id`, `game_code`, `numbers`, `is_done`, `total_jackpot`, `deleted_at`, `created_at`, `updated_at`) VALUES
(2, '5x36', '[\"28\",\"22\",\"34\",\"09\",\"33\"]', 1, 0, NULL, '2020-07-16 06:55:00', '2020-07-16 06:59:08'),
(4, '5x36', '[\"02\",\"16\",\"28\",\"34\",\"00\"]', 1, 0, NULL, '2020-07-17 23:55:00', '2020-07-17 23:59:00'),
(5, '5x36', '[\"01\",\"24\",\"31\",\"34\",\"32\"]', 1, 0, NULL, '2020-07-18 23:55:00', '2020-07-18 23:59:04'),
(6, '5x36', '[\"34\",\"24\",\"07\",\"23\",\"06\"]', 1, 0, NULL, '2020-07-19 23:55:00', '2020-07-19 23:59:05'),
(7, '5x36', '[\"12\",\"01\",\"28\",\"19\",\"23\"]', 1, 0, NULL, '2020-07-20 23:55:00', '2020-07-21 06:12:24'),
(8, '5x36', '[\"32\",\"24\",\"20\",\"11\",\"09\"]', 1, 0, NULL, '2020-07-21 23:55:00', '2020-07-21 23:59:00'),
(9, '5x36', '[\"20\",\"21\",\"15\",\"05\",\"32\"]', 1, 0, NULL, '2020-07-22 23:55:00', '2020-07-22 23:59:00'),
(10, '5x36', '[\"20\",\"04\",\"07\",\"10\",\"22\"]', 1, 0, NULL, '2020-07-23 23:55:00', '2020-07-23 23:59:00'),
(11, '5x36', '[\"10\",\"22\",\"33\",\"26\",\"18\"]', 1, 0, NULL, '2020-07-24 23:55:00', '2020-07-24 23:59:00'),
(12, '5x36', '[\"20\",\"21\",\"32\",\"06\",\"10\"]', 1, 0, NULL, '2020-07-25 23:55:00', '2020-07-25 23:59:00'),
(13, '5x36', '[\"02\",\"30\",\"10\",\"18\",\"35\"]', 1, 0, NULL, '2020-07-26 23:55:00', '2020-07-26 23:59:00'),
(14, '5x36', '[\"28\",\"29\",\"09\",\"33\",\"35\"]', 1, 0, NULL, '2020-07-27 23:55:00', '2020-07-27 23:59:00'),
(15, '5x36', '[\"02\",\"15\",\"03\",\"30\",\"21\"]', 1, 0, NULL, '2020-07-28 23:55:00', '2020-07-28 23:59:00'),
(16, '5x36', '[\"17\",\"11\",\"30\",\"12\",\"09\"]', 1, 0, NULL, '2020-07-29 23:55:00', '2020-07-29 23:59:00'),
(17, '5x36', '[\"17\",\"29\",\"04\",\"07\",\"22\"]', 1, 0, NULL, '2020-07-30 23:55:00', '2020-07-30 23:59:00'),
(18, '5x36', '[\"04\",\"20\",\"30\",\"01\",\"06\"]', 1, 0, NULL, '2020-07-31 23:55:00', '2020-07-31 23:59:00'),
(19, '5x36', '[\"18\",\"00\",\"28\",\"26\",\"30\"]', 1, 0, NULL, '2020-08-01 23:55:00', '2020-08-01 23:59:00'),
(20, '5x36', '[\"32\",\"19\",\"26\",\"04\",\"06\"]', 1, 0, NULL, '2020-08-02 23:55:00', '2020-08-02 23:59:00'),
(21, '5x36', '[\"20\",\"06\",\"23\",\"28\",\"13\"]', 1, 0, NULL, '2020-08-03 23:55:00', '2020-08-03 23:59:00'),
(22, '5x36', '[\"03\",\"08\",\"00\",\"20\",\"01\"]', 1, 0, NULL, '2020-08-04 23:55:00', '2020-08-04 23:59:00'),
(23, '5x36', '[\"28\",\"03\",\"12\",\"08\",\"34\"]', 1, 0, NULL, '2020-08-05 23:55:00', '2020-08-05 23:59:00'),
(24, '5x36', '[\"31\",\"03\",\"15\",\"21\",\"18\"]', 1, 0, NULL, '2020-08-06 23:55:00', '2020-08-06 23:59:00'),
(25, '5x36', '[\"04\",\"02\",\"34\",\"15\",\"09\"]', 1, 0, NULL, '2020-08-07 23:55:00', '2020-08-07 23:59:00'),
(26, '5x36', '[\"19\",\"08\",\"23\",\"26\",\"01\"]', 1, 0, NULL, '2020-08-08 23:55:00', '2020-08-08 23:59:00'),
(27, '5x36', '[\"03\",\"26\",\"07\",\"20\",\"10\"]', 1, 0, NULL, '2020-08-09 23:55:00', '2020-08-09 23:59:00'),
(28, '5x36', '[\"06\",\"01\",\"25\",\"10\",\"16\"]', 1, 0, NULL, '2020-08-10 23:55:00', '2020-08-10 23:59:00'),
(29, '5x36', '[\"06\",\"30\",\"31\",\"33\",\"11\"]', 1, 224.70000000000002, NULL, '2020-08-11 23:55:00', '2020-08-11 23:59:00'),
(30, '5x36', '[\"05\",\"22\",\"02\",\"18\",\"00\"]', 1, 226.79999999999998, NULL, '2020-08-12 23:55:00', '2020-08-12 23:59:00'),
(31, '5x36', '[\"11\",\"16\",\"24\",\"04\",\"31\"]', 1, 226.79999999999998, NULL, '2020-08-13 23:55:00', '2020-08-13 23:59:00'),
(32, '5x36', '[\"32\",\"00\",\"17\",\"29\",\"35\"]', 1, 226.79999999999998, NULL, '2020-08-16 23:55:00', '2020-08-16 23:59:00'),
(33, '5x36', '[\"00\",\"08\",\"25\",\"32\",\"09\"]', 1, 226.79999999999998, NULL, '2020-08-17 23:55:00', '2020-08-17 23:59:00'),
(34, '5x36', '[\"29\",\"11\",\"13\",\"28\",\"18\"]', 1, 227.49999999999997, NULL, '2020-08-19 23:55:00', '2020-08-19 23:59:00'),
(35, '5x36', '[\"29\",\"00\",\"17\",\"05\",\"01\"]', 1, 227.49999999999997, NULL, '2020-08-20 23:55:00', '2020-08-20 23:59:00'),
(36, '5x36', '[\"07\",\"19\",\"11\",\"26\",\"14\"]', 1, 227.49999999999997, NULL, '2020-08-21 23:55:00', '2020-08-21 23:59:00'),
(37, '5x36', '[\"07\",\"15\",\"19\",\"21\",\"13\"]', 1, 227.49999999999997, NULL, '2020-08-22 23:55:00', '2020-08-22 23:59:00'),
(38, '5x36', '[\"19\",\"13\",\"35\",\"06\",\"23\"]', 1, 227.49999999999997, NULL, '2020-08-23 23:55:00', '2020-08-23 23:59:00'),
(39, '5x36', '[\"05\",\"01\",\"20\",\"03\",\"09\"]', 1, 227.49999999999997, NULL, '2020-08-24 23:55:00', '2020-08-24 23:55:00'),
(41, '5x36', '[\"01\",\"02\",\"03\",\"04\",\"05\"]', 0, 228.89999999999995, NULL, '2020-08-25 09:21:40', '2020-08-25 09:21:40'),
(42, '5x36', '[\"01\",\"02\",\"03\",\"04\",\"05\"]', 1, 230.29999999999993, NULL, '2020-08-28 07:18:06', '2020-08-28 07:18:08'),
(43, '5x36', '[\"01\",\"02\",\"03\",\"04\",\"05\"]', 1, 23.73, NULL, '2020-08-28 09:03:32', '2020-08-28 09:03:34'),
(44, '5x36', '[\"01\",\"02\",\"03\",\"04\",\"05\"]', 1, 1000.7, NULL, '2020-08-28 09:28:33', '2020-08-28 09:28:35'),
(45, '5x36', '[\"01\",\"02\",\"03\",\"04\",\"05\"]', 1, 100.77, NULL, '2020-08-28 09:58:13', '2020-08-28 09:58:16'),
(46, '5x36', '[\"01\",\"02\",\"03\",\"04\",\"05\"]', 1, 10.777, NULL, '2020-08-31 10:09:13', '2020-08-31 10:09:17'),
(47, '5x36', '[\"01\",\"02\",\"03\",\"04\",\"05\"]', 1, 1.7777, NULL, '2020-09-07 06:48:27', '2020-09-07 06:48:29');

-- --------------------------------------------------------

--
-- Table structure for table `lotteries_rost`
--

CREATE TABLE `lotteries_rost` (
  `id` bigint(20) UNSIGNED NOT NULL,
  `lottery_id` bigint(20) UNSIGNED NOT NULL,
  `value` varchar(191) CHARACTER SET utf8mb4 COLLATE utf8mb4_unicode_ci NOT NULL,
  `appear_time` time NOT NULL,
  `sort` int(11) NOT NULL,
  `deleted_at` timestamp NULL DEFAULT NULL,
  `created_at` timestamp NULL DEFAULT NULL,
  `updated_at` timestamp NULL DEFAULT NULL
) ENGINE=InnoDB DEFAULT CHARSET=utf8mb4 COLLATE=utf8mb4_unicode_ci;

--
-- Dumping data for table `lotteries_rost`
--

INSERT INTO `lotteries_rost` (`id`, `lottery_id`, `value`, `appear_time`, `sort`, `deleted_at`, `created_at`, `updated_at`) VALUES
(1, 2, '28', '23:50:24', 1, NULL, '2020-07-16 06:55:00', NULL),
(2, 2, '22', '23:50:48', 2, NULL, '2020-07-16 06:55:00', NULL),
(3, 2, '34', '23:51:12', 3, NULL, '2020-07-16 06:55:00', NULL),
(4, 2, '09', '23:51:36', 4, NULL, '2020-07-16 06:55:00', NULL),
(5, 2, '33', '23:52:00', 5, NULL, '2020-07-16 06:55:00', NULL),
(11, 4, '02', '23:50:24', 1, NULL, '2020-07-17 23:55:00', NULL),
(12, 4, '16', '23:50:48', 2, NULL, '2020-07-17 23:55:00', NULL),
(13, 4, '28', '23:51:12', 3, NULL, '2020-07-17 23:55:00', NULL),
(14, 4, '34', '23:51:36', 4, NULL, '2020-07-17 23:55:00', NULL),
(15, 4, '00', '23:52:00', 5, NULL, '2020-07-17 23:55:00', NULL),
(16, 5, '01', '23:50:24', 1, NULL, '2020-07-18 23:55:00', NULL),
(17, 5, '24', '23:50:48', 2, NULL, '2020-07-18 23:55:00', NULL),
(18, 5, '31', '23:51:12', 3, NULL, '2020-07-18 23:55:00', NULL),
(19, 5, '34', '23:51:36', 4, NULL, '2020-07-18 23:55:00', NULL),
(20, 5, '32', '23:52:00', 5, NULL, '2020-07-18 23:55:00', NULL),
(21, 6, '34', '23:50:24', 1, NULL, '2020-07-19 23:55:00', NULL),
(22, 6, '24', '23:50:48', 2, NULL, '2020-07-19 23:55:00', NULL),
(23, 6, '07', '23:51:12', 3, NULL, '2020-07-19 23:55:00', NULL),
(24, 6, '23', '23:51:36', 4, NULL, '2020-07-19 23:55:00', NULL),
(25, 6, '06', '23:52:00', 5, NULL, '2020-07-19 23:55:00', NULL),
(26, 7, '12', '23:50:24', 1, NULL, '2020-07-20 23:55:00', NULL),
(27, 7, '01', '23:50:48', 2, NULL, '2020-07-20 23:55:00', NULL),
(28, 7, '28', '23:51:12', 3, NULL, '2020-07-20 23:55:00', NULL),
(29, 7, '19', '23:51:36', 4, NULL, '2020-07-20 23:55:00', NULL),
(30, 7, '23', '23:52:00', 5, NULL, '2020-07-20 23:55:00', NULL),
(31, 8, '32', '23:50:24', 1, NULL, '2020-07-21 23:55:00', NULL),
(32, 8, '24', '23:50:48', 2, NULL, '2020-07-21 23:55:00', NULL),
(33, 8, '20', '23:51:12', 3, NULL, '2020-07-21 23:55:00', NULL),
(34, 8, '11', '23:51:36', 4, NULL, '2020-07-21 23:55:00', NULL),
(35, 8, '09', '23:52:00', 5, NULL, '2020-07-21 23:55:00', NULL),
(36, 9, '20', '23:50:24', 1, NULL, '2020-07-22 23:55:00', NULL),
(37, 9, '21', '23:50:48', 2, NULL, '2020-07-22 23:55:00', NULL),
(38, 9, '15', '23:51:12', 3, NULL, '2020-07-22 23:55:00', NULL),
(39, 9, '05', '23:51:36', 4, NULL, '2020-07-22 23:55:00', NULL),
(40, 9, '32', '23:52:00', 5, NULL, '2020-07-22 23:55:00', NULL),
(41, 10, '20', '23:50:24', 1, NULL, '2020-07-23 23:55:00', NULL),
(42, 10, '04', '23:50:48', 2, NULL, '2020-07-23 23:55:00', NULL),
(43, 10, '07', '23:51:12', 3, NULL, '2020-07-23 23:55:00', NULL),
(44, 10, '10', '23:51:36', 4, NULL, '2020-07-23 23:55:00', NULL),
(45, 10, '22', '23:52:00', 5, NULL, '2020-07-23 23:55:00', NULL),
(46, 11, '10', '23:50:24', 1, NULL, '2020-07-24 23:55:00', NULL),
(47, 11, '22', '23:50:48', 2, NULL, '2020-07-24 23:55:00', NULL),
(48, 11, '33', '23:51:12', 3, NULL, '2020-07-24 23:55:00', NULL),
(49, 11, '26', '23:51:36', 4, NULL, '2020-07-24 23:55:00', NULL),
(50, 11, '18', '23:52:00', 5, NULL, '2020-07-24 23:55:00', NULL),
(51, 12, '20', '23:50:24', 1, NULL, '2020-07-25 23:55:00', NULL),
(52, 12, '21', '23:50:48', 2, NULL, '2020-07-25 23:55:00', NULL),
(53, 12, '32', '23:51:12', 3, NULL, '2020-07-25 23:55:00', NULL),
(54, 12, '06', '23:51:36', 4, NULL, '2020-07-25 23:55:00', NULL),
(55, 12, '10', '23:52:00', 5, NULL, '2020-07-25 23:55:00', NULL),
(56, 13, '02', '23:50:24', 1, NULL, '2020-07-26 23:55:00', NULL),
(57, 13, '30', '23:50:48', 2, NULL, '2020-07-26 23:55:00', NULL),
(58, 13, '10', '23:51:12', 3, NULL, '2020-07-26 23:55:00', NULL),
(59, 13, '18', '23:51:36', 4, NULL, '2020-07-26 23:55:00', NULL),
(60, 13, '35', '23:52:00', 5, NULL, '2020-07-26 23:55:00', NULL),
(61, 14, '28', '23:50:24', 1, NULL, '2020-07-27 23:55:00', NULL),
(62, 14, '29', '23:50:48', 2, NULL, '2020-07-27 23:55:00', NULL),
(63, 14, '09', '23:51:12', 3, NULL, '2020-07-27 23:55:00', NULL),
(64, 14, '33', '23:51:36', 4, NULL, '2020-07-27 23:55:00', NULL),
(65, 14, '35', '23:52:00', 5, NULL, '2020-07-27 23:55:00', NULL),
(66, 15, '02', '23:50:24', 1, NULL, '2020-07-28 23:55:00', NULL),
(67, 15, '15', '23:50:48', 2, NULL, '2020-07-28 23:55:00', NULL),
(68, 15, '03', '23:51:12', 3, NULL, '2020-07-28 23:55:00', NULL),
(69, 15, '30', '23:51:36', 4, NULL, '2020-07-28 23:55:00', NULL),
(70, 15, '21', '23:52:00', 5, NULL, '2020-07-28 23:55:00', NULL),
(71, 16, '17', '23:50:24', 1, NULL, '2020-07-29 23:55:00', NULL),
(72, 16, '11', '23:50:48', 2, NULL, '2020-07-29 23:55:00', NULL),
(73, 16, '30', '23:51:12', 3, NULL, '2020-07-29 23:55:00', NULL),
(74, 16, '12', '23:51:36', 4, NULL, '2020-07-29 23:55:00', NULL),
(75, 16, '09', '23:52:00', 5, NULL, '2020-07-29 23:55:00', NULL),
(76, 17, '17', '23:50:24', 1, NULL, '2020-07-30 23:55:00', NULL),
(77, 17, '29', '23:50:48', 2, NULL, '2020-07-30 23:55:00', NULL),
(78, 17, '04', '23:51:12', 3, NULL, '2020-07-30 23:55:00', NULL),
(79, 17, '07', '23:51:36', 4, NULL, '2020-07-30 23:55:00', NULL),
(80, 17, '22', '23:52:00', 5, NULL, '2020-07-30 23:55:00', NULL),
(81, 18, '04', '23:50:24', 1, NULL, '2020-07-31 23:55:00', NULL),
(82, 18, '20', '23:50:48', 2, NULL, '2020-07-31 23:55:00', NULL),
(83, 18, '30', '23:51:12', 3, NULL, '2020-07-31 23:55:00', NULL),
(84, 18, '01', '23:51:36', 4, NULL, '2020-07-31 23:55:00', NULL),
(85, 18, '06', '23:52:00', 5, NULL, '2020-07-31 23:55:00', NULL),
(86, 19, '18', '23:50:24', 1, NULL, '2020-08-01 23:55:00', NULL),
(87, 19, '00', '23:50:48', 2, NULL, '2020-08-01 23:55:00', NULL),
(88, 19, '28', '23:51:12', 3, NULL, '2020-08-01 23:55:00', NULL),
(89, 19, '26', '23:51:36', 4, NULL, '2020-08-01 23:55:00', NULL),
(90, 19, '30', '23:52:00', 5, NULL, '2020-08-01 23:55:00', NULL),
(91, 20, '32', '23:50:24', 1, NULL, '2020-08-02 23:55:00', NULL),
(92, 20, '19', '23:50:48', 2, NULL, '2020-08-02 23:55:00', NULL),
(93, 20, '26', '23:51:12', 3, NULL, '2020-08-02 23:55:00', NULL),
(94, 20, '04', '23:51:36', 4, NULL, '2020-08-02 23:55:00', NULL),
(95, 20, '06', '23:52:00', 5, NULL, '2020-08-02 23:55:00', NULL),
(96, 21, '20', '23:50:24', 1, NULL, '2020-08-03 23:55:00', NULL),
(97, 21, '06', '23:50:48', 2, NULL, '2020-08-03 23:55:00', NULL),
(98, 21, '23', '23:51:12', 3, NULL, '2020-08-03 23:55:00', NULL),
(99, 21, '28', '23:51:36', 4, NULL, '2020-08-03 23:55:00', NULL),
(100, 21, '13', '23:52:00', 5, NULL, '2020-08-03 23:55:00', NULL),
(101, 22, '03', '23:50:24', 1, NULL, '2020-08-04 23:55:00', NULL),
(102, 22, '08', '23:50:48', 2, NULL, '2020-08-04 23:55:00', NULL),
(103, 22, '00', '23:51:12', 3, NULL, '2020-08-04 23:55:00', NULL),
(104, 22, '20', '23:51:36', 4, NULL, '2020-08-04 23:55:00', NULL),
(105, 22, '01', '23:52:00', 5, NULL, '2020-08-04 23:55:00', NULL),
(106, 23, '28', '23:50:24', 1, NULL, '2020-08-05 23:55:00', NULL),
(107, 23, '03', '23:50:48', 2, NULL, '2020-08-05 23:55:00', NULL),
(108, 23, '12', '23:51:12', 3, NULL, '2020-08-05 23:55:00', NULL),
(109, 23, '08', '23:51:36', 4, NULL, '2020-08-05 23:55:00', NULL),
(110, 23, '34', '23:52:00', 5, NULL, '2020-08-05 23:55:00', NULL),
(111, 24, '31', '23:50:24', 1, NULL, '2020-08-06 23:55:00', NULL),
(112, 24, '03', '23:50:48', 2, NULL, '2020-08-06 23:55:00', NULL),
(113, 24, '15', '23:51:12', 3, NULL, '2020-08-06 23:55:00', NULL),
(114, 24, '21', '23:51:36', 4, NULL, '2020-08-06 23:55:00', NULL),
(115, 24, '18', '23:52:00', 5, NULL, '2020-08-06 23:55:00', NULL),
(116, 25, '04', '23:50:24', 1, NULL, '2020-08-07 23:55:00', NULL),
(117, 25, '02', '23:50:48', 2, NULL, '2020-08-07 23:55:00', NULL),
(118, 25, '34', '23:51:12', 3, NULL, '2020-08-07 23:55:00', NULL),
(119, 25, '15', '23:51:36', 4, NULL, '2020-08-07 23:55:00', NULL),
(120, 25, '09', '23:52:00', 5, NULL, '2020-08-07 23:55:00', NULL),
(121, 26, '19', '23:50:24', 1, NULL, '2020-08-08 23:55:00', NULL),
(122, 26, '08', '23:50:48', 2, NULL, '2020-08-08 23:55:00', NULL),
(123, 26, '23', '23:51:12', 3, NULL, '2020-08-08 23:55:00', NULL),
(124, 26, '26', '23:51:36', 4, NULL, '2020-08-08 23:55:00', NULL),
(125, 26, '01', '23:52:00', 5, NULL, '2020-08-08 23:55:00', NULL),
(126, 27, '03', '23:50:24', 1, NULL, '2020-08-09 23:55:00', NULL),
(127, 27, '26', '23:50:48', 2, NULL, '2020-08-09 23:55:00', NULL),
(128, 27, '07', '23:51:12', 3, NULL, '2020-08-09 23:55:00', NULL),
(129, 27, '20', '23:51:36', 4, NULL, '2020-08-09 23:55:00', NULL),
(130, 27, '10', '23:52:00', 5, NULL, '2020-08-09 23:55:00', NULL),
(131, 28, '06', '23:50:24', 1, NULL, '2020-08-10 23:55:00', NULL),
(132, 28, '01', '23:50:48', 2, NULL, '2020-08-10 23:55:00', NULL),
(133, 28, '25', '23:51:12', 3, NULL, '2020-08-10 23:55:00', NULL),
(134, 28, '10', '23:51:36', 4, NULL, '2020-08-10 23:55:00', NULL),
(135, 28, '16', '23:52:00', 5, NULL, '2020-08-10 23:55:00', NULL),
(136, 29, '06', '23:50:24', 1, NULL, '2020-08-11 23:55:00', NULL),
(137, 29, '30', '23:50:48', 2, NULL, '2020-08-11 23:55:00', NULL),
(138, 29, '31', '23:51:12', 3, NULL, '2020-08-11 23:55:00', NULL),
(139, 29, '33', '23:51:36', 4, NULL, '2020-08-11 23:55:00', NULL),
(140, 29, '11', '23:52:00', 5, NULL, '2020-08-11 23:55:00', NULL),
(141, 30, '05', '23:50:24', 1, NULL, '2020-08-12 23:55:00', NULL),
(142, 30, '22', '23:50:48', 2, NULL, '2020-08-12 23:55:00', NULL),
(143, 30, '02', '23:51:12', 3, NULL, '2020-08-12 23:55:00', NULL),
(144, 30, '18', '23:51:36', 4, NULL, '2020-08-12 23:55:00', NULL),
(145, 30, '00', '23:52:00', 5, NULL, '2020-08-12 23:55:00', NULL),
(146, 31, '11', '23:50:24', 1, NULL, '2020-08-13 23:55:00', NULL),
(147, 31, '16', '23:50:48', 2, NULL, '2020-08-13 23:55:00', NULL),
(148, 31, '24', '23:51:12', 3, NULL, '2020-08-13 23:55:00', NULL),
(149, 31, '04', '23:51:36', 4, NULL, '2020-08-13 23:55:00', NULL),
(150, 31, '31', '23:52:00', 5, NULL, '2020-08-13 23:55:00', NULL),
(151, 32, '32', '23:50:24', 1, NULL, '2020-08-16 23:55:00', NULL),
(152, 32, '00', '23:50:48', 2, NULL, '2020-08-16 23:55:00', NULL),
(153, 32, '17', '23:51:12', 3, NULL, '2020-08-16 23:55:00', NULL),
(154, 32, '29', '23:51:36', 4, NULL, '2020-08-16 23:55:00', NULL),
(155, 32, '35', '23:52:00', 5, NULL, '2020-08-16 23:55:00', NULL),
(156, 33, '00', '23:50:24', 1, NULL, '2020-08-17 23:55:00', NULL),
(157, 33, '08', '23:50:48', 2, NULL, '2020-08-17 23:55:00', NULL),
(158, 33, '25', '23:51:12', 3, NULL, '2020-08-17 23:55:00', NULL),
(159, 33, '32', '23:51:36', 4, NULL, '2020-08-17 23:55:00', NULL),
(160, 33, '09', '23:52:00', 5, NULL, '2020-08-17 23:55:00', NULL),
(161, 34, '29', '23:50:24', 1, NULL, '2020-08-19 23:55:00', NULL),
(162, 34, '11', '23:50:48', 2, NULL, '2020-08-19 23:55:00', NULL),
(163, 34, '13', '23:51:12', 3, NULL, '2020-08-19 23:55:00', NULL),
(164, 34, '28', '23:51:36', 4, NULL, '2020-08-19 23:55:00', NULL),
(165, 34, '18', '23:52:00', 5, NULL, '2020-08-19 23:55:00', NULL),
(166, 35, '29', '23:50:24', 1, NULL, '2020-08-20 23:55:00', NULL),
(167, 35, '00', '23:50:48', 2, NULL, '2020-08-20 23:55:00', NULL),
(168, 35, '17', '23:51:12', 3, NULL, '2020-08-20 23:55:00', NULL),
(169, 35, '05', '23:51:36', 4, NULL, '2020-08-20 23:55:00', NULL),
(170, 35, '01', '23:52:00', 5, NULL, '2020-08-20 23:55:00', NULL),
(171, 36, '07', '23:50:24', 1, NULL, '2020-08-21 23:55:00', NULL),
(172, 36, '19', '23:50:48', 2, NULL, '2020-08-21 23:55:00', NULL),
(173, 36, '11', '23:51:12', 3, NULL, '2020-08-21 23:55:00', NULL),
(174, 36, '26', '23:51:36', 4, NULL, '2020-08-21 23:55:00', NULL),
(175, 36, '14', '23:52:00', 5, NULL, '2020-08-21 23:55:00', NULL),
(176, 37, '07', '23:50:24', 1, NULL, '2020-08-22 23:55:00', NULL),
(177, 37, '15', '23:50:48', 2, NULL, '2020-08-22 23:55:00', NULL),
(178, 37, '19', '23:51:12', 3, NULL, '2020-08-22 23:55:00', NULL),
(179, 37, '21', '23:51:36', 4, NULL, '2020-08-22 23:55:00', NULL),
(180, 37, '13', '23:52:00', 5, NULL, '2020-08-22 23:55:00', NULL),
(181, 38, '19', '23:50:24', 1, NULL, '2020-08-23 23:55:00', NULL),
(182, 38, '13', '23:50:48', 2, NULL, '2020-08-23 23:55:00', NULL),
(183, 38, '35', '23:51:12', 3, NULL, '2020-08-23 23:55:00', NULL),
(184, 38, '06', '23:51:36', 4, NULL, '2020-08-23 23:55:00', NULL),
(185, 38, '23', '23:52:00', 5, NULL, '2020-08-23 23:55:00', NULL),
(186, 39, '05', '23:50:24', 1, NULL, '2020-08-24 23:55:00', NULL),
(187, 39, '01', '23:50:48', 2, NULL, '2020-08-24 23:55:00', NULL),
(188, 39, '20', '23:51:12', 3, NULL, '2020-08-24 23:55:00', NULL),
(189, 39, '03', '23:51:36', 4, NULL, '2020-08-24 23:55:00', NULL),
(190, 39, '09', '23:52:00', 5, NULL, '2020-08-24 23:55:00', NULL),
(196, 41, '01', '23:50:24', 1, NULL, '2020-08-25 09:21:40', NULL),
(197, 41, '02', '23:50:48', 2, NULL, '2020-08-25 09:21:40', NULL),
(198, 41, '03', '23:51:12', 3, NULL, '2020-08-25 09:21:40', NULL),
(199, 41, '04', '23:51:36', 4, NULL, '2020-08-25 09:21:40', NULL),
(200, 41, '05', '23:52:00', 5, NULL, '2020-08-25 09:21:40', NULL),
(201, 42, '01', '23:50:24', 1, NULL, '2020-08-28 07:18:06', NULL),
(202, 42, '02', '23:50:48', 2, NULL, '2020-08-28 07:18:06', NULL),
(203, 42, '03', '23:51:12', 3, NULL, '2020-08-28 07:18:06', NULL),
(204, 42, '04', '23:51:36', 4, NULL, '2020-08-28 07:18:06', NULL),
(205, 42, '05', '23:52:00', 5, NULL, '2020-08-28 07:18:06', NULL),
(206, 43, '01', '23:50:24', 1, NULL, '2020-08-28 09:03:32', NULL),
(207, 43, '02', '23:50:48', 2, NULL, '2020-08-28 09:03:32', NULL),
(208, 43, '03', '23:51:12', 3, NULL, '2020-08-28 09:03:32', NULL),
(209, 43, '04', '23:51:36', 4, NULL, '2020-08-28 09:03:32', NULL),
(210, 43, '05', '23:52:00', 5, NULL, '2020-08-28 09:03:32', NULL),
(211, 44, '01', '23:50:24', 1, NULL, '2020-08-28 09:28:33', NULL),
(212, 44, '02', '23:50:48', 2, NULL, '2020-08-28 09:28:33', NULL),
(213, 44, '03', '23:51:12', 3, NULL, '2020-08-28 09:28:33', NULL),
(214, 44, '04', '23:51:36', 4, NULL, '2020-08-28 09:28:33', NULL),
(215, 44, '05', '23:52:00', 5, NULL, '2020-08-28 09:28:33', NULL),
(216, 45, '01', '23:50:24', 1, NULL, '2020-08-28 09:58:13', NULL),
(217, 45, '02', '23:50:48', 2, NULL, '2020-08-28 09:58:13', NULL),
(218, 45, '03', '23:51:12', 3, NULL, '2020-08-28 09:58:13', NULL),
(219, 45, '04', '23:51:36', 4, NULL, '2020-08-28 09:58:13', NULL),
(220, 45, '05', '23:52:00', 5, NULL, '2020-08-28 09:58:13', NULL),
(221, 46, '01', '23:50:24', 1, NULL, '2020-08-31 10:09:13', NULL),
(222, 46, '02', '23:50:48', 2, NULL, '2020-08-31 10:09:13', NULL),
(223, 46, '03', '23:51:12', 3, NULL, '2020-08-31 10:09:13', NULL),
(224, 46, '04', '23:51:36', 4, NULL, '2020-08-31 10:09:13', NULL),
(225, 46, '05', '23:52:00', 5, NULL, '2020-08-31 10:09:13', NULL),
(226, 47, '01', '23:50:24', 1, NULL, '2020-09-07 06:48:27', NULL),
(227, 47, '02', '23:50:48', 2, NULL, '2020-09-07 06:48:27', NULL),
(228, 47, '03', '23:51:12', 3, NULL, '2020-09-07 06:48:27', NULL),
(229, 47, '04', '23:51:36', 4, NULL, '2020-09-07 06:48:27', NULL),
(230, 47, '05', '23:52:00', 5, NULL, '2020-09-07 06:48:27', NULL);

-- --------------------------------------------------------

--
-- Table structure for table `lottery_activities`
--

CREATE TABLE `lottery_activities` (
  `id` bigint(20) UNSIGNED NOT NULL,
  `lottery_id` bigint(20) UNSIGNED NOT NULL,
  `ticket_id` bigint(20) UNSIGNED NOT NULL,
  `game_reward_id` bigint(20) UNSIGNED DEFAULT NULL,
  `value` double NOT NULL DEFAULT '0',
  `game_code` varchar(191) CHARACTER SET utf8mb4 COLLATE utf8mb4_unicode_ci NOT NULL,
  `is_win` tinyint(4) NOT NULL DEFAULT '0',
  `deleted_at` timestamp NULL DEFAULT NULL,
  `created_at` timestamp NULL DEFAULT NULL,
  `updated_at` timestamp NULL DEFAULT NULL
) ENGINE=InnoDB DEFAULT CHARSET=utf8mb4 COLLATE=utf8mb4_unicode_ci;

-- --------------------------------------------------------

--
-- Table structure for table `meta_box`
--

CREATE TABLE `meta_box` (
  `id` bigint(20) UNSIGNED NOT NULL,
  `meta_key` varchar(191) CHARACTER SET utf8mb4 COLLATE utf8mb4_unicode_ci NOT NULL,
  `meta_value` text CHARACTER SET utf8mb4 COLLATE utf8mb4_unicode_ci NOT NULL,
  `deleted_at` timestamp NULL DEFAULT NULL,
  `created_at` timestamp NULL DEFAULT NULL,
  `updated_at` timestamp NULL DEFAULT NULL
) ENGINE=InnoDB DEFAULT CHARSET=utf8mb4 COLLATE=utf8mb4_unicode_ci;

--
-- Dumping data for table `meta_box`
--

INSERT INTO `meta_box` (`id`, `meta_key`, `meta_value`, `deleted_at`, `created_at`, `updated_at`) VALUES
(13, 'home_text', 'PLAY BLOCKCHAIN LOTTERY', NULL, '2020-07-18 02:03:11', NULL),
(14, 'home_description', 'Play Lottery by using your LOTTO GO tokens.\nTry your luck today, knowing what will be your lucky day!', NULL, '2020-07-18 02:03:11', NULL),
(15, 'profit', 'Lorem Ipsum is simply dummy text of the printing and typesetting industry. Lorem Ipsum has been the industry\'s standard dummy text ever since the 1500s, when an unknown printer took a galley of type and scrambled.', NULL, '2020-07-18 02:03:11', NULL),
(16, 'affiliate', 'If you have a website and youd like to help promote Lotto Go, contact us to become an affiliate. As a Lotto Go partner, you\'ll be entitled to the following benefits:', NULL, '2020-07-18 02:03:11', NULL),
(17, 'how_to_play', 'Lorem Ipsum is simply dummy text of the printing and typesetting industry. Lorem Ipsum has been the industry\'s standard dummy wtext ever since the 1500s, when an unknown printer took a galley of type and scrambled.', NULL, '2020-07-18 02:03:11', NULL),
(18, 'top_winners', 'Lorem Ipsum is simply dummy text of the printing and typesetting industry. Lorem Ipsum has been the industry\'s standard dummy text ever since the 1500s, when an unknown printer took a galley of type and scrambled it to make a type specimen book.', NULL, '2020-07-18 02:03:11', NULL);

-- --------------------------------------------------------

--
-- Table structure for table `migrations`
--

CREATE TABLE `migrations` (
  `id` int(10) UNSIGNED NOT NULL,
  `migration` varchar(191) CHARACTER SET utf8mb4 COLLATE utf8mb4_unicode_ci NOT NULL,
  `batch` int(11) NOT NULL
) ENGINE=InnoDB DEFAULT CHARSET=utf8mb4 COLLATE=utf8mb4_unicode_ci;

--
-- Dumping data for table `migrations`
--

INSERT INTO `migrations` (`id`, `migration`, `batch`) VALUES
(670, '2014_10_12_000000_create_users_table', 1),
(671, '2014_10_12_100000_create_password_resets_table', 1),
(672, '2020_06_10_024843_create_settings_table', 1),
(673, '2020_06_12_131856_create_user_setting_table', 1),
(674, '2020_06_15_075738_create_games_table', 1),
(675, '2020_06_15_230955_create_game_setting_code_table', 1),
(676, '2020_06_16_040941_create_groups_table', 1),
(677, '2020_06_16_041158_create_roles_table', 1),
(678, '2020_06_16_041229_create_group_role_table', 1),
(679, '2020_06_16_065651_add_group_id_foreign_key_to_users_table', 1),
(680, '2020_06_19_034516_create_tickets_table', 1),
(681, '2020_06_19_133554_create_sacks_table', 1),
(682, '2020_06_21_025536_create_credits_table', 1),
(683, '2020_06_21_025628_create_credit_activities_table', 1),
(684, '2020_06_22_012453_create_ticket_rewards_table', 1),
(685, '2020_06_22_032221_create_vaults_table', 1),
(686, '2020_06_22_032328_create_vault_activities_table', 1),
(687, '2020_06_22_085124_create_lotteries_table', 1),
(688, '2020_06_22_161724_create_lottery_activities_table', 1),
(689, '2020_06_26_100833_create_booking_table', 1),
(690, '2020_06_26_131832_add_booking_id_foreign_key_to_tickets_table', 1),
(691, '2020_06_28_201243_create_contacts_table', 1),
(692, '2020_06_28_201309_create_pages_table', 1),
(693, '2020_06_30_164639_create_meta_box_table', 1),
(694, '2020_07_01_171933_create_lotteries_rost_table', 1),
(695, '2020_07_07_023034_create_games_config_table', 1),
(696, '2020_07_07_024618_add_game_code_and_game_reward_id_foreign_key_to_lottery_activities_table', 1),
(697, '2020_07_07_034114_add_game_config_id_foreign_key_to_vaults_table', 1),
(698, '2020_07_09_110148_add_prize_id_foreign_key_to_tickets_table', 1),
(699, '2020_07_12_054056_create_faqs_table', 1),
(700, '2020_07_13_082140_create_requests_table', 1),
(701, '2020_08_19_082542_create_commissions_table', 2),
(702, '2020_08_20_044927_add_currency_to_tickets_table', 2),
(705, '2020_08_25_045531_add_currency_to_commissions_table', 3),
(706, '2020_08_25_083919_add_is_received_and_is_temp_column_to_commissions_table', 3),
(707, '2020_08_26_061817_add_currency_to_requests_table', 4),
(708, '2020_08_27_065924_add_is_auto_to_requests_table', 5),
(709, '2020_08_28_092027_add_lottery_id_column_to_commissions_table', 6),
(710, '2020_08_28_092157_add_lottery_id_foreign_key_to_commissions_table', 7);

-- --------------------------------------------------------

--
-- Table structure for table `pages`
--

CREATE TABLE `pages` (
  `id` bigint(20) UNSIGNED NOT NULL,
  `created_id` bigint(20) UNSIGNED NOT NULL,
  `updated_id` bigint(20) UNSIGNED DEFAULT NULL,
  `background` text CHARACTER SET utf8mb4 COLLATE utf8mb4_unicode_ci NOT NULL,
  `title` varchar(510) CHARACTER SET utf8mb4 COLLATE utf8mb4_unicode_ci NOT NULL,
  `description` text CHARACTER SET utf8mb4 COLLATE utf8mb4_unicode_ci NOT NULL,
  `content` text CHARACTER SET utf8mb4 COLLATE utf8mb4_unicode_ci NOT NULL,
  `deleted_at` timestamp NULL DEFAULT NULL,
  `created_at` timestamp NULL DEFAULT NULL,
  `updated_at` timestamp NULL DEFAULT NULL
) ENGINE=InnoDB DEFAULT CHARSET=utf8mb4 COLLATE=utf8mb4_unicode_ci;

-- --------------------------------------------------------

--
-- Table structure for table `password_resets`
--

CREATE TABLE `password_resets` (
  `email` varchar(191) CHARACTER SET utf8mb4 COLLATE utf8mb4_unicode_ci NOT NULL,
  `token` varchar(191) CHARACTER SET utf8mb4 COLLATE utf8mb4_unicode_ci NOT NULL,
  `created_at` timestamp NULL DEFAULT NULL
) ENGINE=InnoDB DEFAULT CHARSET=utf8mb4 COLLATE=utf8mb4_unicode_ci;

-- --------------------------------------------------------

--
-- Table structure for table `requests`
--

CREATE TABLE `requests` (
  `id` bigint(20) UNSIGNED NOT NULL,
  `uid` bigint(20) UNSIGNED NOT NULL,
  `type` varchar(191) CHARACTER SET utf8mb4 COLLATE utf8mb4_unicode_ci NOT NULL,
  `status` varchar(191) CHARACTER SET utf8mb4 COLLATE utf8mb4_unicode_ci NOT NULL,
  `amount` double NOT NULL,
  `currency` varchar(191) COLLATE utf8mb4_unicode_ci NOT NULL,
  `sso_id` varchar(191) CHARACTER SET utf8mb4 COLLATE utf8mb4_unicode_ci NOT NULL,
  `is_auto` tinyint(4) NOT NULL DEFAULT '0',
  `deleted_at` timestamp NULL DEFAULT NULL,
  `created_at` timestamp NULL DEFAULT NULL,
  `updated_at` timestamp NULL DEFAULT NULL
) ENGINE=InnoDB DEFAULT CHARSET=utf8mb4 COLLATE=utf8mb4_unicode_ci;

--
-- Dumping data for table `requests`
--

INSERT INTO `requests` (`id`, `uid`, `type`, `status`, `amount`, `currency`, `sso_id`, `is_auto`, `deleted_at`, `created_at`, `updated_at`) VALUES
(1, 5, 'withdraw', 'success', 1, 'ETI', '479719875', 0, NULL, '2020-07-16 07:03:37', '2020-07-16 07:06:16'),
(2, 5, 'withdraw', 'success', 1, 'ETI', '479719875', 0, NULL, '2020-07-16 07:11:35', '2020-07-16 07:13:05'),
(3, 5, 'withdraw', 'success', 1, 'ETI', '479719875', 0, NULL, '2020-07-17 02:30:44', '2020-07-17 07:11:55'),
(4, 5, 'withdraw', 'pending', 1, 'ETI', '479719875', 0, NULL, '2020-07-20 08:47:37', NULL),
(5, 7, 'withdraw', 'pending', 109, 'ETI', '402461137', 0, NULL, '2020-08-26 07:38:18', NULL),
(6, 7, 'withdraw', 'pending', 1, 'ETI', '402461137', 0, NULL, '2020-08-26 07:40:21', NULL),
(7, 7, 'withdraw', 'pending', 1, 'ETI', '402461137', 0, NULL, '2020-08-26 07:45:03', NULL),
(8, 7, 'withdraw', 'pending', 1, 'ETI', '402461137', 0, NULL, '2020-08-26 07:50:24', NULL),
(9, 7, 'withdraw', 'pending', 100, 'ETI', '402461137', 0, NULL, '2020-08-26 07:50:30', NULL),
(10, 7, 'withdraw', 'pending', 109, 'ETI', '402461137', 0, NULL, '2020-08-26 07:50:35', NULL),
(11, 7, 'withdraw', 'pending', 109.59, 'ETI', '402461137', 0, NULL, '2020-08-26 08:12:38', NULL),
(12, 7, 'withdraw', 'pending', 109.59, 'ETI', '402461137', 0, NULL, '2020-08-26 08:12:46', NULL),
(13, 7, 'withdraw', 'pending', 1, 'ETI', '402461137', 0, NULL, '2020-08-26 08:20:49', NULL),
(14, 7, 'withdraw', 'pending', 109.58, 'ETI', '402461137', 0, NULL, '2020-08-26 08:23:54', NULL),
(15, 7, 'withdraw', 'pending', 1.2, 'ETI', '402461137', 0, NULL, '2020-08-26 08:25:27', NULL),
(16, 7, 'withdraw', 'fail', 1000, 'EPO', '402461137', 0, NULL, '2020-08-26 08:33:38', '2020-08-26 09:10:57'),
(17, 7, 'withdraw', 'success', 1000, 'EPO', '402461137', 0, NULL, '2020-08-26 09:13:03', '2020-08-26 09:15:06'),
(18, 7, 'withdraw', 'pending', 100, 'ETI', '402461137', 0, NULL, '2020-08-26 09:14:17', NULL),
(19, 7, 'withdraw', 'pending', 1, 'ETI', '402461137', 0, NULL, '2020-08-26 09:14:54', NULL),
(20, 7, 'withdraw', 'pending', 1, 'ETI', '402461137', 0, NULL, '2020-08-26 09:16:52', NULL),
(21, 7, 'withdraw', 'pending', 111, 'EUSDT', '402461137', 0, NULL, '2020-08-27 02:03:23', NULL),
(22, 7, 'withdraw', 'pending', 2.22, 'EUSDT', '402461137', 0, NULL, '2020-08-27 02:15:41', NULL),
(23, 7, 'withdraw', 'pending', 1, 'ETI', '402461137', 0, NULL, '2020-08-27 07:34:24', '2020-08-27 07:34:24'),
(24, 7, 'withdraw', 'pending', 12, 'ETI', '402461137', 0, NULL, '2020-08-27 07:34:44', '2020-08-27 07:34:44'),
(25, 7, 'withdraw', 'pending', 11, 'ETI', '402461137', 0, NULL, '2020-08-27 07:36:46', '2020-08-27 07:36:46'),
(26, 7, 'withdraw', 'pending', 1, 'ETI', '402461137', 0, NULL, '2020-08-27 07:36:55', '2020-08-27 07:36:55'),
(27, 7, 'withdraw', 'pending', 2, 'ETI', '402461137', 0, NULL, '2020-08-27 07:37:17', '2020-08-27 07:37:17'),
(28, 7, 'withdraw', 'pending', 1, 'ETI', '402461137', 0, NULL, '2020-08-27 07:37:29', '2020-08-27 07:37:29'),
(29, 7, 'withdraw', 'pending', 22, 'ETI', '402461137', 0, NULL, '2020-08-27 07:38:09', '2020-08-27 07:38:09'),
(30, 7, 'withdraw', 'pending', 1, 'ETI', '402461137', 0, NULL, '2020-08-28 02:56:53', '2020-08-28 02:56:53'),
(31, 7, 'withdraw', 'success', 22, 'ETI', '402461137', 1, NULL, '2020-08-28 02:57:08', '2020-08-28 02:57:08'),
(32, 7, 'withdraw', 'success', 79.59, 'ETI', '402461137', 1, NULL, '2020-09-15 09:03:52', '2020-09-15 09:03:52'),
(33, 7, 'withdraw', 'success', 1, 'EUSDT', '402461137', 1, NULL, '2020-09-15 09:29:38', '2020-09-15 09:29:38'),
(34, 7, 'withdraw', 'success', 11, 'EUSDT', '402461137', 1, NULL, '2020-09-15 09:29:56', '2020-09-15 09:29:56'),
(35, 7, 'withdraw', 'success', 991, 'EUSDT', '402461137', 1, NULL, '2020-09-15 09:30:06', '2020-09-15 09:30:06'),
(36, 7, 'withdraw', 'success', 100, 'EUSDT', '402461137', 1, NULL, '2020-09-15 09:30:45', '2020-09-15 09:30:45'),
(37, 7, 'withdraw', 'success', 99, 'EUSDT', '402461137', 1, NULL, '2020-09-15 09:32:06', '2020-09-15 09:32:06'),
(38, 7, 'withdraw', 'success', 99803, 'EUSDT', '402461137', 1, NULL, '2020-09-15 09:35:05', '2020-09-15 09:35:05');

-- --------------------------------------------------------

--
-- Table structure for table `roles`
--

CREATE TABLE `roles` (
  `id` bigint(20) UNSIGNED NOT NULL,
  `name` varchar(255) CHARACTER SET utf8mb4 COLLATE utf8mb4_unicode_ci NOT NULL,
  `description` text CHARACTER SET utf8mb4 COLLATE utf8mb4_unicode_ci,
  `created_at` timestamp NULL DEFAULT NULL,
  `updated_at` timestamp NULL DEFAULT NULL
) ENGINE=InnoDB DEFAULT CHARSET=utf8mb4 COLLATE=utf8mb4_unicode_ci;

--
-- Dumping data for table `roles`
--

INSERT INTO `roles` (`id`, `name`, `description`, `created_at`, `updated_at`) VALUES
(1, 'dashboard-index', 'Index Of Dashboard', '2020-07-13 10:42:49', NULL),
(2, 'dashboard-create', 'Create Of Dashboard', '2020-07-13 10:42:49', NULL),
(3, 'dashboard-store', 'Store Of Dashboard', '2020-07-13 10:42:49', NULL),
(4, 'dashboard-show', 'Show Of Dashboard', '2020-07-13 10:42:49', NULL),
(5, 'dashboard-edit', 'Edit Of Dashboard', '2020-07-13 10:42:49', NULL),
(6, 'dashboard-update', 'Update Of Dashboard', '2020-07-13 10:42:49', NULL),
(7, 'dashboard-destroy', 'Destroy Of Dashboard', '2020-07-13 10:42:49', NULL),
(8, 'group-index', 'Index Of Group', '2020-07-13 10:42:49', NULL),
(9, 'group-create', 'Create Of Group', '2020-07-13 10:42:49', NULL),
(10, 'group-store', 'Store Of Group', '2020-07-13 10:42:49', NULL),
(11, 'group-show', 'Show Of Group', '2020-07-13 10:42:49', NULL),
(12, 'group-edit', 'Edit Of Group', '2020-07-13 10:42:49', NULL),
(13, 'group-update', 'Update Of Group', '2020-07-13 10:42:49', NULL),
(14, 'group-destroy', 'Destroy Of Group', '2020-07-13 10:42:49', NULL),
(15, 'user-index', 'Index Of User', '2020-07-13 10:42:49', NULL),
(16, 'user-create', 'Create Of User', '2020-07-13 10:42:49', NULL),
(17, 'user-store', 'Store Of User', '2020-07-13 10:42:49', NULL),
(18, 'user-show', 'Show Of User', '2020-07-13 10:42:49', NULL),
(19, 'user-edit', 'Edit Of User', '2020-07-13 10:42:49', NULL),
(20, 'user-update', 'Update Of User', '2020-07-13 10:42:49', NULL),
(21, 'user-destroy', 'Destroy Of User', '2020-07-13 10:42:49', NULL),
(22, 'setting-index', 'Index Of Setting', '2020-07-13 10:42:49', NULL),
(23, 'setting-create', 'Create Of Setting', '2020-07-13 10:42:49', NULL),
(24, 'setting-store', 'Store Of Setting', '2020-07-13 10:42:49', NULL),
(25, 'setting-show', 'Show Of Setting', '2020-07-13 10:42:49', NULL),
(26, 'setting-edit', 'Edit Of Setting', '2020-07-13 10:42:49', NULL),
(27, 'setting-update', 'Update Of Setting', '2020-07-13 10:42:49', NULL),
(28, 'setting-destroy', 'Destroy Of Setting', '2020-07-13 10:42:49', NULL),
(29, 'game-index', 'Index Of Game', '2020-07-13 10:42:49', NULL),
(30, 'game-create', 'Create Of Game', '2020-07-13 10:42:49', NULL),
(31, 'game-store', 'Store Of Game', '2020-07-13 10:42:49', NULL),
(32, 'game-show', 'Show Of Game', '2020-07-13 10:42:49', NULL),
(33, 'game-edit', 'Edit Of Game', '2020-07-13 10:42:49', NULL),
(34, 'game-update', 'Update Of Game', '2020-07-13 10:42:49', NULL),
(35, 'game-destroy', 'Destroy Of Game', '2020-07-13 10:42:49', NULL),
(36, 'role-index', 'Index Of Role', '2020-07-13 10:42:49', NULL),
(37, 'role-create', 'Create Of Role', '2020-07-13 10:42:49', NULL),
(38, 'role-store', 'Store Of Role', '2020-07-13 10:42:49', NULL),
(39, 'role-show', 'Show Of Role', '2020-07-13 10:42:49', NULL),
(40, 'role-edit', 'Edit Of Role', '2020-07-13 10:42:49', NULL),
(41, 'role-update', 'Update Of Role', '2020-07-13 10:42:49', NULL),
(42, 'role-destroy', 'Destroy Of Role', '2020-07-13 10:42:49', NULL),
(43, 'ticket-index', 'Index Of Ticket', '2020-07-13 10:42:49', NULL),
(44, 'ticket-create', 'Create Of Ticket', '2020-07-13 10:42:49', NULL),
(45, 'ticket-store', 'Store Of Ticket', '2020-07-13 10:42:49', NULL),
(46, 'ticket-show', 'Show Of Ticket', '2020-07-13 10:42:49', NULL),
(47, 'ticket-edit', 'Edit Of Ticket', '2020-07-13 10:42:49', NULL),
(48, 'ticket-update', 'Update Of Ticket', '2020-07-13 10:42:49', NULL),
(49, 'ticket-destroy', 'Destroy Of Ticket', '2020-07-13 10:42:49', NULL);

-- --------------------------------------------------------

--
-- Table structure for table `sacks`
--

CREATE TABLE `sacks` (
  `id` bigint(20) UNSIGNED NOT NULL,
  `value` int(11) NOT NULL,
  `game_id` bigint(20) UNSIGNED NOT NULL,
  `deleted_at` timestamp NULL DEFAULT NULL,
  `created_at` timestamp NULL DEFAULT NULL,
  `updated_at` timestamp NULL DEFAULT NULL
) ENGINE=InnoDB DEFAULT CHARSET=utf8mb4 COLLATE=utf8mb4_unicode_ci;

--
-- Dumping data for table `sacks`
--

INSERT INTO `sacks` (`id`, `value`, `game_id`, `deleted_at`, `created_at`, `updated_at`) VALUES
(5, 4, 1, NULL, '2020-08-28 09:49:18', '2020-08-28 09:49:18'),
(6, 3, 1, NULL, '2020-08-28 09:49:18', '2020-08-28 09:49:18');

-- --------------------------------------------------------

--
-- Table structure for table `settings`
--

CREATE TABLE `settings` (
  `id` bigint(20) UNSIGNED NOT NULL,
  `code` varchar(50) CHARACTER SET utf8mb4 COLLATE utf8mb4_unicode_ci NOT NULL,
  `type` varchar(20) CHARACTER SET utf8mb4 COLLATE utf8mb4_unicode_ci NOT NULL,
  `value` text CHARACTER SET utf8mb4 COLLATE utf8mb4_unicode_ci,
  `created_at` timestamp NOT NULL DEFAULT CURRENT_TIMESTAMP
) ENGINE=InnoDB DEFAULT CHARSET=utf8mb4 COLLATE=utf8mb4_unicode_ci;

--
-- Dumping data for table `settings`
--

INSERT INTO `settings` (`id`, `code`, `type`, `value`, `created_at`) VALUES
(1, 'site_title', 'system', 'Website Title', '2020-07-13 10:42:49'),
(2, 'tagline', 'system', 'Website Tagline', '2020-07-13 10:42:49'),
(3, 'administration_email', 'system', 'mail@gmail.com', '2020-07-13 10:42:49'),
(4, 'administration_phone', 'system', '0123123123', '2020-07-13 10:42:49'),
(5, 'timezone', 'system', 'Asia/Ho_Chi_Minh', '2020-07-13 10:42:49'),
(6, 'time_format', 'user', 'H:i:s d/m/Y', '2020-07-13 10:42:49'),
(7, 'site_language', 'user', 'en', '2020-07-13 10:42:49'),
(8, 'start_time', 'system', '23:59:59', '2020-07-13 10:42:49'),
(9, 'jackpot_type', 'system', 'manually', '2020-07-13 10:42:49'),
(10, 'currency', 'system', 'USDT', '2020-07-13 10:42:49'),
(11, 'wallet', 'user', 'timebit', '2020-07-13 10:42:49'),
(12, 'mail_html', 'system', '<table width=\"100%\" border=\"0\" align=\"center\" cellpadding=\"0\" cellspacing=\"0\">\r\n                            <tbody>\r\n                            <tr>\r\n                                <td align=\"center\" style=\"min-width:512px;background-color:#f3f3f3\">\r\n                                    <table width=\"100%\" border=\"0\" align=\"center\" cellpadding=\"0\" cellspacing=\"0\">\r\n                                        <tbody>\r\n                                        <tr>\r\n                                            <td align=\"center\">\r\n                                                <table class=\"m_8079505300453937607w100\" align=\"center\" width=\"512\" border=\"0\" cellspacing=\"0\" cellpadding=\"0\" style=\"background-color:#0e0e0f;background-image: url(\'./images/logo/bg.png\');background-size: 130%;\">\r\n                                                    <tbody>\r\n                                                    <tr>\r\n                                                        <td class=\"m_8079505300453937607hide\" align=\"center\" style=\"padding-top:10px;padding-bottom:15px\">\r\n                                                            <table width=\"95%\" border=\"0\" align=\"center\" cellpadding=\"0\" cellspacing=\"0\">\r\n                                                                <tbody>\r\n                                                                <tr>\r\n                                                                </tr>\r\n                                                                </tbody>\r\n                                                            </table>\r\n                                                        </td>\r\n                                                    </tr>\r\n\r\n                                                    <tr>\r\n                                                        <td align=\"center\" style=\"background-color:white\">\r\n                                                            <table width=\"100%\" border=\"0\" align=\"center\" cellpadding=\"0\" cellspacing=\"0\">\r\n                                                                <tbody>\r\n                                                                <tr>\r\n\r\n                                                                </tr>\r\n                                                                </tbody>\r\n                                                            </table>\r\n                                                        </td>\r\n                                                    </tr>\r\n\r\n                                                    <tr>\r\n                                                        <td class=\"m_8079505300453937607padt10m m_8079505300453937607padb10m\" align=\"center\" style=\"padding-top:15px;padding-bottom:15px\">\r\n                                                            <table width=\"90%\" border=\"0\" align=\"center\" cellpadding=\"0\" cellspacing=\"0\">\r\n                                                                <tbody>\r\n                                                                <tr>\r\n\r\n                                                                    <td align=\"left\" width=\"46\">\r\n                                                                        <a href=\"#\" target=\"_blank\" data-saferedirecturl=\"#\"><img src=\"https://elegend.io/wp-content/uploads/2020/06/logo-elegend.png\" width=\"50%\" height=\"35\" alt=\"jackpot\" style=\"display:block;border:0;font-size:20px;font-weight:bold;font-family:sans-serif;color:#222222;\" class=\"CToWUd\"></a>\r\n                                                                    </td>\r\n                                                                </tr>\r\n                                                                </tbody>\r\n                                                            </table>\r\n                                                        </td>\r\n                                                    </tr>\r\n                                                    <tr>\r\n                                                        <td align=\"center\" style=\" padding-top:25px;padding-bottom:0\">\r\n                                                            <table width=\"90%\" border=\"0\" align=\"center\" cellpadding=\"0\" cellspacing=\"0\">\r\n                                                                <tbody>\r\n                                                                <tr>\r\n                                                                    <td>\r\n                                                                        <h1 class=\"m_8079505300453937607h1m\" style=\"text-transform: uppercase;line-height:28px;letter-spacing:-.20px;margin:10px 0 16px 0;font-family:Helvetica Neue,Arial,sans-serif;color:#ffff;text-align:center\">\r\n                                                                            Confirm Reward</h1>\r\n                                                                    </td>\r\n\r\n                                                                </tr>\r\n\r\n                                                                <tr>\r\n\r\n                                                                    <td>\r\n\r\n                                                                        <p class=\"m_8079505300453937607h2m\" style=\"margin:0 0 15px 0;font-size:15px;font-family:Helvetica Neue,Arial,sans-serif;color:#7c7c80;text-align:center;line-height:24px\">\r\n                                                                            Hello, You have successfully won order\r\n                                                                            @TICKET_ID@.\r\n                                                                        </p>\r\n\r\n                                                                    </td>\r\n\r\n                                                                </tr>\r\n\r\n                                                                </tbody>\r\n                                                            </table>\r\n\r\n                                                        </td>\r\n                                                    </tr>\r\n                                                    <tr>\r\n                                                        <td align=\"center\">\r\n                                                            <table width=\"30%\" border=\"0\" align=\"center\" cellpadding=\"0\" cellspacing=\"0\">\r\n                                                                <tbody>\r\n                                                                <tr>\r\n                                                                    <td style=\"border-top:1px solid #df523d\">\r\n                                                                    </td>\r\n                                                                </tr>\r\n                                                                </tbody>\r\n                                                            </table>\r\n                                                        </td>\r\n                                                    </tr>\r\n                                                    <tr>\r\n                                                        <td align=\"center\" style=\" padding-top:15px;padding-bottom:10px\">\r\n                                                            <table width=\"90%\" border=\"0\" align=\"center\" cellpadding=\"0\" cellspacing=\"0\">\r\n                                                                <tbody>\r\n                                                                <tr>\r\n\r\n                                                                    <td style=\"font-weight:550;font-size:18px;font-family:Helvetica Neue,Arial,sans-serif;color:#df523d;text-align:center\">\r\n\r\n                                                                        Prize value\r\n                                                                    </td>\r\n\r\n                                                                </tr>\r\n\r\n                                                                <tr>\r\n\r\n                                                                    <td style=\"font-weight:550;padding-top:5px;font-size:30px;font-family:Helvetica Neue,Arial,sans-serif;color:#7c7c80;text-align:center;line-height:1.2em;\">\r\n\r\n                                                                        @AMOUNT@ <span>USDT</span>\r\n                                                                    </td>\r\n\r\n                                                                </tr>\r\n\r\n                                                                </tbody>\r\n                                                            </table>\r\n\r\n                                                        </td>\r\n                                                    </tr>\r\n                                                    <tr>\r\n                                                        <td align=\"center\" style=\" padding-top:10px;padding-bottom:10px\">\r\n                                                            <table width=\"90%\" border=\"0\" align=\"center\" cellpadding=\"0\" cellspacing=\"0\">\r\n                                                                <tbody>\r\n                                                                <tr>\r\n\r\n                                                                    <td class=\"m_8079505300453937607h2m\" style=\"text-transform:uppercase;font-size:18px;font-family:Helvetica Neue,Arial,sans-serif;color:#fff;text-align:left;font-weight:400;padding-bottom:10px;padding-left:15px;\">\r\n                                                                        DETAIL INFORMATION\r\n                                                                    </td>\r\n                                                                </tr>\r\n                                                                <tr style=\"background-color: rgba(9, 9, 9, 0.8);\">\r\n                                                                    <td style=\"border-top-left-radius: 8px;border-bottom: 1px solid #383839;padding: 10px;font-size:14px;font-family:Helvetica Neue,Arial,sans-serif;color:#3c4043;text-align:left;line-height:1.55em\" width=\"70%\">\r\n\r\n                                                                        <div style=\"font-weight: 550;color:#7c7c80;margin:0px;font-size:14px;line-height:22px;font-size:15px;padding-right:10px\">\r\n                                                                            GAME\r\n                                                                        </div>\r\n                                                                    </td>\r\n                                                                    <td style=\"border-top-right-radius: 8px;border-bottom: 1px solid #383839;padding: 10px;font-size:14px;font-family:Helvetica Neue,Arial,sans-serif;color:#3c4043;text-align:right;line-height:1.55em\" width=\"50%\">\r\n\r\n                                                                        <div style=\"font-weight: 550;color:#ffc62c;margin:0px;line-height:22px;font-size:15px\">\r\n                                                                            @GAME_NAME@\r\n                                                                        </div>\r\n                                                                    </td>\r\n\r\n                                                                </tr>\r\n                                                                <tr style=\"background-color: rgba(9, 9, 9, 0.8);\">\r\n                                                                    <td style=\"border-bottom: 1px solid #383839;padding: 10px;font-size:14px;font-family:Helvetica Neue,Arial,sans-serif;color:#3c4043;text-align:left;line-height:1.55em\" width=\"70%\">\r\n\r\n                                                                        <div style=\"font-weight: 550;color:#7c7c80;margin:0px;font-size:14px;line-height:22px;font-size:15px;padding-right:10px\">\r\n                                                                            PRICE/TICKET\r\n                                                                        </div>\r\n                                                                    </td>\r\n                                                                    <td style=\"border-bottom: 1px solid #383839;padding: 10px;font-size:14px;font-family:Helvetica Neue,Arial,sans-serif;color:#3c4043;text-align:right;line-height:1.55em\" width=\"50%\">\r\n\r\n                                                                        <div style=\"font-weight: 550;color:#ffc62c;margin:0px;font-size:12px;line-height:22px;font-size:15px\">\r\n                                                                            @PRICE@\r\n                                                                        </div>\r\n                                                                    </td>\r\n\r\n                                                                </tr>\r\n                                                                <tr style=\"background-color: rgba(9, 9, 9, 0.8);\">\r\n                                                                    <td style=\"border-bottom-left-radius: 8px;padding: 10px;font-size:14px;font-family:Helvetica Neue,Arial,sans-serif;color:#3c4043;text-align:left;line-height:1.55em\" width=\"70%\">\r\n\r\n                                                                        <div style=\"font-weight: 550;color:#7c7c80;margin:0px;font-size:14px;line-height:22px;font-size:15px;padding-right:10px;\">\r\n                                                                            AMOUNT\r\n                                                                        </div>\r\n                                                                    </td>\r\n                                                                    <td style=\"border-bottom-right-radius: 8px;padding: 10px;font-size:14px;font-family:Helvetica Neue,Arial,sans-serif;color:#3c4043;text-align:right;line-height:1.55em\" width=\"50%\">\r\n\r\n                                                                        <div style=\"font-weight: 550;color:#ffc62c;margin:0px;font-size:12px;line-height:22px;font-size:15px\">\r\n                                                                            @QUALITY@\r\n                                                                        </div>\r\n                                                                    </td>\r\n\r\n                                                                </tr>\r\n                                                                <tr style=\"background-color: rgba(9, 9, 9, 0.8);\">\r\n                                                                    <td style=\"border-bottom-left-radius: 8px;padding: 10px;font-size:14px;font-family:Helvetica Neue,Arial,sans-serif;color:#3c4043;text-align:left;line-height:1.55em\" width=\"70%\">\r\n\r\n                                                                        <div style=\"font-weight: 550;color:#7c7c80;margin:0px;font-size:14px;line-height:22px;font-size:15px;padding-right:10px;\">\r\n                                                                            TICKET\r\n                                                                        </div>\r\n                                                                    </td>\r\n                                                                    <td style=\"border-bottom-right-radius: 8px;padding: 10px;font-size:14px;font-family:Helvetica Neue,Arial,sans-serif;color:#3c4043;text-align:right;line-height:1.55em\" width=\"50%\">\r\n\r\n                                                                        <div style=\"font-weight: 550;color:#ffc62c;margin:0px;font-size:12px;line-height:22px;font-size:15px\">\r\n                                                                            @TICKET@\r\n                                                                        </div>\r\n                                                                    </td>\r\n\r\n                                                                </tr>\r\n                                                                <tr style=\"background-color: rgba(9, 9, 9, 0.8);\">\r\n                                                                    <td style=\"\r\n                                            border-bottom-left-radius: 8px;padding: 10px;font-size:14px;font-family:Helvetica Neue,Arial,\r\n                                            sans-serif;color:#3c4043;text-align:right;line-height:1.55em;\" width=\"70%\" colspan=\"2\">\r\n                                                                        DETAIL: <a href=\"http://localhost/ltoto/public\">VIEW\r\n                                                                            MORE</a>\r\n                                                                    </td>\r\n\r\n                                                                </tr>\r\n                                                                </tbody>\r\n                                                            </table>\r\n                                                        </td>\r\n                                                    </tr>\r\n                                                    <tr>\r\n                                                        <td align=\"center\" style=\" padding-top:30px;padding-bottom:10px\">\r\n                                                            <table width=\"90%\" border=\"0\" align=\"center\" cellpadding=\"0\" cellspacing=\"0\">\r\n                                                                <tbody>\r\n                                                                <tr>\r\n\r\n                                                                    <td class=\"m_8079505300453937607h2m\" style=\"text-transform:uppercase;font-size:18px;font-family:Helvetica Neue,Arial,sans-serif;color:#fff;text-align:left;font-weight:400;padding-bottom:10px;padding-left:15px;\">\r\n                                                                        CUSTOMER INFORMATION\r\n                                                                    </td>\r\n                                                                </tr>\r\n                                                                <tr style=\"background-color: rgba(9, 9, 9, 0.8);\">\r\n                                                                    <td style=\"border-top-left-radius: 8px;border-bottom: 1px solid #383839;padding: 10px;font-size:14px;font-family:Helvetica Neue,Arial,sans-serif;color:#3c4043;text-align:left;line-height:1.55em\" width=\"50%\">\r\n\r\n                                                                        <div style=\"font-weight: 550;color:#7c7c80;margin:0px;font-size:14px;line-height:22px;font-size:15px;padding-right:10px\">\r\n                                                                            CUSTOMER NAME\r\n                                                                        </div>\r\n                                                                    </td>\r\n                                                                    <td style=\"border-top-right-radius: 8px;border-bottom: 1px solid #383839;padding: 10px;font-size:14px;font-family:Helvetica Neue,Arial,sans-serif;color:#3c4043;text-align:right;line-height:1.55em\" width=\"50%\">\r\n\r\n                                                                        <div style=\"font-weight: 550;color:#ffc62c;margin:0px;font-size:12px;line-height:22px;font-size:15px\">\r\n                                                                            @CUSTOMERNAME@\r\n                                                                        </div>\r\n                                                                    </td>\r\n\r\n                                                                </tr>\r\n                                                                <tr style=\"background-color: rgba(9, 9, 9, 0.8);\">\r\n                                                                    <td style=\"border-bottom: 1px solid #383839;padding: 10px;font-size:14px;font-family:Helvetica Neue,Arial,sans-serif;color:#3c4043;text-align:left;line-height:1.55em\" width=\"70%\">\r\n\r\n                                                                        <div style=\"font-weight: 550;color:#7c7c80;margin:0px;font-size:14px;line-height:22px;font-size:15px;padding-right:10px\">\r\n                                                                            EMAIL\r\n                                                                        </div>\r\n                                                                    </td>\r\n                                                                    <td style=\"border-bottom: 1px solid #383839;padding: 10px;font-size:14px;font-family:Helvetica Neue,Arial,sans-serif;color:#3c4043;text-align:right;line-height:1.55em\" width=\"50%\">\r\n\r\n                                                                        <div style=\"font-weight: 550;color:#ffc62c;margin:0px;font-size:12px;line-height:22px;font-size:15px\">\r\n                                                                            @EMAIL@\r\n                                                                        </div>\r\n                                                                    </td>\r\n\r\n                                                                </tr>\r\n                                                                <tr style=\"background-color: rgba(9, 9, 9, 0.8);\">\r\n                                                                    <td style=\"border-bottom: 1px solid #383839;padding: 10px;font-size:14px;font-family:Helvetica Neue,Arial,sans-serif;color:#3c4043;text-align:left;line-height:1.55em\" width=\"70%\">\r\n\r\n                                                                        <div style=\"font-weight: 550;color:#7c7c80;margin:0px;font-size:14px;line-height:22px;font-size:15px;padding-right:10px\">\r\n                                                                            PHONE\r\n                                                                        </div>\r\n                                                                    </td>\r\n                                                                    <td style=\"border-bottom: 1px solid #383839;padding: 10px;font-size:14px;font-family:Helvetica Neue,Arial,sans-serif;color:#3c4043;text-align:right;line-height:1.55em\" width=\"50%\">\r\n\r\n                                                                        <div style=\"font-weight: 550;color:#ffc62c;margin:0px;font-size:12px;line-height:22px;font-size:15px\">\r\n                                                                            @PHONE@\r\n                                                                        </div>\r\n                                                                    </td>\r\n\r\n                                                                </tr>\r\n                                                                </tbody>\r\n                                                            </table>\r\n\r\n                                                        </td>\r\n                                                    </tr>\r\n                                                    </tbody>\r\n                                                </table>\r\n                                            </td>\r\n                                        </tr>\r\n                                        <tr>\r\n                                            <td align=\"center\">\r\n                                                <table class=\"m_8079505300453937607w100\" align=\"center\" width=\"512\" border=\"0\" cellspacing=\"0\" cellpadding=\"0\">\r\n\r\n\r\n                                                    <tbody>\r\n                                                    <tr>\r\n                                                        <td align=\"center\" style=\"background-color:#0e0e0f;padding-top:20px;padding-bottom:20px\">\r\n                                                            <table width=\"90%\" border=\"0\" align=\"center\" cellpadding=\"0\" cellspacing=\"0\">\r\n                                                                <tbody>\r\n                                                                <tr>\r\n                                                                    <td>\r\n                                                                        <table width=\"100%\" border=\"0\" align=\"center\" cellpadding=\"0\" cellspacing=\"0\">\r\n                                                                            <tbody>\r\n                                                                            <tr>\r\n\r\n                                                                                <td class=\"m_8079505300453937607h2m m_8079505300453937607stack-column-center\" style=\"padding:0;margin:0;text-align:center\">\r\n\r\n                                                                                    <div style=\"color:#fff;display:block;font-family:sans-serif;font-size:13px;font-weight:700;line-height:19px;margin:0px;padding:0px\">\r\n                                                                                        Lin h vi chng ti: <span style=\"color: #ffc62c !important;\">support@ijackpot.elegend.io</span>\r\n                                                                                    </div>\r\n\r\n                                                                                    <div style=\"margin:5px 0 0 0;color:#5d5d64;display:block;font-family:sans-serif;font-size:12px;font-weight:normal;line-height:20px\">\r\n                                                                                         2020. All rights Reserved\r\n                                                                                    </div>\r\n                                                                                    <div style=\"margin:5px 0 0 0;color:#7c7c80;display:block;font-family:sans-serif;font-size:12px;font-weight:normal;line-height:20px\">\r\n                                                                                        Theo di\r\n                                                                                    </div>\r\n                                                                                </td>\r\n                                                                            </tr>\r\n                                                                            <tr>\r\n\r\n                                                                                <td class=\"m_8079505300453937607h2m m_8079505300453937607stack-column-center\" style=\"padding:0;text-align:center\">\r\n\r\n                                                                                    <div style=\"color:#737373;margin:10px 0;font-size:12px;line-height:22px;text-transform:uppercase;font-weight:bold\">\r\n\r\n                                                                                        <a href=\"https://www.facebook.com/\" style=\"Margin:0;color:transparent;font-family:Roboto,Helvetica,sans-serif;font-weight:400;line-height:1.3;margin:0;padding:0;text-align:left\" target=\"_blank\" data-saferedirecturl=\"#\">\r\n\r\n                                                                                            <img height=\"32\" width=\"32\" style=\"border:none;clear:both;display:inline-block;height:26px;max-width:100%;outline:0;text-decoration:none;vertical-align:middle;width:26px\" src=\"http://localhost/ltoto/public/Archive/images/examples/facebook.png\" title=\"facebook\" class=\"CToWUd\">\r\n\r\n                                                                                        </a>\r\n\r\n                                                                                        <a href=\"\" style=\"Margin:0;color:transparent;font-family:Roboto,Helvetica,sans-serif;font-weight:400;line-height:1.3;margin:0;padding:0;text-align:left\" target=\"_blank\" data-saferedirecturl=\"\">\r\n\r\n                                                                                            <img height=\"32\" width=\"32\" style=\"border:none;clear:both;display:inline-block;height:26px;max-width:100%;outline:0;text-decoration:none;vertical-align:middle;width:26px\" src=\"http://localhost/ltoto/public/Archive/images/examples/twitter.png\" title=\"twitter\" class=\"CToWUd\">\r\n\r\n                                                                                        </a>\r\n\r\n                                                                                        <a href=\"#\" style=\"Margin:0;color:transparent;font-family:Roboto,Helvetica,sans-serif;font-weight:400;line-height:1.3;margin:0;padding:0;text-align:left\" target=\"_blank\">\r\n\r\n                                                                                            <img height=\"32\" width=\"32\" style=\"border:none;clear:both;display:inline-block;height:26px;max-width:100%;outline:0;text-decoration:none;vertical-align:middle;width:26px\" src=\"http://localhost/ltoto/public/Archive/images/examples/google-plus.png\" title=\"google\" class=\"CToWUd\">\r\n\r\n                                                                                        </a>\r\n\r\n                                                                                        <a href=\"#\" style=\"Margin:0;color:transparent;font-family:Roboto,Helvetica,sans-serif;font-weight:400;line-height:1.3;margin:0;padding:0;text-align:left\" target=\"_blank\" data-saferedirecturl=\"\">\r\n\r\n                                                                                            <img height=\"32\" width=\"32\" style=\"border:none;clear:both;display:inline-block;height:26px;max-width:100%;outline:0;text-decoration:none;vertical-align:middle;width:26px\" src=\"http://localhost/ltoto/public/Archive/images/examples/telegram.png\" title=\"youtube\" class=\"CToWUd\">\r\n\r\n                                                                                        </a>\r\n                                                                                        <a href=\"#\" style=\"Margin:0;color:transparent;font-family:Roboto,Helvetica,sans-serif;font-weight:400;line-height:1.3;margin:0;padding:0;text-align:left\" target=\"_blank\" data-saferedirecturl=\"\">\r\n\r\n                                                                                            <img height=\"32\" width=\"32\" style=\"border:none;clear:both;display:inline-block;height:26px;max-width:100%;outline:0;text-decoration:none;vertical-align:middle;width:26px\" src=\"http://localhost/ltoto/public/Archive/images/examples/youtube.png\" title=\"youtube\" class=\"CToWUd\">\r\n\r\n                                                                                        </a>\r\n\r\n                                                                                    </div>\r\n\r\n                                                                                </td>\r\n\r\n                                                                            </tr>\r\n\r\n                                                                            </tbody>\r\n                                                                        </table>\r\n\r\n                                                                    </td>\r\n                                                                </tr>\r\n                                                                </tbody>\r\n                                                            </table>\r\n                                                        </td>\r\n                                                    </tr>\r\n                                                    <tr>\r\n                                                        <td align=\"center\" style=\"background-color:#f5f5f6\">\r\n                                                            <table width=\"100%\" border=\"0\" align=\"center\" cellpadding=\"0\" cellspacing=\"0\">\r\n                                                                <tbody>\r\n                                                                <tr>\r\n                                                                    <td style=\"border-top:1px solid #f5f5f6\"></td>\r\n                                                                </tr>\r\n                                                                </tbody>\r\n                                                            </table>\r\n                                                        </td>\r\n                                                    </tr>\r\n\r\n                                                    </tbody>\r\n                                                </table>\r\n                                            </td>\r\n                                        </tr>\r\n                                        </tbody>\r\n                                    </table>\r\n                                </td>\r\n                            </tr>\r\n                            </tbody>\r\n                        </table>', '2020-07-17 08:50:40'),
(13, 'withdraw_request_method', 'system', 'auto', '2020-08-27 06:54:29');

-- --------------------------------------------------------

--
-- Table structure for table `tickets`
--

CREATE TABLE `tickets` (
  `id` bigint(20) UNSIGNED NOT NULL,
  `uid` bigint(20) UNSIGNED NOT NULL,
  `booking_id` bigint(20) UNSIGNED NOT NULL,
  `type` varchar(191) CHARACTER SET utf8mb4 COLLATE utf8mb4_unicode_ci NOT NULL,
  `picked` text CHARACTER SET utf8mb4 COLLATE utf8mb4_unicode_ci NOT NULL,
  `game_id` bigint(20) UNSIGNED NOT NULL,
  `status` varchar(191) CHARACTER SET utf8mb4 COLLATE utf8mb4_unicode_ci NOT NULL,
  `is_divide_money` tinyint(4) NOT NULL DEFAULT '0',
  `is_add_vault` tinyint(4) NOT NULL DEFAULT '0',
  `price` double NOT NULL,
  `currency` varchar(191) CHARACTER SET utf8mb4 COLLATE utf8mb4_unicode_ci NOT NULL,
  `prize_id` bigint(20) UNSIGNED DEFAULT NULL,
  `prize_value` double DEFAULT NULL,
  `lottery_id` bigint(20) UNSIGNED DEFAULT NULL,
  `picked_at` datetime NOT NULL DEFAULT CURRENT_TIMESTAMP,
  `deleted_at` timestamp NULL DEFAULT NULL,
  `created_at` timestamp NULL DEFAULT NULL,
  `updated_at` timestamp NULL DEFAULT NULL,
  `is_seen_congratulation` tinyint(4) DEFAULT '2'
) ENGINE=InnoDB DEFAULT CHARSET=utf8mb4 COLLATE=utf8mb4_unicode_ci;

--
-- Dumping data for table `tickets`
--

INSERT INTO `tickets` (`id`, `uid`, `booking_id`, `type`, `picked`, `game_id`, `status`, `is_divide_money`, `is_add_vault`, `price`, `currency`, `prize_id`, `prize_value`, `lottery_id`, `picked_at`, `deleted_at`, `created_at`, `updated_at`, `is_seen_congratulation`) VALUES
(41, 5, 21, 'standard', '[\"05\",\"22\",\"06\",\"09\",\"19\"]', 1, 'success', 1, 1, 1, '', 4, 0.13, 2, '2020-07-15 04:05:44', NULL, '2020-07-15 04:05:44', '2020-07-16 07:01:31', 1),
(42, 5, 22, 'standard', '[\"20\",\"36\",\"29\",\"34\",\"08\"]', 1, 'failed', 0, 1, 1, '', NULL, NULL, 2, '2020-07-15 04:06:02', NULL, '2020-07-15 04:06:02', '2020-07-16 06:59:08', 2),
(43, 5, 22, 'standard', '[\"12\",\"28\",\"04\",\"30\",\"22\"]', 1, 'success', 1, 1, 1, '', 4, 0.13, 2, '2020-07-15 04:06:02', NULL, '2020-07-15 04:06:02', '2020-07-16 07:01:30', 1),
(44, 5, 23, 'standard', '[\"25\",\"13\",\"15\",\"36\",\"23\"]', 1, 'failed', 0, 1, 1, '', NULL, NULL, 2, '2020-07-15 04:06:09', NULL, '2020-07-15 04:06:09', '2020-07-16 06:59:08', 2),
(45, 5, 23, 'standard', '[\"23\",\"32\",\"24\",\"34\",\"08\"]', 1, 'failed', 0, 1, 1, '', NULL, NULL, 2, '2020-07-15 04:06:09', NULL, '2020-07-15 04:06:09', '2020-07-16 06:59:08', 2),
(46, 5, 23, 'standard', '[\"04\",\"02\",\"35\",\"31\",\"20\"]', 1, 'failed', 0, 1, 1, '', NULL, NULL, 2, '2020-07-15 04:06:09', NULL, '2020-07-15 04:06:09', '2020-07-16 06:59:08', 2),
(47, 5, 24, 'standard', '[\"23\",\"24\",\"01\",\"19\",\"28\"]', 1, 'failed', 0, 1, 1, '', NULL, NULL, 2, '2020-07-15 04:06:25', NULL, '2020-07-15 04:06:25', '2020-07-16 06:59:08', 2),
(48, 5, 24, 'standard', '[\"23\",\"24\",\"01\",\"19\",\"28\"]', 1, 'create ', 0, 1, 1, '', NULL, NULL, NULL, '2020-07-16 04:06:25', NULL, '2020-07-15 04:06:25', '2020-07-16 07:10:00', 2),
(49, 5, 24, 'standard', '[\"23\",\"24\",\"01\",\"19\",\"28\"]', 1, 'failed', 0, 1, 1, '', NULL, NULL, 4, '2020-07-17 04:06:25', NULL, '2020-07-15 04:06:25', '2020-07-17 23:59:00', 2),
(50, 5, 24, 'standard', '[\"23\",\"24\",\"01\",\"19\",\"28\"]', 1, 'success', 1, 1, 1, '', 4, 0, 5, '2020-07-18 04:06:25', NULL, '2020-07-15 04:06:25', '2020-07-19 09:05:30', 1),
(51, 5, 24, 'standard', '[\"23\",\"24\",\"01\",\"19\",\"28\"]', 1, 'success', 1, 1, 1, '', 4, 0, 6, '2020-07-19 04:06:25', NULL, '2020-07-15 04:06:25', '2020-07-20 01:40:52', 1),
(52, 5, 24, 'standard', '[\"23\",\"24\",\"01\",\"19\",\"28\"]', 1, 'create', 1, 1, 1, '', NULL, NULL, NULL, '2020-07-20 04:06:25', NULL, '2020-07-15 04:06:25', '2020-07-21 01:23:39', 1),
(53, 5, 24, 'standard', '[\"23\",\"24\",\"01\",\"19\",\"28\"]', 1, 'success', 1, 1, 1, '', 2, 0, 7, '2020-07-21 04:06:25', NULL, '2020-07-15 04:06:25', '2020-07-21 07:52:33', 1),
(54, 5, 25, 'standard', '[\"05\",\"18\",\"22\",\"35\",\"36\"]', 1, 'failed', 0, 1, 1, '', NULL, NULL, 2, '2020-07-15 04:06:54', NULL, '2020-07-15 04:06:54', '2020-07-16 06:59:08', 2),
(55, 5, 25, 'standard', '[\"11\",\"15\",\"25\",\"26\",\"35\"]', 1, 'failed', 0, 1, 1, '', NULL, NULL, 2, '2020-07-15 04:06:54', NULL, '2020-07-15 04:06:54', '2020-07-16 06:59:08', 2),
(56, 5, 25, 'standard', '[\"04\",\"10\",\"14\",\"15\",\"18\"]', 1, 'failed', 0, 1, 1, '', NULL, NULL, 2, '2020-07-15 04:06:54', NULL, '2020-07-15 04:06:54', '2020-07-16 06:59:08', 2),
(57, 5, 26, 'standard', '[\"12\",\"05\",\"07\",\"28\",\"10\"]', 1, 'failed', 0, 1, 1, '', NULL, NULL, 2, '2020-07-15 04:22:32', NULL, '2020-07-15 04:22:32', '2020-07-16 06:59:08', 2),
(58, 5, 27, 'standard', '[\"14\",\"21\",\"29\",\"31\",\"35\"]', 1, 'create ', 0, 1, 1, '', NULL, NULL, NULL, '2020-07-16 09:21:11', NULL, '2020-07-16 09:21:11', '2020-07-16 09:21:11', 2),
(59, 5, 27, 'standard', '[\"03\",\"11\",\"24\",\"29\",\"33\"]', 1, 'create ', 0, 1, 1, '', NULL, NULL, NULL, '2020-07-16 09:21:11', NULL, '2020-07-16 09:21:11', '2020-07-16 09:21:11', 2),
(60, 5, 27, 'standard', '[\"01\",\"11\",\"12\",\"13\",\"30\"]', 1, 'create ', 0, 1, 1, '', NULL, NULL, NULL, '2020-07-16 09:21:11', NULL, '2020-07-16 09:21:11', '2020-07-16 09:21:11', 2),
(61, 5, 28, 'standard', '[\"04\",\"05\",\"25\",\"26\",\"33\"]', 1, 'create ', 0, 1, 1, '', NULL, NULL, NULL, '2020-07-16 10:20:09', NULL, '2020-07-16 10:20:09', '2020-07-16 10:20:09', 2),
(62, 5, 28, 'standard', '[\"04\",\"05\",\"07\",\"10\",\"27\"]', 1, 'create ', 0, 1, 1, '', NULL, NULL, NULL, '2020-07-16 10:20:09', NULL, '2020-07-16 10:20:09', '2020-07-16 10:20:09', 2),
(63, 5, 28, 'standard', '[\"16\",\"19\",\"26\",\"27\",\"33\"]', 1, 'create ', 0, 1, 1, '', NULL, NULL, NULL, '2020-07-16 10:20:09', NULL, '2020-07-16 10:20:09', '2020-07-16 10:20:09', 2),
(64, 5, 29, 'standard', '[\"31\",\"17\",\"19\",\"03\",\"05\"]', 1, 'create ', 0, 1, 1, '', NULL, NULL, NULL, '2020-07-16 10:23:27', NULL, '2020-07-16 10:23:27', '2020-07-16 10:23:27', 2),
(65, 5, 30, 'standard', '[\"07\",\"10\",\"31\",\"01\",\"03\"]', 1, 'create ', 0, 1, 1, '', NULL, NULL, NULL, '2020-07-16 10:57:08', NULL, '2020-07-16 10:57:08', '2020-07-16 10:57:08', 2),
(66, 5, 31, 'standard', '[\"03\",\"10\",\"29\",\"15\",\"17\"]', 1, 'create ', 0, 1, 1, '', NULL, NULL, NULL, '2020-07-16 04:00:34', NULL, '2020-07-16 11:00:34', '2020-07-16 11:00:34', 2),
(67, 5, 33, 'standard', '[\"15\",\"19\",\"25\",\"27\",\"16\"]', 1, 'create ', 0, 1, 1, '', NULL, NULL, NULL, '2020-07-16 04:06:05', NULL, '2020-07-16 11:06:05', '2020-07-16 11:06:05', 2),
(68, 5, 34, 'standard', '[\"09\",\"23\",\"27\",\"13\",\"18\"]', 1, 'create ', 0, 1, 1, '', NULL, NULL, NULL, '2020-07-16 04:07:02', NULL, '2020-07-16 11:07:02', '2020-07-16 11:07:02', 2),
(69, 5, 35, 'standard', '[\"21\",\"18\",\"27\",\"23\",\"28\"]', 1, 'create ', 0, 1, 1, '', NULL, NULL, NULL, '2020-07-16 04:09:00', NULL, '2020-07-16 04:09:00', '2020-07-16 04:09:00', 2),
(70, 5, 36, 'standard', '[\"08\",\"19\",\"23\",\"25\",\"30\"]', 1, 'create ', 0, 1, 1, '', NULL, NULL, NULL, '2020-07-16 07:01:45', NULL, '2020-07-16 07:01:45', '2020-07-16 07:01:45', 2),
(71, 5, 36, 'standard', '[\"10\",\"24\",\"30\",\"34\",\"35\"]', 1, 'create ', 0, 1, 1, '', NULL, NULL, NULL, '2020-07-16 07:01:45', NULL, '2020-07-16 07:01:45', '2020-07-16 07:01:45', 2),
(72, 5, 36, 'standard', '[\"01\",\"04\",\"07\",\"11\",\"15\"]', 1, 'create ', 0, 1, 1, '', NULL, NULL, NULL, '2020-07-16 07:01:45', NULL, '2020-07-16 07:01:45', '2020-07-16 07:01:45', 2),
(73, 5, 37, 'standard', '[\"06\",\"07\",\"13\",\"20\",\"31\"]', 1, 'create ', 0, 1, 1, '', NULL, NULL, NULL, '2020-07-16 07:18:57', NULL, '2020-07-16 07:18:57', '2020-07-16 07:18:57', 2),
(74, 5, 37, 'standard', '[\"01\",\"10\",\"11\",\"21\",\"26\"]', 1, 'create ', 0, 1, 1, '', NULL, NULL, NULL, '2020-07-16 07:18:57', NULL, '2020-07-16 07:18:57', '2020-07-16 07:18:57', 2),
(75, 5, 37, 'standard', '[\"08\",\"22\",\"25\",\"28\",\"30\"]', 1, 'create ', 0, 1, 1, '', NULL, NULL, NULL, '2020-07-16 07:18:57', NULL, '2020-07-16 07:18:57', '2020-07-16 07:18:57', 2),
(76, 5, 38, 'standard', '[\"29\",\"36\",\"34\",\"19\",\"15\"]', 1, 'failed', 0, 1, 1, '', NULL, NULL, 4, '2020-07-17 01:55:07', NULL, '2020-07-17 01:55:07', '2020-07-17 23:59:00', 2),
(77, 5, 39, 'standard', '[\"13\",\"12\",\"17\",\"15\",\"11\"]', 1, 'failed', 0, 1, 1, '', NULL, NULL, 4, '2020-07-17 03:16:01', NULL, '2020-07-17 03:16:01', '2020-07-17 23:59:00', 2),
(78, 5, 39, 'standard', '[\"12\",\"23\",\"17\",\"01\",\"07\"]', 1, 'failed', 0, 1, 1, '', NULL, NULL, 4, '2020-07-17 03:16:01', NULL, '2020-07-17 03:16:01', '2020-07-17 23:59:00', 2),
(79, 10, 40, 'standard', '[\"02\",\"14\",\"27\",\"12\",\"08\"]', 1, 'failed', 0, 1, 1, '', NULL, NULL, 4, '2020-07-17 03:49:05', NULL, '2020-07-17 03:49:05', '2020-07-17 23:59:00', 2),
(80, 10, 40, 'standard', '[\"02\",\"14\",\"27\",\"12\",\"08\"]', 1, 'failed', 0, 1, 1, '', NULL, NULL, 5, '2020-07-18 03:49:05', NULL, '2020-07-17 03:49:05', '2020-07-18 23:59:04', 2),
(81, 10, 40, 'standard', '[\"02\",\"14\",\"27\",\"12\",\"08\"]', 1, 'failed', 0, 1, 1, '', NULL, NULL, 6, '2020-07-19 03:49:05', NULL, '2020-07-17 03:49:05', '2020-07-19 23:59:05', 2),
(82, 10, 40, 'standard', '[\"02\",\"14\",\"27\",\"12\",\"08\"]', 1, 'create', 0, 1, 1, '', NULL, NULL, NULL, '2020-07-20 03:49:05', NULL, '2020-07-17 03:49:05', '2020-07-20 23:59:18', 2),
(83, 10, 40, 'standard', '[\"02\",\"14\",\"27\",\"12\",\"08\"]', 1, 'failed', 0, 1, 1, '', NULL, NULL, 7, '2020-07-21 03:49:05', NULL, '2020-07-17 03:49:05', '2020-07-21 06:12:24', 2),
(84, 10, 40, 'standard', '[\"02\",\"14\",\"27\",\"12\",\"08\"]', 1, 'failed', 0, 1, 1, '', NULL, NULL, 9, '2020-07-22 03:49:05', NULL, '2020-07-17 03:49:05', '2020-07-22 23:59:00', 2),
(85, 10, 40, 'standard', '[\"02\",\"14\",\"27\",\"12\",\"08\"]', 1, 'failed', 0, 1, 1, '', NULL, NULL, 10, '2020-07-23 03:49:05', NULL, '2020-07-17 03:49:05', '2020-07-23 23:59:00', 2),
(86, 10, 40, 'standard', '[\"02\",\"14\",\"27\",\"12\",\"08\"]', 1, 'failed', 0, 1, 1, '', NULL, NULL, 11, '2020-07-24 03:49:05', NULL, '2020-07-17 03:49:05', '2020-07-24 23:59:00', 2),
(87, 10, 40, 'standard', '[\"02\",\"14\",\"27\",\"12\",\"08\"]', 1, 'failed', 0, 1, 1, '', NULL, NULL, 12, '2020-07-25 03:49:05', NULL, '2020-07-17 03:49:05', '2020-07-25 23:59:00', 2),
(88, 10, 40, 'standard', '[\"02\",\"14\",\"27\",\"12\",\"08\"]', 1, 'failed', 0, 1, 1, '', NULL, NULL, 13, '2020-07-26 03:49:05', NULL, '2020-07-17 03:49:05', '2020-07-26 23:59:00', 2),
(89, 10, 40, 'standard', '[\"02\",\"14\",\"27\",\"12\",\"08\"]', 1, 'failed', 0, 1, 1, '', NULL, NULL, 14, '2020-07-27 03:49:05', NULL, '2020-07-17 03:49:05', '2020-07-27 23:59:00', 2),
(90, 10, 40, 'standard', '[\"02\",\"14\",\"27\",\"12\",\"08\"]', 1, 'failed', 0, 1, 1, '', NULL, NULL, 15, '2020-07-28 03:49:05', NULL, '2020-07-17 03:49:05', '2020-07-28 23:59:00', 2),
(91, 10, 40, 'standard', '[\"02\",\"14\",\"27\",\"12\",\"08\"]', 1, 'failed', 0, 1, 1, '', NULL, NULL, 16, '2020-07-29 03:49:05', NULL, '2020-07-17 03:49:05', '2020-07-29 23:59:00', 2),
(92, 10, 40, 'standard', '[\"02\",\"14\",\"27\",\"12\",\"08\"]', 1, 'failed', 0, 1, 1, '', NULL, NULL, 17, '2020-07-30 03:49:05', NULL, '2020-07-17 03:49:05', '2020-07-30 23:59:00', 2),
(93, 5, 41, 'standard', '[\"14\",\"15\",\"21\",\"24\",\"25\"]', 1, 'failed', 0, 1, 1, '', NULL, NULL, 4, '2020-07-17 04:34:19', NULL, '2020-07-17 04:34:19', '2020-07-17 23:59:00', 2),
(94, 5, 41, 'standard', '[\"03\",\"13\",\"14\",\"15\",\"17\"]', 1, 'failed', 0, 1, 1, '', NULL, NULL, 4, '2020-07-17 04:34:19', NULL, '2020-07-17 04:34:19', '2020-07-17 23:59:00', 2),
(95, 5, 41, 'standard', '[\"03\",\"04\",\"19\",\"30\",\"35\"]', 1, 'failed', 0, 1, 1, '', NULL, NULL, 4, '2020-07-17 04:34:19', NULL, '2020-07-17 04:34:19', '2020-07-17 23:59:00', 2),
(96, 5, 42, 'standard', '[\"01\",\"08\",\"12\",\"16\",\"32\"]', 1, 'failed', 0, 1, 1, '', NULL, NULL, 4, '2020-07-17 09:36:30', NULL, '2020-07-17 09:36:30', '2020-07-17 23:59:00', 2),
(97, 5, 42, 'standard', '[\"08\",\"14\",\"16\",\"26\",\"36\"]', 1, 'failed', 0, 1, 1, '', NULL, NULL, 4, '2020-07-17 09:36:30', NULL, '2020-07-17 09:36:30', '2020-07-17 23:59:00', 2),
(98, 5, 42, 'standard', '[\"09\",\"12\",\"15\",\"24\",\"26\"]', 1, 'failed', 0, 1, 1, '', NULL, NULL, 4, '2020-07-17 09:36:30', NULL, '2020-07-17 09:36:30', '2020-07-17 23:59:00', 2),
(99, 5, 42, 'standard', '[\"07\",\"13\",\"17\",\"18\",\"29\"]', 1, 'failed', 0, 1, 1, '', NULL, NULL, 4, '2020-07-17 09:36:30', NULL, '2020-07-17 09:36:30', '2020-07-17 23:59:00', 2),
(100, 5, 42, 'standard', '[\"13\",\"17\",\"25\",\"30\",\"34\"]', 1, 'failed', 0, 1, 1, '', NULL, NULL, 4, '2020-07-17 09:36:30', NULL, '2020-07-17 09:36:30', '2020-07-17 23:59:00', 2),
(101, 5, 42, 'standard', '[\"02\",\"06\",\"11\",\"35\",\"36\"]', 1, 'failed', 0, 1, 1, '', NULL, NULL, 4, '2020-07-17 09:36:30', NULL, '2020-07-17 09:36:30', '2020-07-17 23:59:00', 2),
(102, 10, 43, 'standard', '[\"01\",\"23\",\"33\",\"03\",\"12\"]', 1, 'failed', 0, 1, 1, '', NULL, NULL, 4, '2020-07-17 10:05:15', NULL, '2020-07-17 10:05:15', '2020-07-17 23:59:00', 2),
(103, 10, 43, 'standard', '[\"01\",\"23\",\"33\",\"03\",\"12\"]', 1, 'failed', 0, 1, 1, '', NULL, NULL, 5, '2020-07-18 10:05:15', NULL, '2020-07-17 10:05:15', '2020-07-18 23:59:04', 2),
(104, 10, 43, 'standard', '[\"01\",\"23\",\"33\",\"03\",\"12\"]', 1, 'failed', 0, 1, 1, '', NULL, NULL, 6, '2020-07-19 10:05:15', NULL, '2020-07-17 10:05:15', '2020-07-19 23:59:05', 2),
(105, 10, 43, 'standard', '[\"01\",\"23\",\"33\",\"03\",\"12\"]', 1, 'create', 1, 1, 1, '', NULL, NULL, NULL, '2020-07-20 10:05:15', NULL, '2020-07-17 10:05:15', '2020-07-21 01:23:39', 1),
(106, 10, 43, 'standard', '[\"01\",\"23\",\"33\",\"03\",\"12\"]', 1, 'success', 1, 1, 1, '', 3, 0, 7, '2020-07-21 10:05:15', NULL, '2020-07-17 10:05:15', '2020-07-21 07:52:07', 1),
(107, 10, 43, 'standard', '[\"01\",\"23\",\"33\",\"03\",\"12\"]', 1, 'failed', 0, 1, 1, '', NULL, NULL, 9, '2020-07-22 10:05:15', NULL, '2020-07-17 10:05:15', '2020-07-22 23:59:00', 2),
(108, 10, 43, 'standard', '[\"01\",\"23\",\"33\",\"03\",\"12\"]', 1, 'failed', 0, 1, 1, '', NULL, NULL, 10, '2020-07-23 10:05:15', NULL, '2020-07-17 10:05:15', '2020-07-23 23:59:00', 2),
(109, 10, 44, 'standard', '[\"01\",\"23\",\"33\",\"03\",\"12\"]', 1, 'failed', 0, 1, 1, '', NULL, NULL, 4, '2020-07-17 10:05:19', NULL, '2020-07-17 10:05:19', '2020-07-17 23:59:00', 2),
(110, 10, 44, 'standard', '[\"01\",\"23\",\"33\",\"03\",\"12\"]', 1, 'failed', 0, 1, 1, '', NULL, NULL, 5, '2020-07-18 10:05:19', NULL, '2020-07-17 10:05:19', '2020-07-18 23:59:04', 2),
(111, 10, 44, 'standard', '[\"01\",\"23\",\"33\",\"03\",\"12\"]', 1, 'failed', 0, 1, 1, '', NULL, NULL, 6, '2020-07-19 10:05:19', NULL, '2020-07-17 10:05:19', '2020-07-19 23:59:05', 2),
(112, 10, 44, 'standard', '[\"01\",\"23\",\"33\",\"03\",\"12\"]', 1, 'create', 1, 1, 1, '', NULL, NULL, NULL, '2020-07-20 10:05:19', NULL, '2020-07-17 10:05:19', '2020-07-21 01:23:37', 1),
(113, 10, 44, 'standard', '[\"01\",\"23\",\"33\",\"03\",\"12\"]', 1, 'success', 1, 1, 1, '', 3, 0, 7, '2020-07-21 10:05:19', NULL, '2020-07-17 10:05:19', '2020-07-21 07:52:04', 1),
(114, 10, 44, 'standard', '[\"01\",\"23\",\"33\",\"03\",\"12\"]', 1, 'failed', 0, 1, 1, '', NULL, NULL, 9, '2020-07-22 10:05:19', NULL, '2020-07-17 10:05:19', '2020-07-22 23:59:00', 2),
(115, 10, 44, 'standard', '[\"01\",\"23\",\"33\",\"03\",\"12\"]', 1, 'failed', 0, 1, 1, '', NULL, NULL, 10, '2020-07-23 10:05:19', NULL, '2020-07-17 10:05:19', '2020-07-23 23:59:00', 2),
(116, 10, 45, 'standard', '[\"01\",\"23\",\"33\",\"03\",\"12\"]', 1, 'failed', 0, 1, 1, '', NULL, NULL, 4, '2020-07-17 10:05:20', NULL, '2020-07-17 10:05:20', '2020-07-17 23:59:00', 2),
(117, 10, 45, 'standard', '[\"01\",\"23\",\"33\",\"03\",\"12\"]', 1, 'failed', 0, 1, 1, '', NULL, NULL, 5, '2020-07-18 10:05:20', NULL, '2020-07-17 10:05:20', '2020-07-18 23:59:04', 2),
(118, 10, 45, 'standard', '[\"01\",\"23\",\"33\",\"03\",\"12\"]', 1, 'failed', 0, 1, 1, '', NULL, NULL, 6, '2020-07-19 10:05:20', NULL, '2020-07-17 10:05:20', '2020-07-19 23:59:05', 2),
(119, 10, 45, 'standard', '[\"01\",\"23\",\"33\",\"03\",\"12\"]', 1, 'create', 1, 1, 1, '', NULL, NULL, NULL, '2020-07-20 10:05:20', NULL, '2020-07-17 10:05:20', '2020-07-21 01:23:37', 1),
(120, 10, 45, 'standard', '[\"01\",\"23\",\"33\",\"03\",\"12\"]', 1, 'success', 1, 1, 1, '', 3, 0, 7, '2020-07-21 10:05:20', NULL, '2020-07-17 10:05:20', '2020-07-21 07:52:04', 1),
(121, 10, 45, 'standard', '[\"01\",\"23\",\"33\",\"03\",\"12\"]', 1, 'failed', 0, 1, 1, '', NULL, NULL, 9, '2020-07-22 10:05:20', NULL, '2020-07-17 10:05:20', '2020-07-22 23:59:00', 2),
(122, 10, 45, 'standard', '[\"01\",\"23\",\"33\",\"03\",\"12\"]', 1, 'failed', 0, 1, 1, '', NULL, NULL, 10, '2020-07-23 10:05:20', NULL, '2020-07-17 10:05:20', '2020-07-23 23:59:00', 2),
(123, 10, 46, '4', '[\"29\",\"19\",\"10\",\"22\"]', 1, 'failed', 0, 1, 32, '', NULL, NULL, 4, '2020-07-17 10:16:33', NULL, '2020-07-17 10:16:33', '2020-07-17 23:59:00', 2),
(124, 5, 47, 'standard', '[\"36\",\"07\",\"32\",\"31\",\"16\"]', 1, 'create', 0, 1, 1, '', NULL, NULL, NULL, '2020-07-20 08:32:10', NULL, '2020-07-20 08:32:10', '2020-07-20 23:59:18', 2),
(125, 5, 48, 'standard', '[\"12\",\"15\",\"35\",\"13\",\"22\"]', 1, 'create', 0, 1, 1, '', NULL, NULL, NULL, '2020-07-20 08:45:42', NULL, '2020-07-20 08:45:42', '2020-07-20 23:59:18', 2),
(126, 5, 48, 'standard', '[\"10\",\"36\",\"32\",\"19\",\"12\"]', 1, 'create', 1, 1, 1, '', NULL, NULL, NULL, '2020-07-20 08:45:42', NULL, '2020-07-20 08:45:42', '2020-07-21 01:23:35', 1),
(127, 5, 48, 'standard', '[\"25\",\"17\",\"16\",\"24\",\"26\"]', 1, 'create', 0, 1, 1, '', NULL, NULL, NULL, '2020-07-20 08:45:42', NULL, '2020-07-20 08:45:42', '2020-07-20 23:59:18', 2),
(128, 5, 49, 'standard', '[\"21\",\"13\",\"25\",\"03\",\"10\"]', 1, 'failed', 0, 1, 1, '', NULL, NULL, 7, '2020-07-21 04:41:28', NULL, '2020-07-21 04:41:28', '2020-07-21 06:12:24', 2),
(129, 7, 50, 'standard', '[\"09\",\"11\",\"19\",\"31\",\"13\"]', 1, 'failed', 0, 1, 1, '', NULL, NULL, 9, '2020-07-22 18:50:46', NULL, '2020-07-22 18:50:46', '2020-07-22 23:59:00', 2),
(130, 7, 50, 'standard', '[\"09\",\"11\",\"19\",\"31\",\"13\"]', 1, 'failed', 0, 1, 1, '', NULL, NULL, 10, '2020-07-23 18:50:46', NULL, '2020-07-22 18:50:46', '2020-07-23 23:59:00', 2),
(131, 7, 50, 'standard', '[\"09\",\"11\",\"19\",\"31\",\"13\"]', 1, 'failed', 0, 1, 1, '', NULL, NULL, 11, '2020-07-24 18:50:46', NULL, '2020-07-22 18:50:46', '2020-07-24 23:59:00', 2),
(132, 7, 50, 'standard', '[\"09\",\"11\",\"19\",\"31\",\"13\"]', 1, 'failed', 0, 1, 1, '', NULL, NULL, 12, '2020-07-25 18:50:46', NULL, '2020-07-22 18:50:46', '2020-07-25 23:59:00', 2),
(133, 7, 50, 'standard', '[\"09\",\"11\",\"19\",\"31\",\"13\"]', 1, 'failed', 0, 1, 1, '', NULL, NULL, 13, '2020-07-26 18:50:46', NULL, '2020-07-22 18:50:46', '2020-07-26 23:59:00', 2),
(134, 7, 50, 'standard', '[\"09\",\"11\",\"19\",\"31\",\"13\"]', 1, 'failed', 0, 1, 1, '', NULL, NULL, 14, '2020-07-27 18:50:46', NULL, '2020-07-22 18:50:46', '2020-07-27 23:59:00', 2),
(135, 7, 50, 'standard', '[\"09\",\"11\",\"19\",\"31\",\"13\"]', 1, 'failed', 0, 1, 1, '', NULL, NULL, 15, '2020-07-28 18:50:46', NULL, '2020-07-22 18:50:46', '2020-07-28 23:59:00', 2),
(136, 5, 51, 'standard', '[\"30\",\"17\",\"33\",\"06\",\"15\"]', 1, 'failed', 0, 1, 1, '', NULL, NULL, 11, '2020-07-24 01:50:09', NULL, '2020-07-24 01:50:09', '2020-07-24 23:59:00', 2),
(137, 5, 51, 'standard', '[\"05\",\"29\",\"09\",\"14\",\"18\"]', 1, 'failed', 0, 1, 1, '', NULL, NULL, 11, '2020-07-24 01:50:09', NULL, '2020-07-24 01:50:09', '2020-07-24 23:59:00', 2),
(138, 10, 52, '4', '[\"30\",\"21\",\"34\",\"11\"]', 1, 'failed', 0, 1, 32, '', NULL, NULL, 19, '2020-08-01 11:42:27', NULL, '2020-08-01 11:42:27', '2020-08-01 23:59:00', 2),
(139, 10, 53, 'standard', '[\"01\",\"12\",\"09\",\"18\",\"07\"]', 1, 'failed', 0, 1, 1, '', NULL, NULL, 21, '2020-08-03 08:41:26', NULL, '2020-08-03 08:41:26', '2020-08-03 23:59:00', 2),
(140, 10, 53, 'standard', '[\"20\",\"07\",\"34\",\"14\",\"18\"]', 1, 'failed', 0, 1, 1, '', NULL, NULL, 21, '2020-08-03 08:41:26', NULL, '2020-08-03 08:41:26', '2020-08-03 23:59:00', 2),
(141, 10, 53, 'standard', '[\"18\",\"07\",\"05\",\"19\",\"08\"]', 1, 'failed', 0, 1, 1, '', NULL, NULL, 21, '2020-08-03 08:41:26', NULL, '2020-08-03 08:41:26', '2020-08-03 23:59:00', 2),
(142, 2, 54, '4', '[\"08\",\"15\",\"22\",\"29\"]', 1, 'failed', 0, 1, 32, '', NULL, NULL, 21, '2020-08-03 13:33:17', NULL, '2020-08-03 13:33:17', '2020-08-03 23:59:00', 2),
(143, 10, 55, '4', '[\"25\",\"12\",\"07\",\"26\"]', 1, 'failed', 0, 1, 32, '', NULL, NULL, 25, '2020-08-07 02:45:39', NULL, '2020-08-07 02:45:39', '2020-08-07 23:59:00', 2),
(144, 2, 56, 'standard', '[\"07\",\"04\",\"01\",\"13\",\"36\"]', 1, 'failed', 0, 1, 1, '', NULL, NULL, 25, '2020-08-07 09:43:57', NULL, '2020-08-07 09:43:57', '2020-08-07 23:59:00', 2),
(145, 10, 57, '4', '[\"26\",\"21\",\"04\",\"30\"]', 1, 'failed', 0, 1, 64, '', NULL, NULL, 28, '2020-08-10 08:37:38', NULL, '2020-08-10 08:37:38', '2020-08-10 23:59:00', 2),
(146, 10, 57, '4', '[\"13\",\"30\",\"31\",\"11\"]', 1, 'failed', 0, 1, 64, '', NULL, NULL, 28, '2020-08-10 08:37:38', NULL, '2020-08-10 08:37:38', '2020-08-10 23:59:00', 2),
(147, 2, 58, 'standard', '[\"12\",\"09\",\"32\",\"06\",\"13\"]', 1, 'failed', 0, 1, 1, '', NULL, NULL, 30, '2020-08-12 03:30:00', NULL, '2020-08-12 03:30:00', '2020-08-12 23:59:00', 2),
(148, 7, 59, 'standard', '[\"09\",\"24\",\"07\",\"10\",\"21\"]', 1, 'failed', 0, 1, 1, '', NULL, NULL, 30, '2020-08-12 03:31:56', NULL, '2020-08-12 03:31:56', '2020-08-12 23:59:00', 2),
(149, 7, 60, 'standard', '[\"21\",\"34\",\"01\",\"14\",\"08\"]', 1, 'failed', 0, 1, 1, '', NULL, NULL, 30, '2020-08-12 03:32:01', NULL, '2020-08-12 03:32:01', '2020-08-12 23:59:00', 2),
(150, 2, 61, 'standard', '[\"27\",\"36\",\"16\",\"01\",\"27\"]', 1, 'failed', 0, 1, 1, '', NULL, NULL, 34, '2020-08-19 02:58:57', NULL, '2020-08-19 02:58:57', '2020-08-19 23:59:00', 2),
(151, 7, 63, 'standard', '[\"03\",\"28\",\"14\",\"20\",\"34\"]', 1, 'create ', 0, 1, 1, 'ETI', NULL, NULL, NULL, '2020-08-25 09:14:53', NULL, '2020-08-25 09:14:53', '2020-08-25 09:14:53', 2),
(152, 7, 64, 'standard', '[\"15\",\"01\",\"17\",\"25\",\"26\"]', 1, 'create ', 0, 1, 1, 'ETI', NULL, NULL, NULL, '2020-08-25 09:15:07', NULL, '2020-08-25 09:15:07', '2020-08-25 09:15:07', 2),
(153, 25, 65, 'standard', '[\"08\",\"14\",\"24\",\"30\",\"12\"]', 1, 'create ', 0, 1, 1, 'ETI', NULL, NULL, NULL, '2020-08-25 14:38:11', NULL, '2020-08-25 14:38:11', '2020-08-25 14:38:11', 2),
(154, 25, 66, 'standard', '[\"01\",\"03\",\"04\",\"05\",\"02\"]', 1, 'success', 1, 1, 1, 'ETI', 1, 172.725, 42, '2020-08-28 07:16:27', NULL, '2020-08-28 07:16:27', '2020-08-28 07:18:20', 1),
(155, 25, 67, 'standard', '[\"01\",\"03\",\"02\",\"04\",\"05\"]', 1, 'success', 1, 1, 1, 'ETI', 1, 17.7975, 43, '2020-08-28 09:03:19', NULL, '2020-08-28 09:03:19', '2020-08-28 09:03:40', 1),
(156, 25, 68, 'standard', '[\"02\",\"01\",\"05\",\"04\",\"03\"]', 1, 'success', 1, 1, 1, 'ETI', 1, 750.525, 44, '2020-08-28 09:27:31', NULL, '2020-08-28 09:27:31', '2020-08-28 09:28:44', 1),
(157, 25, 69, 'standard', '[\"02\",\"01\",\"03\",\"04\",\"05\"]', 1, 'success', 1, 1, 1, 'ETI', 1, 75.5775, 45, '2020-08-28 09:58:03', NULL, '2020-08-28 09:58:03', '2020-08-28 09:58:21', 1),
(158, 25, 70, 'standard', '[\"01\",\"02\",\"03\",\"05\",\"04\"]', 1, 'success', 1, 1, 1, 'ETI', 1, 8.08275, 46, '2020-08-31 10:08:41', NULL, '2020-08-31 10:08:41', '2020-08-31 10:09:24', 1),
(159, 26, 71, 'standard', '[\"02\",\"03\",\"01\",\"04\",\"05\"]', 1, 'success', 1, 1, 1, 'ETI', 1, 1.333275, 47, '2020-09-07 06:47:56', NULL, '2020-09-07 06:47:56', '2020-09-07 08:16:50', 1),
(160, 27, 72, 'standard', '[\"35\",\"13\",\"24\",\"21\",\"05\"]', 1, 'create ', 0, 1, 1, 'ETI', NULL, NULL, NULL, '2020-09-14 03:53:53', NULL, '2020-09-14 03:53:53', '2020-09-14 03:53:53', 2),
(161, 27, 73, 'standard', '[\"27\",\"24\",\"12\",\"13\",\"30\"]', 1, 'create ', 0, 1, 1, 'ETI', NULL, NULL, NULL, '2020-09-14 07:20:55', NULL, '2020-09-14 07:20:55', '2020-09-14 07:20:55', 2),
(162, 27, 74, 'standard', '[\"07\",\"33\",\"06\",\"32\",\"32\"]', 1, 'create ', 0, 1, 1, 'EUSDT', NULL, NULL, NULL, '2020-09-14 07:21:15', NULL, '2020-09-14 07:21:15', '2020-09-14 07:21:15', 2),
(163, 27, 74, 'standard', '[\"07\",\"33\",\"06\",\"32\",\"32\"]', 1, 'create ', 0, 0, 1, 'EUSDT', NULL, NULL, NULL, '2020-09-15 07:21:15', NULL, '2020-09-14 07:21:15', '2020-09-14 07:21:15', 2),
(164, 27, 74, 'standard', '[\"07\",\"33\",\"06\",\"32\",\"32\"]', 1, 'create ', 0, 0, 1, 'EUSDT', NULL, NULL, NULL, '2020-09-16 07:21:15', NULL, '2020-09-14 07:21:15', '2020-09-14 07:21:15', 2),
(165, 27, 74, 'standard', '[\"07\",\"33\",\"06\",\"32\",\"32\"]', 1, 'create ', 0, 0, 1, 'EUSDT', NULL, NULL, NULL, '2020-09-17 07:21:15', NULL, '2020-09-14 07:21:15', '2020-09-14 07:21:15', 2),
(166, 27, 74, 'standard', '[\"07\",\"33\",\"06\",\"32\",\"32\"]', 1, 'create ', 0, 0, 1, 'EUSDT', NULL, NULL, NULL, '2020-09-18 07:21:15', NULL, '2020-09-14 07:21:15', '2020-09-14 07:21:15', 2),
(167, 27, 74, 'standard', '[\"07\",\"33\",\"06\",\"32\",\"32\"]', 1, 'create ', 0, 0, 1, 'EUSDT', NULL, NULL, NULL, '2020-09-19 07:21:15', NULL, '2020-09-14 07:21:15', '2020-09-14 07:21:15', 2),
(168, 27, 74, 'standard', '[\"07\",\"33\",\"06\",\"32\",\"32\"]', 1, 'create ', 0, 0, 1, 'EUSDT', NULL, NULL, NULL, '2020-09-20 07:21:15', NULL, '2020-09-14 07:21:15', '2020-09-14 07:21:15', 2),
(169, 27, 75, 'standard', '[\"07\",\"04\",\"25\",\"15\",\"36\"]', 1, 'create ', 0, 1, 1, 'EUSDT', NULL, NULL, NULL, '2020-09-14 07:21:26', NULL, '2020-09-14 07:21:26', '2020-09-14 07:21:26', 2),
(170, 27, 76, '3', '[\"20\",\"04\",\"06\"]', 1, 'create ', 0, 1, 1056, 'EUSDT', NULL, NULL, NULL, '2020-09-14 07:22:19', NULL, '2020-09-14 07:22:19', '2020-09-14 07:22:19', 2),
(171, 7, 77, 'standard', '[\"23\",\"04\",\"19\",\"12\",\"21\"]', 1, 'create ', 0, 1, 1, 'ETI', NULL, NULL, NULL, '2020-09-15 08:49:14', NULL, '2020-09-15 08:49:14', '2020-09-15 08:49:14', 2),
(172, 7, 78, 'standard', '[\"01\",\"14\",\"33\",\"30\",\"24\"]', 1, 'create ', 0, 1, 1, 'ETI', NULL, NULL, NULL, '2020-09-15 08:49:28', NULL, '2020-09-15 08:49:28', '2020-09-15 08:49:28', 2),
(173, 7, 78, 'standard', '[\"01\",\"14\",\"33\",\"30\",\"24\"]', 1, 'create ', 0, 0, 1, 'ETI', NULL, NULL, NULL, '2020-09-16 08:49:28', NULL, '2020-09-15 08:49:28', '2020-09-15 08:49:28', 2),
(174, 7, 78, 'standard', '[\"01\",\"14\",\"33\",\"30\",\"24\"]', 1, 'create ', 0, 0, 1, 'ETI', NULL, NULL, NULL, '2020-09-17 08:49:28', NULL, '2020-09-15 08:49:28', '2020-09-15 08:49:28', 2),
(175, 7, 78, 'standard', '[\"01\",\"14\",\"33\",\"30\",\"24\"]', 1, 'create ', 0, 0, 1, 'ETI', NULL, NULL, NULL, '2020-09-18 08:49:28', NULL, '2020-09-15 08:49:28', '2020-09-15 08:49:28', 2),
(176, 7, 78, 'standard', '[\"01\",\"14\",\"33\",\"30\",\"24\"]', 1, 'create ', 0, 0, 1, 'ETI', NULL, NULL, NULL, '2020-09-19 08:49:28', NULL, '2020-09-15 08:49:28', '2020-09-15 08:49:28', 2),
(177, 7, 78, 'standard', '[\"01\",\"14\",\"33\",\"30\",\"24\"]', 1, 'create ', 0, 0, 1, 'ETI', NULL, NULL, NULL, '2020-09-20 08:49:28', NULL, '2020-09-15 08:49:28', '2020-09-15 08:49:28', 2),
(178, 7, 78, 'standard', '[\"01\",\"14\",\"33\",\"30\",\"24\"]', 1, 'create ', 0, 0, 1, 'ETI', NULL, NULL, NULL, '2020-09-21 08:49:28', NULL, '2020-09-15 08:49:28', '2020-09-15 08:49:28', 2);

-- --------------------------------------------------------

--
-- Table structure for table `users`
--

CREATE TABLE `users` (
  `id` bigint(20) UNSIGNED NOT NULL,
  `uid` varchar(191) CHARACTER SET utf8mb4 COLLATE utf8mb4_unicode_ci DEFAULT NULL,
  `name` varchar(191) CHARACTER SET utf8mb4 COLLATE utf8mb4_unicode_ci NOT NULL,
  `username` varchar(191) CHARACTER SET utf8mb4 COLLATE utf8mb4_unicode_ci DEFAULT NULL,
  `avatar` text CHARACTER SET utf8mb4 COLLATE utf8mb4_unicode_ci,
  `email` varchar(191) CHARACTER SET utf8mb4 COLLATE utf8mb4_unicode_ci DEFAULT NULL,
  `email_verified_at` timestamp NULL DEFAULT NULL,
  `password` varchar(191) CHARACTER SET utf8mb4 COLLATE utf8mb4_unicode_ci DEFAULT NULL,
  `token` text CHARACTER SET utf8mb4 COLLATE utf8mb4_unicode_ci,
  `remember_token` varchar(100) CHARACTER SET utf8mb4 COLLATE utf8mb4_unicode_ci DEFAULT NULL,
  `group_id` bigint(20) UNSIGNED NOT NULL,
  `is_agency` tinyint(4) NOT NULL DEFAULT '0',
  `user_info` text CHARACTER SET utf8mb4 COLLATE utf8mb4_unicode_ci,
  `can_login_cms` tinyint(4) NOT NULL DEFAULT '0',
  `created_at` timestamp NULL DEFAULT NULL,
  `updated_at` timestamp NULL DEFAULT NULL,
  `deleted_at` timestamp NULL DEFAULT NULL
) ENGINE=InnoDB DEFAULT CHARSET=utf8mb4 COLLATE=utf8mb4_unicode_ci;

--
-- Dumping data for table `users`
--

INSERT INTO `users` (`id`, `uid`, `name`, `username`, `avatar`, `email`, `email_verified_at`, `password`, `token`, `remember_token`, `group_id`, `is_agency`, `user_info`, `can_login_cms`, `created_at`, `updated_at`, `deleted_at`) VALUES
(1, NULL, 'Admin', 'admin', NULL, 'admin@gmail.com', NULL, '$2y$10$GZQ3XTJjBeoVReigb1G8HugsMYZjoppdS9inCEfiWFCeKsVjDHHzS', 'eyJ0eXAiOiJKV1QiLCJhbGciOiJIUzI1NiJ9.eyJpc3MiOiJodHRwOlwvXC9sb2NhbGhvc3RcL2x0b3RvXC9wdWJsaWNcL2FwaVwvYXV0aFwvbG9naW4iLCJpYXQiOjE1OTk0NjEyNDEsImV4cCI6MTU5OTcyMDQ0MSwibmJmIjoxNTk5NDYxMjQxLCJqdGkiOiI1b3pMelFTYzlUSmtMeFdTIiwic3ViIjoxLCJwcnYiOiI4N2UwYWYxZWY5ZmQxNTgxMmZkZWM5NzE1M2ExNGUwYjA0NzU0NmFhIn0.DHOJZxnUxXOak590cQU6B7fsVSkxjjcOxlyTWOCpr5w', NULL, 1, 0, NULL, 1, '2020-07-13 10:42:49', '2020-09-07 06:47:21', NULL),
(2, '226001966', '226001966', NULL, NULL, 'vemaybayflyvn@gmail.com', NULL, NULL, '{\"id_token\":\"eyJhbGciOiJSUzI1NiIsImtpZCI6IjQ3Mzc2MkU4MDI3QThGOTk5OTZENzExNDVBQTc3REE0QzI5MEY1NjkiLCJ0eXAiOiJKV1QiLCJ4NXQiOiJSemRpNkFKNmo1bVpiWEVVV3FkOXBNS1E5V2sifQ.eyJuYmYiOjE1OTgyMzk0NTYsImV4cCI6MTU5ODIzOTc1NiwiaXNzIjoiaHR0cHM6Ly9pZC5lbGVnZW5kLmlvIiwiYXVkIjoiamFja3BvdC5lbGVnZW5kLmlvIiwiaWF0IjoxNTk4MjM5NDU2LCJhdF9oYXNoIjoiSndycTNNNDhIYTF3ZVRUcnQyVWFsZyIsInNfaGFzaCI6IkwzUGFMYXRhN3ZMYkZTN3pwM0FtZUEiLCJzaWQiOiJJX0dVQVJfS3V5dGljUjV1ZUJ2UXF3Iiwic3ViIjoiMjI2MDAxOTY2IiwiYXV0aF90aW1lIjoxNTk4MjM5NDI4LCJpZHAiOiJsb2NhbCIsImFtciI6WyJtZmEiXX0.jDsba8wjCQBg0tIv1pGBYMAiwTl08bw1iz_TjaHZjS1IMCK894FhvDyxlqEMdhmC03Pt7bEUOAXJprNLWK4g3HH07G906cTPGLX7bOdIuqunPuvwTEmURugh3YvQf4RFfNxbB79eKudDgyVJuhqqA0xIAohA4G6mZb4vvU75IGgDc6VMM-yJNf9ERxCsPYr-6WLkNl3UzYsJK_1juwMoeu7JMIjSP3xUgGoPdlStWUdgs7B9LMByCebWyNxxuocb89U6aPrDiUbST6PcMyk-SH0kVpfr8q-2kLYCc9XrGs5b1cQrTwvuWe0bLPzD0i_slu6MPAYTK6L6oxoBmrK4Fw\",\"access_token\":\"eyJhbGciOiJSUzI1NiIsImtpZCI6IjQ3Mzc2MkU4MDI3QThGOTk5OTZENzExNDVBQTc3REE0QzI5MEY1NjkiLCJ0eXAiOiJhdCtqd3QiLCJ4NXQiOiJSemRpNkFKNmo1bVpiWEVVV3FkOXBNS1E5V2sifQ.eyJuYmYiOjE1OTgyMzk0NTYsImV4cCI6MTU5ODI0MzA1NiwiaXNzIjoiaHR0cHM6Ly9pZC5lbGVnZW5kLmlvIiwiY2xpZW50X2lkIjoiamFja3BvdC5lbGVnZW5kLmlvIiwic3ViIjoiMjI2MDAxOTY2IiwiYXV0aF90aW1lIjoxNTk4MjM5NDI4LCJpZHAiOiJsb2NhbCIsInNjb3BlIjpbIm9wZW5pZCIsInByb2ZpbGUiLCJvZmZsaW5lX2FjY2VzcyJdLCJhbXIiOlsibWZhIl19.aMEOWGhOmvi-61Lh7s1dEny3blnpM7xbtOjaHa90y6IARtjFulSjCYr6pLlcR891lxLVfefBXYQgFlscDD3J5V8835s1pfXBm2eJQxsmxbkIyaL8t4-rDYiY1Z6ZVnPD5Dqh_LIGVrZW7qrfMor6-cVBKgqQfwtFSOofFsSFJ0wDBvyl-lJ8Igq6YWknmn4bVfSqXowWrmPXjy1XsxOv8f73ghDPCNdwqFQrgugs057ShHZc1t7Xs8wFmWZe5CkbfTZ5m17zko7ue47A3UECBYWe4kq7Ywrt4Q4ki5a8tokRIjdyUrf6W7G1iW13_USUZTr-s3HJZ5WLpZvzSvBQwQ\",\"expires_in\":3600,\"token_type\":\"Bearer\",\"refresh_token\":\"n_WSfCO7TcV1hu2GEdUleGb4IG_JKxqV9rg21NAtgiw\",\"scope\":\"openid profile offline_access\"}', NULL, 3, 0, '{\"sub\":\"226001966\",\"AspNet.Identity.SecurityStamp\":\"IBLQHLI3LDW4DKYSLPDJTVI3ZPKCNRVO\",\"preferred_username\":\"226001966\",\"name\":\"226001966\",\"email\":\"vemaybayflyvn@gmail.com\",\"email_verified\":true,\"phone_number_verified\":false,\"user_id\":\"226001966\",\"tenant_id\":\"UFvhMNdB0pZN9808HqpNV605NpRAaA6Eg6xD8mft\\/E1MaSCgpqLDIJ9XZhriUOp4\",\"phone_number\":\"AbcYgxTOnHCOAh9GcnWdFg==\",\"address\":\"\",\"address_2\":\"\",\"first_name\":\"\",\"last_name\":\"\",\"city\":\"\",\"state\":\"\",\"country_code\":\"\",\"identity_number\":\"\",\"parent_id\":\"412570888\",\"date_of_birth\":\"\",\"hierarchy_path\":\"412570888\\/226001966\",\"phone_country_code\":\"ZyhTWMLEv7rJ1LSdfYcVIg==\",\"full_phone_number\":\"3LMOyqp+2W9yj0fiDz0eDw==\",\"email_confirmed\":\"True\",\"phone_number_confirmed\":\"False\",\"created_at\":\"1594111023\",\"updated_at\":\"1594718910\",\"authenticator_key\":\"JJ3csQO8WLo8JMpLoxArHUWoDhOQ1KvZiCLs4AWvWtjsa8iJbin9urvEvKurPbT4\",\"two_factor_enabled\":\"True\",\"kyc_level\":\"1\",\"security_updated_at\":\"1594718981\"}', 0, '2020-07-13 10:45:14', '2020-08-24 03:24:16', NULL),
(3, '136864946', '136864946', NULL, NULL, 'giadinhbonka@gmail.com', NULL, NULL, '{\"id_token\":\"eyJhbGciOiJSUzI1NiIsImtpZCI6IjQ3Mzc2MkU4MDI3QThGOTk5OTZENzExNDVBQTc3REE0QzI5MEY1NjkiLCJ0eXAiOiJKV1QiLCJ4NXQiOiJSemRpNkFKNmo1bVpiWEVVV3FkOXBNS1E5V2sifQ.eyJuYmYiOjE1OTU3NTM0MDEsImV4cCI6MTU5NTc1MzcwMSwiaXNzIjoiaHR0cHM6Ly9pZC5lbGVnZW5kLmlvIiwiYXVkIjoiamFja3BvdC5lbGVnZW5kLmlvIiwiaWF0IjoxNTk1NzUzNDAxLCJhdF9oYXNoIjoiWjdYamVSSmk1RzF4TXZXd25TQ2dKQSIsInNfaGFzaCI6IjlaUjhKbFhaLW8ybkpjaGJKT1Y2SmciLCJzaWQiOiJsMTJOTU5FVGtVVGxJRm9Xdjk3T3JRIiwic3ViIjoiMTM2ODY0OTQ2IiwiYXV0aF90aW1lIjoxNTk1NzUzNDAwLCJpZHAiOiJsb2NhbCIsImFtciI6WyJwd2QiXX0.tGlD-lX9aUzpBT6teCbOorOOGVBRdBUn-lVlLEbuaUEOtTpEgV0oINqGnI-4RUC-7HLcrVBK9M7NIo9YC6JoFFWP7DZGzMoTpSJ_Cg0VdIFGMO9M7qBpL3rl_pBR3b6ZShz8onMC3PSabUTkxvjhOvldVN-RTk8BEPnmAjFLKvsX3WK5LnBASjH5nJTKWQ_MmMiOY9r8Fq0qS9w5ALadi7HCb1Zpy8fYI3bgoajmcSjHEdNmWAUuT7KHZ0cEeOxkzWIMnFPxfV8uODO2X-8_lT2QaiKmYIL7NXi44rAK4YhREvAXUQbjirvY5lATBDi1XCg8GiHDR_TT5W2ha5iBrA\",\"access_token\":\"eyJhbGciOiJSUzI1NiIsImtpZCI6IjQ3Mzc2MkU4MDI3QThGOTk5OTZENzExNDVBQTc3REE0QzI5MEY1NjkiLCJ0eXAiOiJhdCtqd3QiLCJ4NXQiOiJSemRpNkFKNmo1bVpiWEVVV3FkOXBNS1E5V2sifQ.eyJuYmYiOjE1OTU3NTM0MDAsImV4cCI6MTU5NTc1NzAwMCwiaXNzIjoiaHR0cHM6Ly9pZC5lbGVnZW5kLmlvIiwiY2xpZW50X2lkIjoiamFja3BvdC5lbGVnZW5kLmlvIiwic3ViIjoiMTM2ODY0OTQ2IiwiYXV0aF90aW1lIjoxNTk1NzUzNDAwLCJpZHAiOiJsb2NhbCIsInNjb3BlIjpbIm9wZW5pZCIsInByb2ZpbGUiLCJvZmZsaW5lX2FjY2VzcyJdLCJhbXIiOlsicHdkIl19.bJk74oCqLGrvSWr9VvblPmEguPkFuhcldPsKVb9mREqxM7vvSHZgOM7NAKct7EJJuYV2FsmzZgtrqKz8-pXhAMGk1SlPd7gM5a01z89kQ8uaeLdkXPmzmrUsmmoYn3yVGiihuX4drq8SGyPh0Znd3NBvqY0ZJXAkExktlWs0dulCPWd2kttHnyOyR-8B8ulCUDiHVOIC7xvhgOFm9brxT_STZ88GH3cUTl52_3mY8Ql04ClNXDcKHkqyGk_cn5jh5BDr4jWMZP1HEcBcZXQjSusEMRlSIn215XPK39ShG6RJlI6U9Y0hNe_Q3sHAEvLSsjboAVvSoqri3FyugIf4yA\",\"expires_in\":3600,\"token_type\":\"Bearer\",\"refresh_token\":\"8-tWMYAB0PksXJEhwOP-9caNVqWv8aqtlSl1Mp5gSqs\",\"scope\":\"openid profile offline_access\"}', NULL, 3, 0, '{\"sub\":\"136864946\",\"AspNet.Identity.SecurityStamp\":\"2IAZZPFDNTOT43JMAEHCLP5HYZBTP7FB\",\"preferred_username\":\"136864946\",\"name\":\"136864946\",\"email\":\"giadinhbonka@gmail.com\",\"email_verified\":true,\"user_id\":\"136864946\",\"tenant_id\":\"UFvhMNdB0pZN9808HqpNV605NpRAaA6Eg6xD8mft\\/E1MaSCgpqLDIJ9XZhriUOp4\",\"phone_number\":\"\",\"address\":\"\",\"address_2\":\"\",\"first_name\":\"\",\"last_name\":\"\",\"city\":\"\",\"state\":\"\",\"country_code\":\"\",\"identity_number\":\"\",\"parent_id\":\"\",\"date_of_birth\":\"\",\"hierarchy_path\":\"136864946\",\"phone_country_code\":\"\",\"full_phone_number\":\"\",\"email_confirmed\":\"True\",\"phone_number_confirmed\":\"False\",\"created_at\":\"1594183011\",\"updated_at\":\"1594183011\",\"authenticator_key\":\"\",\"two_factor_enabled\":\"False\",\"kyc_level\":\"0\",\"security_updated_at\":\"0\"}', 0, '2020-07-13 14:22:42', '2020-07-26 08:50:01', NULL),
(4, '412570888', '412570888', NULL, NULL, 'kiemtien101.com@gmail.com', NULL, NULL, '{\"id_token\":\"eyJhbGciOiJSUzI1NiIsImtpZCI6IjQ3Mzc2MkU4MDI3QThGOTk5OTZENzExNDVBQTc3REE0QzI5MEY1NjkiLCJ0eXAiOiJKV1QiLCJ4NXQiOiJSemRpNkFKNmo1bVpiWEVVV3FkOXBNS1E5V2sifQ.eyJuYmYiOjE1OTQ3MDk0NDEsImV4cCI6MTU5NDcwOTc0MSwiaXNzIjoiaHR0cHM6Ly9pZC5lbGVnZW5kLmlvIiwiYXVkIjoiamFja3BvdC5lbGVnZW5kLmlvIiwiaWF0IjoxNTk0NzA5NDQxLCJhdF9oYXNoIjoiSXVFbVlLbkE4em9odzdBTVp6WEJYdyIsInNfaGFzaCI6Ikx3NVFzd3p0Z2J5SnRudXVlZTZvREEiLCJzaWQiOiJGbkZuNXpkMTh5eGN5ZkFLZWJsMzBnIiwic3ViIjoiNDEyNTcwODg4IiwiYXV0aF90aW1lIjoxNTk0MjY1MTU2LCJpZHAiOiJsb2NhbCIsImFtciI6WyJtZmEiXX0.ZuStM7VfsyQ-Qe5Vz39_5FQwmU0a07O2PZKx4i-iW-h4DQtkZL_9C1_8U8LosKeSwp7DNqZKdaVu9CQLx9UI2D-A8LuMhrUYcPoY9VMl1KMJmKUF68EYjrMHtwcV8wUTedyodX1SaDAWsJvUvC6f7jWr8rWz5tVLsGiqI5pE3TzzNj7kEjAzPeq67Qq8sJnOKOtDXtHxgMeeFP3cjsx7iqvS8LRiZYkZ9f-y1wqTMZ6TxgaN4LV2TdRH75Ct3GZvuy2OpEpLDYbXSEeHrf9rkEzMkXcd33wZqrteTOTLfOETaNuoJXJCm9Ov2lXRNnHJ3oTxWNdd6CKvWLVbQTDV3w\",\"access_token\":\"eyJhbGciOiJSUzI1NiIsImtpZCI6IjQ3Mzc2MkU4MDI3QThGOTk5OTZENzExNDVBQTc3REE0QzI5MEY1NjkiLCJ0eXAiOiJhdCtqd3QiLCJ4NXQiOiJSemRpNkFKNmo1bVpiWEVVV3FkOXBNS1E5V2sifQ.eyJuYmYiOjE1OTQ3MDk0NDEsImV4cCI6MTU5NDcxMzA0MSwiaXNzIjoiaHR0cHM6Ly9pZC5lbGVnZW5kLmlvIiwiY2xpZW50X2lkIjoiamFja3BvdC5lbGVnZW5kLmlvIiwic3ViIjoiNDEyNTcwODg4IiwiYXV0aF90aW1lIjoxNTk0MjY1MTU2LCJpZHAiOiJsb2NhbCIsInNjb3BlIjpbIm9wZW5pZCIsInByb2ZpbGUiLCJvZmZsaW5lX2FjY2VzcyJdLCJhbXIiOlsibWZhIl19.uPeuCHYKSJLpqzZy6RTtX7GNta730Kz3FDM034izEH36Tt4_aSZvHrwGqjAMRPIBM-9XK767k_0NdiFjcKYn2GTlphsO1rAMRU-2nNRmiOA-ctyGWcIuFdQ3xyOVDRSLJCHD46ceNM_1hyE5abZrolPwHqHz6_xkLgZSkn6ClUewQDnchUhniygbLzpMmR7r6NTic4_ZXlwHeOrNDxSZn9wUEbLS5i3njzlziGRSACfr61GlRDbt180JdaCvR-iPOsAvcL7hbqGRGZppCVGPkjwbhYrK2g6DhCBh-e_5DSvS2ztGZkHLCU4lNJx6gXYET3w0aZrGHYkn__TswwZiuw\",\"expires_in\":3600,\"token_type\":\"Bearer\",\"refresh_token\":\"gRagpAQNwju3nX6qJ5QbwIgDgbMR5LhtccCIFM6LJ9I\",\"scope\":\"openid profile offline_access\"}', NULL, 3, 0, '{\"sub\":\"412570888\",\"AspNet.Identity.SecurityStamp\":\"45FFIK3ZWHNVNDCNIISFEP36NHPBBNV6\",\"preferred_username\":\"412570888\",\"name\":\"412570888\",\"email\":\"kiemtien101.com@gmail.com\",\"email_verified\":true,\"user_id\":\"412570888\",\"tenant_id\":\"UFvhMNdB0pZN9808HqpNV605NpRAaA6Eg6xD8mft\\/E1MaSCgpqLDIJ9XZhriUOp4\",\"phone_number\":\"\",\"address\":\"\",\"address_2\":\"\",\"first_name\":\"\",\"last_name\":\"\",\"city\":\"\",\"state\":\"\",\"country_code\":\"\",\"identity_number\":\"\",\"parent_id\":\"\",\"date_of_birth\":\"\",\"hierarchy_path\":\"412570888\",\"phone_country_code\":\"\",\"full_phone_number\":\"\",\"email_confirmed\":\"True\",\"phone_number_confirmed\":\"False\",\"created_at\":\"1593660074\",\"updated_at\":\"1593660074\",\"authenticator_key\":\"prcqXoyrU3W0eXyFihePaCKG69crnrvRN\\/u4sSr\\/fdLsa8iJbin9urvEvKurPbT4\",\"two_factor_enabled\":\"True\",\"kyc_level\":\"3\",\"security_updated_at\":\"1593660074\"}', 0, '2020-07-14 01:47:49', '2020-07-14 06:50:41', NULL),
(5, '479719875', '479719875', NULL, NULL, 'thanhaideveloper@gmail.com', NULL, NULL, '{\"id_token\":\"eyJhbGciOiJSUzI1NiIsImtpZCI6IjQ3Mzc2MkU4MDI3QThGOTk5OTZENzExNDVBQTc3REE0QzI5MEY1NjkiLCJ0eXAiOiJKV1QiLCJ4NXQiOiJSemRpNkFKNmo1bVpiWEVVV3FkOXBNS1E5V2sifQ.eyJuYmYiOjE1OTU1NTUzODksImV4cCI6MTU5NTU1NTY4OSwiaXNzIjoiaHR0cHM6Ly9pZC5lbGVnZW5kLmlvIiwiYXVkIjoiamFja3BvdC5lbGVnZW5kLmlvIiwiaWF0IjoxNTk1NTU1Mzg5LCJhdF9oYXNoIjoiNUF2aHYzN0hsZGp6clhLaW1PQ2JXdyIsInNfaGFzaCI6IjQwU2VyQmRzeTYtbkRWdmsxS0FTSXciLCJzaWQiOiJDUXlnemtPZlg2TmQtaVJQcmF2ZzB3Iiwic3ViIjoiNDc5NzE5ODc1IiwiYXV0aF90aW1lIjoxNTk1NTU1Mzg5LCJpZHAiOiJsb2NhbCIsImFtciI6WyJtZmEiXX0.p6zNx7V-notdNiHLoDb6zDDZYXjj4MXlBfVU6h6TXTa4IieM49djMaYXz4sjwPdxfIqaJ9EDRLYekrxW55msqurgux4AlrNLTBRTC-Vv6LJyNCNZzweopmvC0r2e05ski4Q3mqHVjDWvjfrdTTMh5DCrMFos5zQsWYJcVa94bLNvwgHXy0wQNmr9pyC6M-ENV8y89ldbsjqsDU-IG_jA4Py9Ew8brR_ZgxJHthEDZ0zyoFQq47NzMSGUShjzLwDMW7TMO75TkqAK0pFaxyvOFNd8DlTlxk5swf9-fXDj_3ld-ZrNF7WMFIIjtzJToHr8AylgkXc8wseNow8NMmJWKA\",\"access_token\":\"eyJhbGciOiJSUzI1NiIsImtpZCI6IjQ3Mzc2MkU4MDI3QThGOTk5OTZENzExNDVBQTc3REE0QzI5MEY1NjkiLCJ0eXAiOiJhdCtqd3QiLCJ4NXQiOiJSemRpNkFKNmo1bVpiWEVVV3FkOXBNS1E5V2sifQ.eyJuYmYiOjE1OTU1NTUzODksImV4cCI6MTU5NTU1ODk4OSwiaXNzIjoiaHR0cHM6Ly9pZC5lbGVnZW5kLmlvIiwiY2xpZW50X2lkIjoiamFja3BvdC5lbGVnZW5kLmlvIiwic3ViIjoiNDc5NzE5ODc1IiwiYXV0aF90aW1lIjoxNTk1NTU1Mzg5LCJpZHAiOiJsb2NhbCIsInNjb3BlIjpbIm9wZW5pZCIsInByb2ZpbGUiLCJvZmZsaW5lX2FjY2VzcyJdLCJhbXIiOlsibWZhIl19.uo_JZ2S9TV2hrVmg5Jj12fClKwbcO10EI64uD4BfxKE99XYjD6ePDShEqNXYO6s-fvHyaV9Fmq_MWo9DHFbqtqn-XIgETxmWT7vGdQH_tO__8hIQZPDir9OQ8zpvLieXMbql8XyjaXJP3IaCCKZ-w0-6QkUndOVR5NR9q2erdrwDPZitnKMRqgYzQXROK114ULVD7CFV0OaDUjU0ZF1iFlL2Q2oTSOF2ANsPen_BlKzM3pIwV_cJiwBZmsRld2SkMnPib66bNOolnX7BthMFmK8YME1fCfgss7aAw7mK229sm68w1v1f19vCqqFwgrsiXBgdRkLY63t9mCHD4yi6VA\",\"expires_in\":3600,\"token_type\":\"Bearer\",\"refresh_token\":\"1vj9vG4kbyYuU_g8LMvqQBdJf9phjYVEXS6A5CY0aOo\",\"scope\":\"openid profile offline_access\"}', NULL, 3, 0, '{\"sub\":\"479719875\",\"AspNet.Identity.SecurityStamp\":\"RPOLWUDOLTTN26NUXJQ4PYUMG35PS26S\",\"preferred_username\":\"479719875\",\"name\":\"479719875\",\"email\":\"thanhaideveloper@gmail.com\",\"email_verified\":true,\"user_id\":\"479719875\",\"tenant_id\":\"UFvhMNdB0pZN9808HqpNV605NpRAaA6Eg6xD8mft\\/E1MaSCgpqLDIJ9XZhriUOp4\",\"phone_number\":\"\",\"address\":\"\",\"address_2\":\"\",\"first_name\":\"\",\"last_name\":\"\",\"city\":\"\",\"state\":\"\",\"country_code\":\"\",\"identity_number\":\"\",\"parent_id\":\"\",\"date_of_birth\":\"\",\"hierarchy_path\":\"479719875\",\"phone_country_code\":\"\",\"full_phone_number\":\"\",\"email_confirmed\":\"True\",\"phone_number_confirmed\":\"False\",\"created_at\":\"1593770803\",\"updated_at\":\"1593770803\",\"authenticator_key\":\"NpG9iNPGw7ZFVet9Bb4vjMVhVxRojVkpVg3omYyn017sa8iJbin9urvEvKurPbT4\",\"two_factor_enabled\":\"True\",\"kyc_level\":\"1\",\"security_updated_at\":\"1594295380\"}', 0, '2020-07-14 01:50:01', '2020-07-24 01:49:49', NULL),
(6, '349908168', '349908168', NULL, NULL, 'hero204090@gmail.com', NULL, NULL, '{\"id_token\":\"eyJhbGciOiJSUzI1NiIsImtpZCI6IjQ3Mzc2MkU4MDI3QThGOTk5OTZENzExNDVBQTc3REE0QzI5MEY1NjkiLCJ0eXAiOiJKV1QiLCJ4NXQiOiJSemRpNkFKNmo1bVpiWEVVV3FkOXBNS1E5V2sifQ.eyJuYmYiOjE1OTQ3MTcwNjgsImV4cCI6MTU5NDcxNzM2OCwiaXNzIjoiaHR0cHM6Ly9pZC5lbGVnZW5kLmlvIiwiYXVkIjoiamFja3BvdC5lbGVnZW5kLmlvIiwiaWF0IjoxNTk0NzE3MDY4LCJhdF9oYXNoIjoiQkF5WjN6SDNKOHdWOXYzanVGZl93ZyIsInNfaGFzaCI6IkFVUUVHajVQbzY4NVlqUGZoLWR2NEEiLCJzaWQiOiIwNXdvSklRaHZXZXIwZWRENU1CNmtRIiwic3ViIjoiMzQ5OTA4MTY4IiwiYXV0aF90aW1lIjoxNTk0NzE3MDY0LCJpZHAiOiJsb2NhbCIsImFtciI6WyJtZmEiXX0.ptvnt3hB_iWeYDdDQlyg4lg8ExiXYIsKOqANPMjvq29Fs6EZs-CkDIiv8fxCo_zZo-JF15hbSdi6W8uxqhTyIA_4BK9SPzgcMq6qAg7OPVgUk8k8AcxplpwJjzUYlB6gJvk0SXz0JOcsqioI4cpw8cTzasFA2tXOnQbb2G7cfJDGh2H1iH2xPaKwzsB0t39qn9nG8dC9Y7tIg-8t0daut3LLVoQNzK8mNMgz8J_hhIQ0oEKAJ2IZsVc5JrLM3BlNqNhIblWl8_GcPg5nMz5aHyiCWus-mktBGWT2RKbVwFIVGqjy-54RzU4Lb2S1Ewpm8t3PZ4czzc9oeDA5N4hb0A\",\"access_token\":\"eyJhbGciOiJSUzI1NiIsImtpZCI6IjQ3Mzc2MkU4MDI3QThGOTk5OTZENzExNDVBQTc3REE0QzI5MEY1NjkiLCJ0eXAiOiJhdCtqd3QiLCJ4NXQiOiJSemRpNkFKNmo1bVpiWEVVV3FkOXBNS1E5V2sifQ.eyJuYmYiOjE1OTQ3MTcwNjgsImV4cCI6MTU5NDcyMDY2OCwiaXNzIjoiaHR0cHM6Ly9pZC5lbGVnZW5kLmlvIiwiY2xpZW50X2lkIjoiamFja3BvdC5lbGVnZW5kLmlvIiwic3ViIjoiMzQ5OTA4MTY4IiwiYXV0aF90aW1lIjoxNTk0NzE3MDY0LCJpZHAiOiJsb2NhbCIsInNjb3BlIjpbIm9wZW5pZCIsInByb2ZpbGUiLCJvZmZsaW5lX2FjY2VzcyJdLCJhbXIiOlsibWZhIl19.ZbjVMCHVPTpku0EjyLDAfyR2YPtiVnSm-udQZw-8w9jKVTYS7N55Gp_u2VHmIzy5pF9HOhD8YFkVSltprhUnxjOhUGunjBO23nX1KXdtHbu5WuEyeW-h7gT551qGocgkTYv4dIgav86YJpngpShqAspuCi_b8QosYrP5n3AtF2UNXOBGPdIrt7102QaW4mIzfHNkpxY7EnjTpNYqbM_xAKt2JjhzkpmB4_VpXPM3DN8mz_ABPHEqoGbj5UXYayNVQVcTY0VLHSxuahA3aCSEMLH_cjwS97ozZzq4f0SpR-XIiJ92q_pUjd32tpDIHzlPEhKc6mbipGqx93_J7WaQSw\",\"expires_in\":3600,\"token_type\":\"Bearer\",\"refresh_token\":\"VbpaMp7SJUaa-d-TgVMa31P1OoNCnaEJUzBhcu0M--o\",\"scope\":\"openid profile offline_access\"}', NULL, 3, 0, '{\"sub\":\"349908168\",\"AspNet.Identity.SecurityStamp\":\"FPXZGZH7VTVLF2HIGBXUKFHRY2P7HBDP\",\"preferred_username\":\"349908168\",\"name\":\"349908168\",\"email\":\"hero204090@gmail.com\",\"email_verified\":true,\"user_id\":\"349908168\",\"tenant_id\":\"UFvhMNdB0pZN9808HqpNV605NpRAaA6Eg6xD8mft\\/E1MaSCgpqLDIJ9XZhriUOp4\",\"phone_number\":\"\",\"address\":\"\",\"address_2\":\"\",\"first_name\":\"\",\"last_name\":\"\",\"city\":\"\",\"state\":\"\",\"country_code\":\"\",\"identity_number\":\"\",\"parent_id\":\"\",\"date_of_birth\":\"\",\"hierarchy_path\":\"349908168\",\"phone_country_code\":\"\",\"full_phone_number\":\"\",\"email_confirmed\":\"True\",\"phone_number_confirmed\":\"False\",\"created_at\":\"1594194050\",\"updated_at\":\"1594194050\",\"authenticator_key\":\"wjNkeFalNsW08iyNhgaz3Ltb3c1Px8jZbgXdi0YzSUnsa8iJbin9urvEvKurPbT4\",\"two_factor_enabled\":\"True\",\"kyc_level\":\"1\",\"security_updated_at\":\"1594265527\"}', 0, '2020-07-14 08:57:48', '2020-07-14 08:57:48', NULL),
(7, '402461137', '402461137', NULL, NULL, 'vlinh12300@gmail.com', NULL, NULL, '{\"id_token\":\"eyJhbGciOiJSUzI1NiIsImtpZCI6IjQ3Mzc2MkU4MDI3QThGOTk5OTZENzExNDVBQTc3REE0QzI5MEY1NjkiLCJ0eXAiOiJKV1QiLCJ4NXQiOiJSemRpNkFKNmo1bVpiWEVVV3FkOXBNS1E5V2sifQ.eyJuYmYiOjE2MDA2ODk5NzYsImV4cCI6MTYwMDY5MDI3NiwiaXNzIjoiaHR0cHM6Ly9pZC5lbGVnZW5kLmlvIiwiYXVkIjoiamFja3BvdC5lbGVnZW5kLmlvIiwiaWF0IjoxNjAwNjg5OTc2LCJhdF9oYXNoIjoieUExQ3I1Y2FWVWZEQlROX1JsLWJnZyIsInNfaGFzaCI6IklscjNmU25fMmRnT1pJSGZ2WllfeHciLCJzaWQiOiJMb3N0UGJVU1BKR3FYcUkyUEhvbW1nIiwic3ViIjoiNDAyNDYxMTM3IiwiYXV0aF90aW1lIjoxNjAwMDc4MjUxLCJpZHAiOiJsb2NhbCIsImFtciI6WyJtZmEiXX0.wPjcrSD31-l476HfcVe7qJlk5zC5oYJvZtE-FRZsBlUvLy1DtcSI6c2guUKi46TIgmeINSvsaKVPQ1DLWoy7itCAnwxJ0LRaQdME_f6xeZDWNiY525hREy0lEt09iVpR0B6UcIwuLgQ5b1Zm6_PjmLfU6TxurHsIVsEUPmQ36Z8dz39CRm455Ky-iNzEK72vpmb2W3RifFGrqFDUgLzs6gMX2KY30EbB1EEP-6s2l16S5bmm-s_oBMPeTBvTzOYkQ-nQsdCGQmAffQqjCxEfhNVVkHz5mg-PMZXJkPSuV_azrNyxfgo2Vctjw8MoNjSN1WdYDDNSBsGZu9k2SXmAdQ\",\"access_token\":\"eyJhbGciOiJSUzI1NiIsImtpZCI6IjQ3Mzc2MkU4MDI3QThGOTk5OTZENzExNDVBQTc3REE0QzI5MEY1NjkiLCJ0eXAiOiJhdCtqd3QiLCJ4NXQiOiJSemRpNkFKNmo1bVpiWEVVV3FkOXBNS1E5V2sifQ.eyJuYmYiOjE2MDA2ODk5NzYsImV4cCI6MTYwMDY5MzU3NiwiaXNzIjoiaHR0cHM6Ly9pZC5lbGVnZW5kLmlvIiwiY2xpZW50X2lkIjoiamFja3BvdC5lbGVnZW5kLmlvIiwic3ViIjoiNDAyNDYxMTM3IiwiYXV0aF90aW1lIjoxNjAwMDc4MjUxLCJpZHAiOiJsb2NhbCIsInNjb3BlIjpbIm9wZW5pZCIsInByb2ZpbGUiLCJvZmZsaW5lX2FjY2VzcyJdLCJhbXIiOlsibWZhIl19.V1V4gCSX_xrOQW70hgd5pLuB2-yjKXKPkqV9_U8ng0GLdeJovz017CNW7coHZP84R5s0Iua3nzf9PZwZ0Dsq4UN6CeO3w3g9e9EGa3YHgqXk9FeoQjslGjWSjErRKPj8gM3ahDe0xvxKjhjpG7dTNlkt7JP1POnsZl31ui5vnVFD3CChALveHs_JyUJLYIWR7r8iqmyTWcYGX3kcZ0BvXSLnCCKKXAG-F1DHZ6V_FNdNKCKXJh_2fc6D4IyRsYKZCsr8ItcDIAc0WflO8q_VnXzDVkJIu7scL9MxnYJpaDHp4MTYD_RZeontGwWI1XGhGSmvYtAQTXo3Re3yC2toHQ\",\"expires_in\":3600,\"token_type\":\"Bearer\",\"refresh_token\":\"sIuIm3NzfbU1uBJiDzzkWwjx4PFxRNWtb1ctAdlrHYc\",\"scope\":\"openid profile offline_access\"}', NULL, 3, 0, '{\"sub\":\"402461137\",\"AspNet.Identity.SecurityStamp\":\"B52354FPQJVXUXDJULNPQHIROC7N45US\",\"preferred_username\":\"402461137\",\"name\":\"402461137\",\"email\":\"vlinh12300@gmail.com\",\"email_verified\":true,\"phone_number_verified\":true,\"user_id\":\"402461137\",\"tenant_id\":\"UFvhMNdB0pZN9808HqpNV605NpRAaA6Eg6xD8mft\\/E1MaSCgpqLDIJ9XZhriUOp4\",\"phone_number\":\"HoRQo8IMZ8gOj36TluG9Rw==\",\"address\":\"Thu Dau Mot\",\"address_2\":\"\",\"first_name\":\"Vu\",\"last_name\":\"Linh\",\"city\":\"Binh Duong\",\"state\":\"Binh Duong\",\"country_code\":\"VN\",\"identity_number\":\"\",\"parent_id\":\"\",\"date_of_birth\":\"802223940\",\"hierarchy_path\":\"402461137\",\"phone_country_code\":\"ZyhTWMLEv7rJ1LSdfYcVIg==\",\"full_phone_number\":\"XWeFwFCgjy+3tSKrleqEYA==\",\"email_confirmed\":\"True\",\"phone_number_confirmed\":\"True\",\"created_at\":\"1593678061\",\"updated_at\":\"1598239498\",\"authenticator_key\":\"FZWG0HHzg4VK0rBu4CUXJuLuwuAltkbnVDZKNxlz4BTsa8iJbin9urvEvKurPbT4\",\"two_factor_enabled\":\"True\",\"kyc_level\":\"2\",\"security_updated_at\":\"1598258888\"}', 0, '2020-07-15 07:22:31', '2020-09-21 12:06:19', NULL),
(8, '788658781', '788658781', NULL, NULL, 'chuquangminh@gmail.com', NULL, NULL, '{\"id_token\":\"eyJhbGciOiJSUzI1NiIsImtpZCI6IjQ3Mzc2MkU4MDI3QThGOTk5OTZENzExNDVBQTc3REE0QzI5MEY1NjkiLCJ0eXAiOiJKV1QiLCJ4NXQiOiJSemRpNkFKNmo1bVpiWEVVV3FkOXBNS1E5V2sifQ.eyJuYmYiOjE1OTc1OTYyOTgsImV4cCI6MTU5NzU5NjU5OCwiaXNzIjoiaHR0cHM6Ly9pZC5lbGVnZW5kLmlvIiwiYXVkIjoiamFja3BvdC5lbGVnZW5kLmlvIiwiaWF0IjoxNTk3NTk2Mjk4LCJhdF9oYXNoIjoiVllvUElpWXhRM1JiazFlMHc5Sng1QSIsInNfaGFzaCI6IkJhSkxPLVpHMlh4eVQzbmFyVzBvWlEiLCJzaWQiOiJIVUU4U3FsdkFDZTVzc05BV2VrZTlBIiwic3ViIjoiNzg4NjU4NzgxIiwiYXV0aF90aW1lIjoxNTk3NTk2MjE4LCJpZHAiOiJsb2NhbCIsImFtciI6WyJwd2QiXX0.A5IHrLaNuV8tyjmV_Oix9RL5IxJzsYSPy-STMB-mKQxNyFs08FkH1TirMx5Xwm4i_b_R7QV-_6z5yn5WSHl3NINp-J3zqKVD-oZWDhdVi6XFSJasDume98PGFHgQ7A9KFOGwWR2UVI1JGuGByZSNSWLGjaAueo9m5MzhUReye3DQBWLoBEip9TpBD8f4HrnoMhWb9ae7BCvYPHTIye6r7qae9u5XX4X5UIq4vkLnCPfY6wdaqcBc0I0ARDIFd1-cYDQlerSENBRY1fssIKCgnLWSG3tqjnY4ExtYPEbiDiBxNi_rmAGDYxa6fk_stPg9HQQhmOwerW3mKkfU5_p8og\",\"access_token\":\"eyJhbGciOiJSUzI1NiIsImtpZCI6IjQ3Mzc2MkU4MDI3QThGOTk5OTZENzExNDVBQTc3REE0QzI5MEY1NjkiLCJ0eXAiOiJhdCtqd3QiLCJ4NXQiOiJSemRpNkFKNmo1bVpiWEVVV3FkOXBNS1E5V2sifQ.eyJuYmYiOjE1OTc1OTYyOTgsImV4cCI6MTU5NzU5OTg5OCwiaXNzIjoiaHR0cHM6Ly9pZC5lbGVnZW5kLmlvIiwiY2xpZW50X2lkIjoiamFja3BvdC5lbGVnZW5kLmlvIiwic3ViIjoiNzg4NjU4NzgxIiwiYXV0aF90aW1lIjoxNTk3NTk2MjE4LCJpZHAiOiJsb2NhbCIsInNjb3BlIjpbIm9wZW5pZCIsInByb2ZpbGUiLCJvZmZsaW5lX2FjY2VzcyJdLCJhbXIiOlsicHdkIl19.iqHJqJucAIYl97WDL8kyZAINc8LAk-IO-gBMNsT2ocWN0H2-tYgGn9F_jjN6-KilxYBmsc935CKmUfEcBVduolcn6_4LZmZqoT2B4f9ovebRqrEQ423yfZatLSq7rY-PD-kmRfJwFheeNFWkPnTLGbnc0pHtWZiNJt1CKRliF4zpZ2OZwgJMxR1y6j_wehRxudwnImArAC1jXqR1Ahyp84TYuJg_a3pQ8_XjnyFCrm-IXLpOIq7kWJjODf39-WBMVewMDIoehG7JSA5PBC-nzwMJZGBRzO__jx5imrYCyUbO6C7qTIqONNQGjyyot8V2aw0cxtYbE3J4lEs8GTu3qg\",\"expires_in\":3600,\"token_type\":\"Bearer\",\"refresh_token\":\"u5qRqSzEnGPvCF_EFFAay8l2UH-zi7Ib2W6l2LKgyxE\",\"scope\":\"openid profile offline_access\"}', NULL, 3, 0, '{\"sub\":\"788658781\",\"AspNet.Identity.SecurityStamp\":\"XYOD6TA6PW63EDTTNYPW2IPDNPKHF2DY\",\"preferred_username\":\"788658781\",\"name\":\"788658781\",\"email\":\"chuquangminh@gmail.com\",\"email_verified\":true,\"user_id\":\"788658781\",\"tenant_id\":\"UFvhMNdB0pZN9808HqpNV605NpRAaA6Eg6xD8mft\\/E1MaSCgpqLDIJ9XZhriUOp4\",\"phone_number\":\"\",\"address\":\"\",\"address_2\":\"\",\"first_name\":\"\",\"last_name\":\"\",\"city\":\"\",\"state\":\"\",\"country_code\":\"\",\"identity_number\":\"\",\"parent_id\":\"\",\"date_of_birth\":\"\",\"hierarchy_path\":\"788658781\",\"phone_country_code\":\"\",\"full_phone_number\":\"\",\"email_confirmed\":\"True\",\"phone_number_confirmed\":\"False\",\"created_at\":\"1593617044\",\"updated_at\":\"1593617044\",\"authenticator_key\":\"\",\"two_factor_enabled\":\"False\",\"kyc_level\":\"0\",\"security_updated_at\":\"0\"}', 0, '2020-07-17 00:21:54', '2020-08-16 16:44:58', NULL),
(9, '815339118', '815339118', NULL, NULL, 'thanhdanh1996@gmail.com', NULL, NULL, '{\"id_token\":\"eyJhbGciOiJSUzI1NiIsImtpZCI6IjQ3Mzc2MkU4MDI3QThGOTk5OTZENzExNDVBQTc3REE0QzI5MEY1NjkiLCJ0eXAiOiJKV1QiLCJ4NXQiOiJSemRpNkFKNmo1bVpiWEVVV3FkOXBNS1E5V2sifQ.eyJuYmYiOjE1OTgyNDEyMjYsImV4cCI6MTU5ODI0MTUyNiwiaXNzIjoiaHR0cHM6Ly9pZC5lbGVnZW5kLmlvIiwiYXVkIjoiamFja3BvdC5lbGVnZW5kLmlvIiwiaWF0IjoxNTk4MjQxMjI2LCJhdF9oYXNoIjoiWUQyLTdWYUxUQXFXbDNoNVQxVUs2ZyIsInNfaGFzaCI6ImZRdkhDVHJuWkpOZjNGM2R3ek9NcUEiLCJzaWQiOiJESmpRVW0yN0RmTDZNYXluREV2QzJnIiwic3ViIjoiODE1MzM5MTE4IiwiYXV0aF90aW1lIjoxNTk4MjQxMjI1LCJpZHAiOiJsb2NhbCIsImFtciI6WyJwd2QiXX0.uhelxN5i_hm-y-ArKndjt4jkmEbv9qN3niuKDf5c9zwKOIapLleWeLqh6GNAERZA3S4vX6hjBUN9FrZZOc-zF3MFQaFE9kF2NoboXert9eQbrbkNMm7hk4AxLtSS7xwWsWCvWi7-t5cPntfYnN1RUae5nAP755fk5Ik96YNJ2wzD0CN2olgaXkFIXb6tPb4ejDFrFRAfAl6vUmOcyCvHKuMUajaC0qvh03iGl4wsO29qbf7-1xBOYSP450Bp5xOr6_mxBeRTYphj1vfEY6m_Afiq0q6AqQ2mew_QOvhe3vrjzpt5HIwQXd6oIwMBp85Gn6hJnkS95UjSEA8O6kEXrA\",\"access_token\":\"eyJhbGciOiJSUzI1NiIsImtpZCI6IjQ3Mzc2MkU4MDI3QThGOTk5OTZENzExNDVBQTc3REE0QzI5MEY1NjkiLCJ0eXAiOiJhdCtqd3QiLCJ4NXQiOiJSemRpNkFKNmo1bVpiWEVVV3FkOXBNS1E5V2sifQ.eyJuYmYiOjE1OTgyNDEyMjYsImV4cCI6MTU5ODI0NDgyNiwiaXNzIjoiaHR0cHM6Ly9pZC5lbGVnZW5kLmlvIiwiY2xpZW50X2lkIjoiamFja3BvdC5lbGVnZW5kLmlvIiwic3ViIjoiODE1MzM5MTE4IiwiYXV0aF90aW1lIjoxNTk4MjQxMjI1LCJpZHAiOiJsb2NhbCIsInNjb3BlIjpbIm9wZW5pZCIsInByb2ZpbGUiLCJvZmZsaW5lX2FjY2VzcyJdLCJhbXIiOlsicHdkIl19.ovMh9_a-liV85abPxLwUx_pEwR0LzN5lyMB-IXFPK_L-pK0OCmv2boQl1ybmNaiSGHWVoeKbfa2K5eRKvbW5wvJwjun4tT1bVd54aSIZvp8YP6e2QogU0m3H8tL1_R67nb1ozYyT2F_7GJlt_BqZtVSFa5w3VyFw_Xxbi6WYUi_T5JYvJBHBtX5P0RMQEcvyOs0tAZH42iijCb8r5IciKD9WOhYYGdlM6dFBr0FXWs2mY_bkmpkWLGqwtqpNhwHk9VYBH3aJikCsGtM5lwgVQzdBsxEsWapn-Sb99VSh8Qz_kLXNBYbBiAxFyWdT8wEzDj0on3pAHURI8G1HqGmvrg\",\"expires_in\":3600,\"token_type\":\"Bearer\",\"refresh_token\":\"cM8yDq0luWfuZfaR8t6aO33sl_iUI3jCf61XTePzfFg\",\"scope\":\"openid profile offline_access\"}', NULL, 3, 0, '{\"sub\":\"815339118\",\"AspNet.Identity.SecurityStamp\":\"R6HPMJAQK4K4A3S5THYE3KFSHQMKOAD2\",\"preferred_username\":\"815339118\",\"name\":\"815339118\",\"email\":\"thanhdanh1996@gmail.com\",\"email_verified\":true,\"user_id\":\"815339118\",\"tenant_id\":\"UFvhMNdB0pZN9808HqpNV605NpRAaA6Eg6xD8mft\\/E1MaSCgpqLDIJ9XZhriUOp4\",\"phone_number\":\"\",\"address\":\"\",\"address_2\":\"\",\"first_name\":\"Knight\",\"last_name\":\"Dark\",\"city\":\"\",\"state\":\"\",\"country_code\":\"AL\",\"identity_number\":\"\",\"parent_id\":\"125952738\",\"date_of_birth\":\"1595894340\",\"hierarchy_path\":\"125952738\\/815339118\",\"phone_country_code\":\"\",\"full_phone_number\":\"\",\"email_confirmed\":\"True\",\"phone_number_confirmed\":\"False\",\"created_at\":\"1594108263\",\"updated_at\":\"1595838550\",\"authenticator_key\":\"\",\"two_factor_enabled\":\"False\",\"kyc_level\":\"0\",\"security_updated_at\":\"0\"}', 0, '2020-07-17 03:14:30', '2020-08-24 03:53:46', NULL),
(10, '125952738', '125952738', NULL, NULL, 'darkknight8586@gmail.com', NULL, NULL, '{\"id_token\":\"eyJhbGciOiJSUzI1NiIsImtpZCI6IjQ3Mzc2MkU4MDI3QThGOTk5OTZENzExNDVBQTc3REE0QzI5MEY1NjkiLCJ0eXAiOiJKV1QiLCJ4NXQiOiJSemRpNkFKNmo1bVpiWEVVV3FkOXBNS1E5V2sifQ.eyJuYmYiOjE1OTc0MDY2OTAsImV4cCI6MTU5NzQwNjk5MCwiaXNzIjoiaHR0cHM6Ly9pZC5lbGVnZW5kLmlvIiwiYXVkIjoiamFja3BvdC5lbGVnZW5kLmlvIiwiaWF0IjoxNTk3NDA2NjkwLCJhdF9oYXNoIjoib2tPeTBaYml1ZDJ3dkRVNEdTeDQ3USIsInNfaGFzaCI6Im5CZzF5X0ZoWkxBbFppQmQ0dlpwWGciLCJzaWQiOiJWV1pPWEV0ZEg0djM2V0NNOE5FMldRIiwic3ViIjoiMTI1OTUyNzM4IiwiYXV0aF90aW1lIjoxNTk3NDA2Njg1LCJpZHAiOiJsb2NhbCIsImFtciI6WyJwd2QiXX0.cbqGKFgjNQypiLW_deVol9NMzNDd38hwpENr-7MoLRbeDTJMZRY7eSSaBglLySZFM-jUH__ot7rt-nWY3Zw1Fuif47JmfdRHeK0HguvYw-FBjPpEeR26dL7RbxQx1EWDxjiHCUoPcUwDrtNxdx4Xs1T7GKTEKhn04A9iSJ5ht08LIYpDf9mdUKxLgqWkQO9bTXIx9YRg4PUGKmLjZBSYjq9FxUwIhytmD1bViVCzRCdcVp7m8UfRkvCaKRFBlCnhj1AhsWWI_9oiTS5V5ioP5ntjGwJdhrAjciSxRc4g20kGyceuZQF_89pKLZPyjj4YMZKmgMIwbdkgGjqBbGLurQ\",\"access_token\":\"eyJhbGciOiJSUzI1NiIsImtpZCI6IjQ3Mzc2MkU4MDI3QThGOTk5OTZENzExNDVBQTc3REE0QzI5MEY1NjkiLCJ0eXAiOiJhdCtqd3QiLCJ4NXQiOiJSemRpNkFKNmo1bVpiWEVVV3FkOXBNS1E5V2sifQ.eyJuYmYiOjE1OTc0MDY2OTAsImV4cCI6MTU5NzQxMDI5MCwiaXNzIjoiaHR0cHM6Ly9pZC5lbGVnZW5kLmlvIiwiY2xpZW50X2lkIjoiamFja3BvdC5lbGVnZW5kLmlvIiwic3ViIjoiMTI1OTUyNzM4IiwiYXV0aF90aW1lIjoxNTk3NDA2Njg1LCJpZHAiOiJsb2NhbCIsInNjb3BlIjpbIm9wZW5pZCIsInByb2ZpbGUiLCJvZmZsaW5lX2FjY2VzcyJdLCJhbXIiOlsicHdkIl19.ESMxjLRA7oTmn5L7m-bnoNRCSLsvD4HBnBmSabihvQFdCZFKB1Du6uG9RltKYXU0boPb0runUEHzejJf6azJsKFtMMjKi4LSbUX-dyocxyfpdrnoW1u3Oi14aJ7AIJxoouUKJUhtB6Y1lNqDNXyixlSeDT6v3ryb5VhUUMYoFPIMkty24c5ZqZiMtRV8V9BJlBX-DlTTK3rIH7sxwYreHLyr9EDSjAsN_04XjH6y79nwUMMb_nErqB195n_BkW0ZilknCzWBxht7ZrUJKa7AgpWyQkOaZvY4FM0t11ncFvMm5nsrtAKQBFB2JLNfG1vzBouUcKcm86V1D8yhFVoHsQ\",\"expires_in\":3600,\"token_type\":\"Bearer\",\"refresh_token\":\"1kcbOs4GypcQQGSBCRysD6lBbgpXziBU20Yf8btgF7E\",\"scope\":\"openid profile offline_access\"}', NULL, 3, 0, '{\"sub\":\"125952738\",\"AspNet.Identity.SecurityStamp\":\"SC3URHCRQE34K7X5T5YMFZNY7IZ6BQST\",\"preferred_username\":\"125952738\",\"name\":\"125952738\",\"email\":\"darkknight8586@gmail.com\",\"email_verified\":true,\"phone_number_verified\":true,\"user_id\":\"125952738\",\"tenant_id\":\"UFvhMNdB0pZN9808HqpNV605NpRAaA6Eg6xD8mft\\/E1MaSCgpqLDIJ9XZhriUOp4\",\"phone_number\":\"by5LNuML29hwE+BW9LIvAw==\",\"address\":\"281 Nguyen Dinh Chieu\",\"address_2\":\"\",\"first_name\":\"Dark\",\"last_name\":\"Knight\",\"city\":\"Ho Chi Minh City\",\"state\":\"\",\"country_code\":\"VN\",\"identity_number\":\"\",\"parent_id\":\"\",\"date_of_birth\":\"456537540\",\"hierarchy_path\":\"125952738\",\"phone_country_code\":\"ZyhTWMLEv7rJ1LSdfYcVIg==\",\"full_phone_number\":\"\\/+EC0soRCMTsZVqz71jM+w==\",\"email_confirmed\":\"True\",\"phone_number_confirmed\":\"True\",\"created_at\":\"1594087984\",\"updated_at\":\"1594110390\",\"authenticator_key\":\"dL60wDnsTaTGv3BIHSKckR1LDltcQjZsG0hzMek9tELsa8iJbin9urvEvKurPbT4\",\"two_factor_enabled\":\"False\",\"kyc_level\":\"2\",\"security_updated_at\":\"1597047245\"}', 0, '2020-07-17 03:25:25', '2020-08-14 12:04:50', NULL),
(11, '794625733', '794625733', NULL, NULL, 'ducqn90@gmail.com', NULL, NULL, '{\"id_token\":\"eyJhbGciOiJSUzI1NiIsImtpZCI6IjQ3Mzc2MkU4MDI3QThGOTk5OTZENzExNDVBQTc3REE0QzI5MEY1NjkiLCJ0eXAiOiJKV1QiLCJ4NXQiOiJSemRpNkFKNmo1bVpiWEVVV3FkOXBNS1E5V2sifQ.eyJuYmYiOjE1OTY2OTU1NTYsImV4cCI6MTU5NjY5NTg1NiwiaXNzIjoiaHR0cHM6Ly9pZC5lbGVnZW5kLmlvIiwiYXVkIjoiamFja3BvdC5lbGVnZW5kLmlvIiwiaWF0IjoxNTk2Njk1NTU2LCJhdF9oYXNoIjoiNDhrb1IxZmxzVHN2V1pSRlZ6bE1PZyIsInNfaGFzaCI6IjB1aEwzSHM5VWVsQU1kU0d0M3BIQ1EiLCJzaWQiOiI0OUJTLVlBUTZHNDJGUU1jZXRqTTdBIiwic3ViIjoiNzk0NjI1NzMzIiwiYXV0aF90aW1lIjoxNTk2NTUwNDg4LCJpZHAiOiJsb2NhbCIsImFtciI6WyJwd2QiXX0.t-ZHs7IcEfVMxxJg8RpLzVG0OrIssw6w-ileRsmlr56IZ6vK-hYH09tReqt4wgu5NVx5p2UGUQTAK3Udbibpw-1Yw_wTtxzmTDExCmGN59b8NgW-naC5FLdjJ-wyj30-8G13Z4r_Yz4BFihW2BUZ4Yi16yXaKlG9BJEugTw8O9rUppvnx1SrqevsQvY8Hhs8UyKmhHrFPybhLgwosBMW-oqWpEZYL-zuH_uPBs7JI6YdiHxD91mvfKUjWjE1xoraGoaOOGqGDv3S6ZdHtapLLm0ztELr0iIEhURyMEZjKaIqwP8r4VgIgNtAphvhliGdBgvlnrvEjNU6sflXBtGcaQ\",\"access_token\":\"eyJhbGciOiJSUzI1NiIsImtpZCI6IjQ3Mzc2MkU4MDI3QThGOTk5OTZENzExNDVBQTc3REE0QzI5MEY1NjkiLCJ0eXAiOiJhdCtqd3QiLCJ4NXQiOiJSemRpNkFKNmo1bVpiWEVVV3FkOXBNS1E5V2sifQ.eyJuYmYiOjE1OTY2OTU1NTYsImV4cCI6MTU5NjY5OTE1NiwiaXNzIjoiaHR0cHM6Ly9pZC5lbGVnZW5kLmlvIiwiY2xpZW50X2lkIjoiamFja3BvdC5lbGVnZW5kLmlvIiwic3ViIjoiNzk0NjI1NzMzIiwiYXV0aF90aW1lIjoxNTk2NTUwNDg4LCJpZHAiOiJsb2NhbCIsInNjb3BlIjpbIm9wZW5pZCIsInByb2ZpbGUiLCJvZmZsaW5lX2FjY2VzcyJdLCJhbXIiOlsicHdkIl19.f23Ri5NdsEOnm8eeO2ree1NVveRUS0WQcnwYtQjR7smQfmuqjZ0kBBgHg7amp-stn8KeYg1dQBt1wxKnsZrO3MqOFITgyMhVvEeQ-hTC-iftGk_Y_hUqQA9fhcq4JuWlN5x11nqzjIT4y53pxbmlT4EqUhaRiou4rdCJOYNxEhLkKIF54-u9AV0k0iUBC7u3uZlalqFUiA9oehImIj7DpcHvk6zq2T2umT-rK5YRCqMNF4sF9cBrySYSlSv_EZsGZLKimdkMie4h5fFINGE-HU8-cPoU0Sdef2NfGv-jsMD-l0b_jD9igfFhzb3Q3Prnm7sAmJ-aOtNuN9eDZDh5rw\",\"expires_in\":3600,\"token_type\":\"Bearer\",\"refresh_token\":\"YEJ7eh0-FpXTP5XZacQYIgaORaX5yn67G8IF__1fsLg\",\"scope\":\"openid profile offline_access\"}', NULL, 3, 0, '{\"sub\":\"794625733\",\"AspNet.Identity.SecurityStamp\":\"6PXIAOBU32Q4QL7BK6TU2G67QUOGHJ2G\",\"preferred_username\":\"794625733\",\"name\":\"794625733\",\"email\":\"ducqn90@gmail.com\",\"email_verified\":true,\"user_id\":\"794625733\",\"tenant_id\":\"UFvhMNdB0pZN9808HqpNV605NpRAaA6Eg6xD8mft\\/E1MaSCgpqLDIJ9XZhriUOp4\",\"phone_number\":\"\",\"address\":\"\",\"address_2\":\"\",\"first_name\":\"\",\"last_name\":\"\",\"city\":\"\",\"state\":\"\",\"country_code\":\"\",\"identity_number\":\"\",\"parent_id\":\"\",\"date_of_birth\":\"\",\"hierarchy_path\":\"794625733\",\"phone_country_code\":\"\",\"full_phone_number\":\"\",\"email_confirmed\":\"True\",\"phone_number_confirmed\":\"False\",\"created_at\":\"1594001431\",\"updated_at\":\"1594001431\",\"authenticator_key\":\"\",\"two_factor_enabled\":\"False\",\"kyc_level\":\"0\",\"security_updated_at\":\"0\"}', 0, '2020-07-17 03:30:06', '2020-08-06 06:32:36', NULL),
(12, '944907295', '944907295', NULL, NULL, 'holden.fcode@gmail.com', NULL, NULL, '{\"id_token\":\"eyJhbGciOiJSUzI1NiIsImtpZCI6IjQ3Mzc2MkU4MDI3QThGOTk5OTZENzExNDVBQTc3REE0QzI5MEY1NjkiLCJ0eXAiOiJKV1QiLCJ4NXQiOiJSemRpNkFKNmo1bVpiWEVVV3FkOXBNS1E5V2sifQ.eyJuYmYiOjE1OTU5MjE2MDMsImV4cCI6MTU5NTkyMTkwMywiaXNzIjoiaHR0cHM6Ly9pZC5lbGVnZW5kLmlvIiwiYXVkIjoiamFja3BvdC5lbGVnZW5kLmlvIiwiaWF0IjoxNTk1OTIxNjAzLCJhdF9oYXNoIjoiTFltdEZ6eFp6SUthUEJZRE1FbDlJQSIsInNfaGFzaCI6IlB3YVNBYXlTRzVnRzVEN3RrR0Y3U3ciLCJzaWQiOiJmb0tkZDJaMEtKQk9xYkNGZTRhT3NBIiwic3ViIjoiOTQ0OTA3Mjk1IiwiYXV0aF90aW1lIjoxNTk0MzUwNDE0LCJpZHAiOiJsb2NhbCIsImFtciI6WyJtZmEiXX0.aqQOktF9C2Rym9TyRkUZZ3iG8R2Irz_Xn927cOqVY1wQhYdmt08678Q17U7hJd9uKjwyY66ZvAVSeNk_-5o0NT91vwTYELYtHgZa0WK1YouoJ0sEncgYdzpJmi44zhEOHQHCsaJlUyMOGeguJhIMbQMn7ZssO6WVrElyyhHa1fgr4nN7dSi3rqn-d6Sgjl66pr30pvT8p5R4Pd9Zu_gVI8qnNJ5gbIrmlyvrSqTuFghEsLPdwE-djRAaEs2KZSPStPUbzw2NVNcZXWvqghwjizhkfZT-A4TN3RxTxlk1ep8kOv7N07za2H5HxA56xkwPcPxU7cOEEpyrKaGELsq3Jg\",\"access_token\":\"eyJhbGciOiJSUzI1NiIsImtpZCI6IjQ3Mzc2MkU4MDI3QThGOTk5OTZENzExNDVBQTc3REE0QzI5MEY1NjkiLCJ0eXAiOiJhdCtqd3QiLCJ4NXQiOiJSemRpNkFKNmo1bVpiWEVVV3FkOXBNS1E5V2sifQ.eyJuYmYiOjE1OTU5MjE2MDMsImV4cCI6MTU5NTkyNTIwMywiaXNzIjoiaHR0cHM6Ly9pZC5lbGVnZW5kLmlvIiwiY2xpZW50X2lkIjoiamFja3BvdC5lbGVnZW5kLmlvIiwic3ViIjoiOTQ0OTA3Mjk1IiwiYXV0aF90aW1lIjoxNTk0MzUwNDE0LCJpZHAiOiJsb2NhbCIsInNjb3BlIjpbIm9wZW5pZCIsInByb2ZpbGUiLCJvZmZsaW5lX2FjY2VzcyJdLCJhbXIiOlsibWZhIl19.Xzkgd3YYUv4YaybQF7QpsqWH5rsBI6qYBJAkAFc0t88AkYiDACSbLslk9fHYKYnsc5JV5FcxVlyGUMtTvH8VSoUMSOneJTcQzvh2etniH7vJ9_FRPhwIEemKAL9CqAzSrQY2qge9TSqjR0ZEhae57OrXO4sEblFC8EilAJ3aiH0V2JLbVJ5JmJBA28Yt2pxRosCtVEcS2UMlWLLDLhjw913rGGoczXCsHUyVPlphpBom7h-w77i4br_XobFfYLoVuGBA8jcOQZZh6jGCFNTydruiTS-10pDtDHU3gd8T-6tyeMiZ-s3RNlO7IX5WaRRZHHt7QulzMmxc0qyf2Id4lg\",\"expires_in\":3600,\"token_type\":\"Bearer\",\"refresh_token\":\"9gg87LycG8XsDPExGYDxBEEFZtbNMcw2QNCzXunp2Yg\",\"scope\":\"openid profile offline_access\"}', NULL, 3, 0, '{\"sub\":\"944907295\",\"AspNet.Identity.SecurityStamp\":\"VAXH3KCIL5BB2DT2JCHFPMXT7IDCHGJF\",\"preferred_username\":\"944907295\",\"name\":\"944907295\",\"email\":\"holden.fcode@gmail.com\",\"email_verified\":true,\"user_id\":\"944907295\",\"tenant_id\":\"UFvhMNdB0pZN9808HqpNV605NpRAaA6Eg6xD8mft\\/E1MaSCgpqLDIJ9XZhriUOp4\",\"phone_number\":\"\",\"address\":\"\",\"address_2\":\"\",\"first_name\":\"\",\"last_name\":\"\",\"city\":\"\",\"state\":\"\",\"country_code\":\"\",\"identity_number\":\"\",\"parent_id\":\"\",\"date_of_birth\":\"\",\"hierarchy_path\":\"944907295\",\"phone_country_code\":\"\",\"full_phone_number\":\"\",\"email_confirmed\":\"True\",\"phone_number_confirmed\":\"False\",\"created_at\":\"1593588199\",\"updated_at\":\"1593588199\",\"authenticator_key\":\"Nrv835mOzb6cM+0M5KbYleNluvWcl+4cubznbT25LfLsa8iJbin9urvEvKurPbT4\",\"two_factor_enabled\":\"True\",\"kyc_level\":\"3\",\"security_updated_at\":\"1592588199\"}', 0, '2020-07-18 02:59:49', '2020-07-28 07:33:23', NULL),
(13, '520819859', '520819859', NULL, NULL, 'tranminhchinh.ksb@gmail.com', NULL, NULL, '{\"id_token\":\"eyJhbGciOiJSUzI1NiIsImtpZCI6IjQ3Mzc2MkU4MDI3QThGOTk5OTZENzExNDVBQTc3REE0QzI5MEY1NjkiLCJ0eXAiOiJKV1QiLCJ4NXQiOiJSemRpNkFKNmo1bVpiWEVVV3FkOXBNS1E5V2sifQ.eyJuYmYiOjE1OTc2NDgxMTcsImV4cCI6MTU5NzY0ODQxNywiaXNzIjoiaHR0cHM6Ly9pZC5lbGVnZW5kLmlvIiwiYXVkIjoiamFja3BvdC5lbGVnZW5kLmlvIiwiaWF0IjoxNTk3NjQ4MTE3LCJhdF9oYXNoIjoiRnFHTVgwakJpYXpJeHpNUWllMnNCUSIsInNfaGFzaCI6IjRsX29YVFpnclJLZDFzTW9GbEdMcXciLCJzaWQiOiI2QkpXWDFWa3pDclhzbmRCTE5nVUNRIiwic3ViIjoiNTIwODE5ODU5IiwiYXV0aF90aW1lIjoxNTk3NjM2Mzk4LCJpZHAiOiJsb2NhbCIsImFtciI6WyJwd2QiXX0.G_GxzP7phDacdgGTHNv9K_bbQzpdheUdZ4pg7lvKP9bqkqej9rwt3OaBpl9zf6spqtEi9TZ0G55IUeLnH3uBKCYIZHJDR_h_vR7voT_2jkI8XL8TsFywviTYCumGilE9cW8ZR1ryWrtoEDsRtjw9K5rAXZHDutX2f71YTjPxE4ShGn_-zWJFEwHGTBwPc7l1HvEGpQ5wcu0n82pwBYg6gpUucCJf6kvW68r8dchH94_y6rseYWnF_S92JZDSsMi1bPZ05c5LhikdImvhBN1MCeuMmQLOLpZwUcGpXSWylgABS1nrwuPW2DVH1zI_bILEJX5FrHrqDyeETC97LQpECA\",\"access_token\":\"eyJhbGciOiJSUzI1NiIsImtpZCI6IjQ3Mzc2MkU4MDI3QThGOTk5OTZENzExNDVBQTc3REE0QzI5MEY1NjkiLCJ0eXAiOiJhdCtqd3QiLCJ4NXQiOiJSemRpNkFKNmo1bVpiWEVVV3FkOXBNS1E5V2sifQ.eyJuYmYiOjE1OTc2NDgxMTcsImV4cCI6MTU5NzY1MTcxNywiaXNzIjoiaHR0cHM6Ly9pZC5lbGVnZW5kLmlvIiwiY2xpZW50X2lkIjoiamFja3BvdC5lbGVnZW5kLmlvIiwic3ViIjoiNTIwODE5ODU5IiwiYXV0aF90aW1lIjoxNTk3NjM2Mzk4LCJpZHAiOiJsb2NhbCIsInNjb3BlIjpbIm9wZW5pZCIsInByb2ZpbGUiLCJvZmZsaW5lX2FjY2VzcyJdLCJhbXIiOlsicHdkIl19.tJ0NiDYuLWtFIE17qPaCCcWSQ-UuIHYtXMh5qfipp9u3I2yNX5fgsCgIR83OPgUmzNBCJOpkCBvmo58U4wOjQLAjnkn0Fk65AESbjceFIXIUryjSYSpO5CmnnZHmVQeKW-cCpd8UFMOjfrGHVu601tXiBDujrjAnlmnv2njZnB99T5zhgXuP_MovUHRHat54J4Gmr1GL2LlPsbUIE3L-txq0YHcfgUHnTU4tmg0lCxCA62dLZQL3RkQGuGv3leo41GU8Mi_4ZCLl25c8ABKsjlSyCcccD9GcFHOVFsI5-LeI9a9fGd7NtAparFtpaFlYpETQiS77b-KV_V2iTMixbQ\",\"expires_in\":3600,\"token_type\":\"Bearer\",\"refresh_token\":\"UseE_RgRQrG5v7kR-oT5hO1DEsC5JNQlMztMVu49P-o\",\"scope\":\"openid profile offline_access\"}', NULL, 3, 0, '{\"sub\":\"520819859\",\"AspNet.Identity.SecurityStamp\":\"CI3YBF2HYLKT2HYZZLNOW4AZ2AJ7CSLU\",\"preferred_username\":\"520819859\",\"name\":\"520819859\",\"email\":\"tranminhchinh.ksb@gmail.com\",\"email_verified\":true,\"user_id\":\"520819859\",\"tenant_id\":\"UFvhMNdB0pZN9808HqpNV605NpRAaA6Eg6xD8mft\\/E1MaSCgpqLDIJ9XZhriUOp4\",\"phone_number\":\"\",\"address\":\"\",\"address_2\":\"\",\"first_name\":\"\",\"last_name\":\"\",\"city\":\"\",\"state\":\"\",\"country_code\":\"\",\"identity_number\":\"\",\"parent_id\":\"\",\"date_of_birth\":\"\",\"hierarchy_path\":\"520819859\",\"phone_country_code\":\"\",\"full_phone_number\":\"\",\"email_confirmed\":\"True\",\"phone_number_confirmed\":\"False\",\"created_at\":\"1593593867\",\"updated_at\":\"1593593867\",\"authenticator_key\":\"\",\"two_factor_enabled\":\"False\",\"kyc_level\":\"0\",\"security_updated_at\":\"0\"}', 0, '2020-07-28 07:12:36', '2020-08-17 07:08:37', NULL),
(14, '427082995', '427082995', NULL, NULL, 'khuengokhue@gmail.com', NULL, NULL, '{\"id_token\":\"eyJhbGciOiJSUzI1NiIsImtpZCI6IjQ3Mzc2MkU4MDI3QThGOTk5OTZENzExNDVBQTc3REE0QzI5MEY1NjkiLCJ0eXAiOiJKV1QiLCJ4NXQiOiJSemRpNkFKNmo1bVpiWEVVV3FkOXBNS1E5V2sifQ.eyJuYmYiOjE1OTYwMTU5NzQsImV4cCI6MTU5NjAxNjI3NCwiaXNzIjoiaHR0cHM6Ly9pZC5lbGVnZW5kLmlvIiwiYXVkIjoiamFja3BvdC5lbGVnZW5kLmlvIiwiaWF0IjoxNTk2MDE1OTc0LCJhdF9oYXNoIjoiNXNZMmVXc2M5SS1MSUh1OFBMNkdzQSIsInNfaGFzaCI6Im1xdWsyWmlwS0VrMDh5bGlFZEZDTHciLCJzaWQiOiIyeFdLcDNZaURWUGRMTktzWlJTWlRnIiwic3ViIjoiNDI3MDgyOTk1IiwiYXV0aF90aW1lIjoxNTk2MDE1MTIwLCJpZHAiOiJsb2NhbCIsImFtciI6WyJwd2QiXX0.xGwKHGBGYP6cgOxA2qswNpLdAME8c7Hs99A1ddOlQ9yIwas_RzlviVRPAZwmukgt_ockQSiakXCcWxzXZWvVbi8MkY6H5klFYRtbzhSpTN7CwFXGZRy9NEPvE9cTivCEJ-l73VNwfShTSrpz6_vxY7SOCXkpieHUZP1BkrHmI1iZaEAYr-9llaxsGX1LEHW9sT1e1LfddpfFyOi_01ZeV-keLxE4Ut6gD3cQBo23AxjRS8KMVUQ03hYgp08513JulaxGvG72AUYGEEpxV3vT0Nm_d9dFeomUh0XItXTYuhG-94WjQ3CasDuNUO6qUfrQaBETU5qOEuRsfZkzOLN5Pg\",\"access_token\":\"eyJhbGciOiJSUzI1NiIsImtpZCI6IjQ3Mzc2MkU4MDI3QThGOTk5OTZENzExNDVBQTc3REE0QzI5MEY1NjkiLCJ0eXAiOiJhdCtqd3QiLCJ4NXQiOiJSemRpNkFKNmo1bVpiWEVVV3FkOXBNS1E5V2sifQ.eyJuYmYiOjE1OTYwMTU5NzQsImV4cCI6MTU5NjAxOTU3NCwiaXNzIjoiaHR0cHM6Ly9pZC5lbGVnZW5kLmlvIiwiY2xpZW50X2lkIjoiamFja3BvdC5lbGVnZW5kLmlvIiwic3ViIjoiNDI3MDgyOTk1IiwiYXV0aF90aW1lIjoxNTk2MDE1MTIwLCJpZHAiOiJsb2NhbCIsInNjb3BlIjpbIm9wZW5pZCIsInByb2ZpbGUiLCJvZmZsaW5lX2FjY2VzcyJdLCJhbXIiOlsicHdkIl19.lJ_Azl5VYKvUP4FuMzojW3s5XCf1xkRWXpDd482iNEc0uhDg5Xus87sA9FXKIaxE4YVYVH5ItBhloRjfyUkiApCpFNlG3jlmMCRFwPOvvax4hVbksqmTACCz8fmvdCFvrx1o_IrEtbAl4AbRNrypuT9UYiUxk_aL_RWRxh0KimTNtnNjAh4IJoGz70-YSHKtdpHzYLAupQHwyjvgRy9B6cFwE3cSHXYNle9V4mttteeSUbHTzlnuezZFoYjh1F9fFKSfjTq4_n9oVjrN-8PKefkeM5_gH-sDBy-FhbFeVU9kqAh_D5oFoH9tFVWoKIH_WPg7zZgNpCgJdo-acPLS3w\",\"expires_in\":3600,\"token_type\":\"Bearer\",\"refresh_token\":\"yFTbQeKBmB1OV7sDnbuCwvVG1LGciSBgQmIt2C0hulM\",\"scope\":\"openid profile offline_access\"}', NULL, 3, 0, '{\"sub\":\"427082995\",\"AspNet.Identity.SecurityStamp\":\"5ILJA2Z5YSEXS63QO5CNI5ASMWFHTXKT\",\"preferred_username\":\"427082995\",\"name\":\"427082995\",\"email\":\"khuengokhue@gmail.com\",\"email_verified\":true,\"user_id\":\"427082995\",\"tenant_id\":\"UFvhMNdB0pZN9808HqpNV605NpRAaA6Eg6xD8mft\\/E1MaSCgpqLDIJ9XZhriUOp4\",\"phone_number\":\"\",\"address\":\"\",\"address_2\":\"\",\"first_name\":\"\",\"last_name\":\"\",\"city\":\"\",\"state\":\"\",\"country_code\":\"\",\"identity_number\":\"\",\"parent_id\":\"\",\"date_of_birth\":\"\",\"hierarchy_path\":\"427082995\",\"phone_country_code\":\"\",\"full_phone_number\":\"\",\"email_confirmed\":\"True\",\"phone_number_confirmed\":\"False\",\"created_at\":\"1593591426\",\"updated_at\":\"1593591426\",\"authenticator_key\":\"\",\"two_factor_enabled\":\"False\",\"kyc_level\":\"0\",\"security_updated_at\":\"0\"}', 0, '2020-07-28 07:38:23', '2020-07-29 09:46:14', NULL),
(15, '839936929', '839936929', NULL, NULL, 'trananhbitcoin@gmail.com', NULL, NULL, '{\"id_token\":\"eyJhbGciOiJSUzI1NiIsImtpZCI6IjQ3Mzc2MkU4MDI3QThGOTk5OTZENzExNDVBQTc3REE0QzI5MEY1NjkiLCJ0eXAiOiJKV1QiLCJ4NXQiOiJSemRpNkFKNmo1bVpiWEVVV3FkOXBNS1E5V2sifQ.eyJuYmYiOjE1OTU5OTMwNTcsImV4cCI6MTU5NTk5MzM1NywiaXNzIjoiaHR0cHM6Ly9pZC5lbGVnZW5kLmlvIiwiYXVkIjoiamFja3BvdC5lbGVnZW5kLmlvIiwiaWF0IjoxNTk1OTkzMDU3LCJhdF9oYXNoIjoicENzY0FOZW5UOUwzY1U4ZGg3c3RpZyIsInNfaGFzaCI6IkFvVWF5anVDRWxMckEwN2lrNXlKVmciLCJzaWQiOiJqcjVVNkxSSHgxWlUtT3FoeUFXbHlRIiwic3ViIjoiODM5OTM2OTI5IiwiYXV0aF90aW1lIjoxNTk1OTI2Mjk5LCJpZHAiOiJsb2NhbCIsImFtciI6WyJtZmEiXX0.kjo5jN7W2-4bqCfvxSAAK0jrydlcXPS3suhm25flyHlK7aYUVoqAhkk0LPG33Ertx22phwWmRykHFYugWx9hK6gaQ0wfsk0OCSKcigV3SvMsb8sp3TbiQqmg7YSi9K4EIVBjI-9EqJD_oqfiirLz9dLvQAow5od0t3PfPDVJBlbeXxFB14Y8JdaqnM4yYzm3AkRWwpX8JlQMEO1zH6arKow8Mx5fuZllqAKRJClAl-s3F_m6gPCl-ihxw9u5GRRGmHzmLIvnhZ-TcMO8HzjXg6Jx3VtHkN5I8wBj8IbqR9vcfD4X4VueCzkgmkbhGnGoFziK6QnDLI7byCaluhthqQ\",\"access_token\":\"eyJhbGciOiJSUzI1NiIsImtpZCI6IjQ3Mzc2MkU4MDI3QThGOTk5OTZENzExNDVBQTc3REE0QzI5MEY1NjkiLCJ0eXAiOiJhdCtqd3QiLCJ4NXQiOiJSemRpNkFKNmo1bVpiWEVVV3FkOXBNS1E5V2sifQ.eyJuYmYiOjE1OTU5OTMwNTcsImV4cCI6MTU5NTk5NjY1NywiaXNzIjoiaHR0cHM6Ly9pZC5lbGVnZW5kLmlvIiwiY2xpZW50X2lkIjoiamFja3BvdC5lbGVnZW5kLmlvIiwic3ViIjoiODM5OTM2OTI5IiwiYXV0aF90aW1lIjoxNTk1OTI2Mjk5LCJpZHAiOiJsb2NhbCIsInNjb3BlIjpbIm9wZW5pZCIsInByb2ZpbGUiLCJvZmZsaW5lX2FjY2VzcyJdLCJhbXIiOlsibWZhIl19.ngoOH6y2ThXASuPUtkVfF3vBVNSVDKzRH3k7VxUGNrfhZELfPpfOrskwjohOdCGyzfMaPiUlQDbkudXfFQkvDoX4jGXUFbBTUCdX67kyIawzoePohdGOUc1PBVy2y-IIXDW0Q7k_KqFGUez4znNsqwwP2ERNN6LlG6zuA19HaYugMtrBZTv1UBiO9657YNbY0WSs4bgOw7HHwkAcJh8_nPMKdzKiXGAa4SqYct2Nvzekf-aPnX1hmARZC7wcHdXo4frWnEGTlDVC7su7ClIic9U4eZB5TeEmCkGddPssBFXmWvQRPRBjjI285q78UMXnTGVbfdLuSlpnTsbQcd6E5A\",\"expires_in\":3600,\"token_type\":\"Bearer\",\"refresh_token\":\"NYks5g9xAWqfU_H6KoFZBLstyOKjgY8bB_ppg3r4_cA\",\"scope\":\"openid profile offline_access\"}', NULL, 3, 0, '{\"sub\":\"839936929\",\"AspNet.Identity.SecurityStamp\":\"EU5FJOQIFMGVTCL4SIVHMH4I33HVISUM\",\"preferred_username\":\"839936929\",\"name\":\"839936929\",\"email\":\"trananhbitcoin@gmail.com\",\"email_verified\":true,\"user_id\":\"839936929\",\"tenant_id\":\"UFvhMNdB0pZN9808HqpNV605NpRAaA6Eg6xD8mft\\/E1MaSCgpqLDIJ9XZhriUOp4\",\"phone_number\":\"\",\"address\":\"\",\"address_2\":\"\",\"first_name\":\"\",\"last_name\":\"\",\"city\":\"\",\"state\":\"\",\"country_code\":\"\",\"identity_number\":\"\",\"parent_id\":\"\",\"date_of_birth\":\"\",\"hierarchy_path\":\"839936929\",\"phone_country_code\":\"\",\"full_phone_number\":\"\",\"email_confirmed\":\"True\",\"phone_number_confirmed\":\"False\",\"created_at\":\"1595234058\",\"updated_at\":\"1595234058\",\"authenticator_key\":\"87CzygLj6cu13f\\/r3ZB22pijKtZLjg0cBa\\/UIr\\/etnPsa8iJbin9urvEvKurPbT4\",\"two_factor_enabled\":\"True\",\"kyc_level\":\"1\",\"security_updated_at\":\"1595912659\"}', 0, '2020-07-29 03:24:17', '2020-07-29 03:24:17', NULL),
(16, '556331705', '556331705', NULL, NULL, 'taykhongchongdao@gmail.com', NULL, NULL, '{\"id_token\":\"eyJhbGciOiJSUzI1NiIsImtpZCI6IjQ3Mzc2MkU4MDI3QThGOTk5OTZENzExNDVBQTc3REE0QzI5MEY1NjkiLCJ0eXAiOiJKV1QiLCJ4NXQiOiJSemRpNkFKNmo1bVpiWEVVV3FkOXBNS1E5V2sifQ.eyJuYmYiOjE1OTgyNjU0NzUsImV4cCI6MTU5ODI2NTc3NSwiaXNzIjoiaHR0cHM6Ly9pZC5lbGVnZW5kLmlvIiwiYXVkIjoiamFja3BvdC5lbGVnZW5kLmlvIiwiaWF0IjoxNTk4MjY1NDc1LCJhdF9oYXNoIjoiWDlPdEM3Y0dDR3kyRm9JZGhlWlROUSIsInNfaGFzaCI6ImZxOHVGRjdpTWdMRXViOTl5a2wya1EiLCJzaWQiOiI4LS02dllwUUh1bnZjNHVoQ0pjQi13Iiwic3ViIjoiNTU2MzMxNzA1IiwiYXV0aF90aW1lIjoxNTk4MjY1NDU4LCJpZHAiOiJsb2NhbCIsImFtciI6WyJwd2QiXX0.sCI5FXvv63b8d1bYgN5u5a9HlwzoLYDDl4dDjhiaVOGmARvMXvim1RkJlPIWDN36H3SMjpobM17kkUital-H_2nR6VrRPllGj8fyggluG1lLAqhVpwjcdPdRezBwVSpZ7MjHSIJyYRoYg8_V2R7S_SEX7VssPh6Qk8m1f1e8m9JUBNNeWkAMJqeH6rOJVBn51nvbdnwZ-0w4z69IA3Z9hpZ6faID_MqwIFc077tQawSuGqCazvjwPWm8VLFWyXNuHnbSnYe5cijwS0mcf9daX1loIuLGOpjhYjtYOabtEJnTo6Ou1ZtmUk2zGfVFPkmfBg0e0m9TCqxg-3dkQUblZw\",\"access_token\":\"eyJhbGciOiJSUzI1NiIsImtpZCI6IjQ3Mzc2MkU4MDI3QThGOTk5OTZENzExNDVBQTc3REE0QzI5MEY1NjkiLCJ0eXAiOiJhdCtqd3QiLCJ4NXQiOiJSemRpNkFKNmo1bVpiWEVVV3FkOXBNS1E5V2sifQ.eyJuYmYiOjE1OTgyNjU0NzUsImV4cCI6MTU5ODI2OTA3NSwiaXNzIjoiaHR0cHM6Ly9pZC5lbGVnZW5kLmlvIiwiY2xpZW50X2lkIjoiamFja3BvdC5lbGVnZW5kLmlvIiwic3ViIjoiNTU2MzMxNzA1IiwiYXV0aF90aW1lIjoxNTk4MjY1NDU4LCJpZHAiOiJsb2NhbCIsInNjb3BlIjpbIm9wZW5pZCIsInByb2ZpbGUiLCJvZmZsaW5lX2FjY2VzcyJdLCJhbXIiOlsicHdkIl19.PbmbixWvX6Bp_ppcaU-wBlh2PQXBA8ZV9IGMQhLFPB3w5CYx7PzkKm-kzd9d6SIPMW5c9uHPS8ng2Jj911CCMI2b_S0pgFTH-O4iUETzKCD9bHOeV4gr9czAkCc8aOcDQ5XxqN5hxqwzV1T-5FfXBMmmYd0JjvrsMCHB4uJKsLkn0K0ivDkOschyJxDM7_ws0jHpxS02lXfyU8cVq2__LrfT1yoZETvvUZ1G_50rtN-YNJgCRzyxVETSfOt1Au0AEIcucn0-NnewmNaj0pSDeqnp5FV1IVS5Z-Odf8KeePBf-_Mdlr1c6hLXfAA7gaCVaqEyTyFyohKpwEJ-N7gjPA\",\"expires_in\":3600,\"token_type\":\"Bearer\",\"refresh_token\":\"fOeTrkj3lM2SF7hVW18Zw2pHBqwOYaRTom79eSeRfUk\",\"scope\":\"openid profile offline_access\"}', NULL, 3, 0, '{\"sub\":\"556331705\",\"AspNet.Identity.SecurityStamp\":\"MYJMYAQEU3OQB7OZXJZHUOVQ45HHVSDK\",\"preferred_username\":\"556331705\",\"name\":\"556331705\",\"email\":\"taykhongchongdao@gmail.com\",\"email_verified\":true,\"user_id\":\"556331705\",\"tenant_id\":\"UFvhMNdB0pZN9808HqpNV605NpRAaA6Eg6xD8mft\\/E1MaSCgpqLDIJ9XZhriUOp4\",\"phone_number\":\"\",\"address\":\"\",\"address_2\":\"\",\"first_name\":\"M\\u1ee5n\",\"last_name\":\"T\\u00e0i\",\"city\":\"\",\"state\":\"\",\"country_code\":\"VN\",\"identity_number\":\"\",\"parent_id\":\"\",\"date_of_birth\":\"1577923140\",\"hierarchy_path\":\"556331705\",\"phone_country_code\":\"\",\"full_phone_number\":\"\",\"email_confirmed\":\"True\",\"phone_number_confirmed\":\"False\",\"created_at\":\"1594106814\",\"updated_at\":\"1594109555\",\"authenticator_key\":\"q5iddU\\/wOv+gx3LwAT6Fxb7LpCVifUG1LqbToYaEPQ7sa8iJbin9urvEvKurPbT4\",\"two_factor_enabled\":\"False\",\"kyc_level\":\"0\",\"security_updated_at\":\"0\"}', 0, '2020-07-29 12:11:15', '2020-08-24 10:37:55', NULL),
(17, '809868632', '809868632', NULL, NULL, 'vanhai.seo.001@gmail.com', NULL, NULL, '{\"id_token\":\"eyJhbGciOiJSUzI1NiIsImtpZCI6IjQ3Mzc2MkU4MDI3QThGOTk5OTZENzExNDVBQTc3REE0QzI5MEY1NjkiLCJ0eXAiOiJKV1QiLCJ4NXQiOiJSemRpNkFKNmo1bVpiWEVVV3FkOXBNS1E5V2sifQ.eyJuYmYiOjE1OTYwMzk0NjEsImV4cCI6MTU5NjAzOTc2MSwiaXNzIjoiaHR0cHM6Ly9pZC5lbGVnZW5kLmlvIiwiYXVkIjoiamFja3BvdC5lbGVnZW5kLmlvIiwiaWF0IjoxNTk2MDM5NDYxLCJhdF9oYXNoIjoiR1liRndLNHJqYzlVY0ItamhOb3VtQSIsInNfaGFzaCI6IkoyX3Y1TXBjNTlJTXVLSjY3cnNhUmciLCJzaWQiOiJCQVd1RzZMdFF5dWZNckNsOU02c0t3Iiwic3ViIjoiODA5ODY4NjMyIiwiYXV0aF90aW1lIjoxNTk2MDMzNzYxLCJpZHAiOiJsb2NhbCIsImFtciI6WyJwd2QiXX0.f6o9a7d1DmUQaXiuyj5m7SJd8JGnwIu2AWat6oP4ho830izKQSu9_th07O6UmFsOXBj10HMuxd29oFwPNq-l8ACaOIVJEODz8dWk54q_HVQ4aKZEFM1B3VTBipz2CgXhQtTP9kZuHf7Tmujgcs7WZ-t0sf25xOBvX-xXZj0FXsA9hpuI1fHz-rOkwKYP9tgtSkxcyR75eRZU3fhoQh3lPNxc8YUHBj8eMKrcQQapeXvCDrAaa-fCK8bEZ1ZoPH1WM3Hq5fKr5h1XL8kDDG55wVTq5gXGGWglwB1qIq-BdUoEJ2km3LzHPfCi0C1qluH7T9zcU-iy2oWLKyGxXmccIA\",\"access_token\":\"eyJhbGciOiJSUzI1NiIsImtpZCI6IjQ3Mzc2MkU4MDI3QThGOTk5OTZENzExNDVBQTc3REE0QzI5MEY1NjkiLCJ0eXAiOiJhdCtqd3QiLCJ4NXQiOiJSemRpNkFKNmo1bVpiWEVVV3FkOXBNS1E5V2sifQ.eyJuYmYiOjE1OTYwMzk0NjEsImV4cCI6MTU5NjA0MzA2MSwiaXNzIjoiaHR0cHM6Ly9pZC5lbGVnZW5kLmlvIiwiY2xpZW50X2lkIjoiamFja3BvdC5lbGVnZW5kLmlvIiwic3ViIjoiODA5ODY4NjMyIiwiYXV0aF90aW1lIjoxNTk2MDMzNzYxLCJpZHAiOiJsb2NhbCIsInNjb3BlIjpbIm9wZW5pZCIsInByb2ZpbGUiLCJvZmZsaW5lX2FjY2VzcyJdLCJhbXIiOlsicHdkIl19.bEHFNYPFiKUR7dSyhvnWKd_aW3X12DsrertlBDdqKpE5KJ1oJwf_wC9Bqcz-KoR9pe2p9YL-EyNDB4TSAl7YI-KRD5HwyFyezWNlfPRTXZv7XRb6ihJmCjT44N6C-l0I2Id-DfxTVVUrXz9PpGiVn1CGDIvGmmc_bvtcc6kbkJ8AGMgPPUW5RzF3y5W5Lyy6zFyvJ_boHTIAzj3Q0cfbFTgHGA_ASNTDl6IplDUF1LKbYTd-eo4Rj3dSGoi_G9OSFiQG-p7Y53gWRR2EArAWJkGZewkF3QVfTsPaDMGC6aEwqEziSRzXzoc7pcNmi9sY0cJeJldjANtMGozF65g8Uw\",\"expires_in\":3600,\"token_type\":\"Bearer\",\"refresh_token\":\"vi05ogbpm0LbX90oP1s_2Kctd-KX9umlVb40_cpZtzc\",\"scope\":\"openid profile offline_access\"}', NULL, 3, 0, '{\"sub\":\"809868632\",\"AspNet.Identity.SecurityStamp\":\"QTTY7TPY2774JUFCAOLMPV2UU26VIPFH\",\"preferred_username\":\"809868632\",\"name\":\"809868632\",\"email\":\"vanhai.seo.001@gmail.com\",\"email_verified\":true,\"user_id\":\"809868632\",\"tenant_id\":\"UFvhMNdB0pZN9808HqpNV605NpRAaA6Eg6xD8mft\\/E1MaSCgpqLDIJ9XZhriUOp4\",\"phone_number\":\"\",\"address\":\"\",\"address_2\":\"\",\"first_name\":\"\",\"last_name\":\"\",\"city\":\"\",\"state\":\"\",\"country_code\":\"\",\"identity_number\":\"\",\"parent_id\":\"\",\"date_of_birth\":\"\",\"hierarchy_path\":\"809868632\",\"phone_country_code\":\"\",\"full_phone_number\":\"\",\"email_confirmed\":\"True\",\"phone_number_confirmed\":\"False\",\"created_at\":\"1596033683\",\"updated_at\":\"1596033683\",\"authenticator_key\":\"\",\"two_factor_enabled\":\"False\",\"kyc_level\":\"0\",\"security_updated_at\":\"0\"}', 0, '2020-07-29 16:17:41', '2020-07-29 16:17:41', NULL);
INSERT INTO `users` (`id`, `uid`, `name`, `username`, `avatar`, `email`, `email_verified_at`, `password`, `token`, `remember_token`, `group_id`, `is_agency`, `user_info`, `can_login_cms`, `created_at`, `updated_at`, `deleted_at`) VALUES
(18, '764963161', '764963161', NULL, NULL, 'exchangeservice99+1@gmail.com', NULL, NULL, '{\"id_token\":\"eyJhbGciOiJSUzI1NiIsImtpZCI6IjQ3Mzc2MkU4MDI3QThGOTk5OTZENzExNDVBQTc3REE0QzI5MEY1NjkiLCJ0eXAiOiJKV1QiLCJ4NXQiOiJSemRpNkFKNmo1bVpiWEVVV3FkOXBNS1E5V2sifQ.eyJuYmYiOjE1OTY2MTg3NDUsImV4cCI6MTU5NjYxOTA0NSwiaXNzIjoiaHR0cHM6Ly9pZC5lbGVnZW5kLmlvIiwiYXVkIjoiamFja3BvdC5lbGVnZW5kLmlvIiwiaWF0IjoxNTk2NjE4NzQ1LCJhdF9oYXNoIjoiak44Rk5rejlTVl9WWl9HMm93bTM4QSIsInNfaGFzaCI6Ik5wRzhndVkzNHU4THdBZmxXY0gwdEEiLCJzaWQiOiIxTHp6MHNQcVc0NXZILWJhUzJTWV9BIiwic3ViIjoiNzY0OTYzMTYxIiwiYXV0aF90aW1lIjoxNTk2NjAwOTQzLCJpZHAiOiJsb2NhbCIsImFtciI6WyJtZmEiXX0.hVvub4aIB1UF1P61Zi6TXwqTj1_-fZGdnhr2ZNkyMM6L4nu7os2UrXSB-vtTtUNLu2ymD6IAaKC_sphhGk1SwHPLMpVZQ1BzARtQ92Qu9jeiEz2nPX43hY5qIA3BePNXYz7QgM0-A_KzDy1SMJHRpb3ve2hlSuPgPcywhWmPhaeMCyabw6cHzsuawXYeFFx0QmxaG4Fci8vEr6OPI34-QT7r9eggCPhgcrf7dLWH5oF62XAgYOJSZgzhsgF8NQOFdeFcfasSdd1jdgcWhqiKZ2j2QLFDiZREKqa8ZsTh8o9nXY_WuJIZkKRbFcpoqfxul_s6lBbwbetfsPo5ASG4nA\",\"access_token\":\"eyJhbGciOiJSUzI1NiIsImtpZCI6IjQ3Mzc2MkU4MDI3QThGOTk5OTZENzExNDVBQTc3REE0QzI5MEY1NjkiLCJ0eXAiOiJhdCtqd3QiLCJ4NXQiOiJSemRpNkFKNmo1bVpiWEVVV3FkOXBNS1E5V2sifQ.eyJuYmYiOjE1OTY2MTg3NDUsImV4cCI6MTU5NjYyMjM0NSwiaXNzIjoiaHR0cHM6Ly9pZC5lbGVnZW5kLmlvIiwiY2xpZW50X2lkIjoiamFja3BvdC5lbGVnZW5kLmlvIiwic3ViIjoiNzY0OTYzMTYxIiwiYXV0aF90aW1lIjoxNTk2NjAwOTQzLCJpZHAiOiJsb2NhbCIsInNjb3BlIjpbIm9wZW5pZCIsInByb2ZpbGUiLCJvZmZsaW5lX2FjY2VzcyJdLCJhbXIiOlsibWZhIl19.o3OQreD0fASNDAkMkIVbiDq9NP-MIPXGZC--CsJB0OWu3aV-1wQFyN1cELY82_1I-L4mm-JdTtkgKgtuADV-4SyjrPxDMvLW5gF705VFKujp6zPqTjUeikwkOkwtmZB9WCKkw7k9KO0ShUPKuBn-2oS2wc-nHs4URFDhrMpfdq3VMI3zez-wvU4xILBO6xb4HJjVBO10y2NVshitzSy8W4mKDCOlRdjw7ubc8Bo4lwfp6UZ3SGnIJ3IjaGgOkyfHY8RwBpbZHYcby17fG6I6yhxe7BSdfXLqxm_lrDJa4Jwl0wDJRL5pwt9ojQ6hm7iEC9OmUxvXu32kO8LAwFTIKg\",\"expires_in\":3600,\"token_type\":\"Bearer\",\"refresh_token\":\"IZAQG19CVkFXeYAru5ZJZUJp62lPE5QV-lid3niTAHc\",\"scope\":\"openid profile offline_access\"}', NULL, 3, 0, '{\"sub\":\"764963161\",\"AspNet.Identity.SecurityStamp\":\"45BMD2NDC3GKUEW2FAHDERYDMUM355KG\",\"preferred_username\":\"764963161\",\"name\":\"764963161\",\"email\":\"exchangeservice99+1@gmail.com\",\"email_verified\":true,\"user_id\":\"764963161\",\"tenant_id\":\"UFvhMNdB0pZN9808HqpNV605NpRAaA6Eg6xD8mft\\/E1MaSCgpqLDIJ9XZhriUOp4\",\"phone_number\":\"\",\"address\":\"\",\"address_2\":\"\",\"first_name\":\"\",\"last_name\":\"\",\"city\":\"\",\"state\":\"\",\"country_code\":\"\",\"identity_number\":\"\",\"parent_id\":\"\",\"date_of_birth\":\"\",\"hierarchy_path\":\"764963161\",\"phone_country_code\":\"\",\"full_phone_number\":\"\",\"email_confirmed\":\"True\",\"phone_number_confirmed\":\"False\",\"created_at\":\"1594633556\",\"updated_at\":\"1594633556\",\"authenticator_key\":\"FuHHDG5zU3WDF4WZYWQ\\/em\\/cXxosYgD61U\\/vcZ+jpzfsa8iJbin9urvEvKurPbT4\",\"two_factor_enabled\":\"True\",\"kyc_level\":\"1\",\"security_updated_at\":\"1594782834\"}', 0, '2020-08-05 09:12:25', '2020-08-05 09:12:25', NULL),
(19, '698866757', '698866757', NULL, NULL, 'haint1@timebird.org', NULL, NULL, '{\"id_token\":\"eyJhbGciOiJSUzI1NiIsImtpZCI6IjQ3Mzc2MkU4MDI3QThGOTk5OTZENzExNDVBQTc3REE0QzI5MEY1NjkiLCJ0eXAiOiJKV1QiLCJ4NXQiOiJSemRpNkFKNmo1bVpiWEVVV3FkOXBNS1E5V2sifQ.eyJuYmYiOjE1OTcyMDAyNTgsImV4cCI6MTU5NzIwMDU1OCwiaXNzIjoiaHR0cHM6Ly9pZC5lbGVnZW5kLmlvIiwiYXVkIjoiamFja3BvdC5lbGVnZW5kLmlvIiwiaWF0IjoxNTk3MjAwMjU4LCJhdF9oYXNoIjoiT1drdlVfVUVqUlU3THJGMTJaZW5ZUSIsInNfaGFzaCI6ImtkUGlrLUhJSzkxX0JzRW1CcVdpRFEiLCJzaWQiOiJMUExGdkFYbWhfMTZfWXUxcktzNV9RIiwic3ViIjoiNjk4ODY2NzU3IiwiYXV0aF90aW1lIjoxNTk2NjI0MjY0LCJpZHAiOiJsb2NhbCIsImFtciI6WyJwd2QiXX0.rBoHWlsuqxSgbdarfoA2o9xjjJa53I7dvozX7nECM1gWBkU64Vd17RJWaLDsy2zDA79zeMdZU2kO548q4EGWMTPbRoD-Yh-9Cg-5oXlmTWheBWLst5tGVaU59OANHqaYg8bO-27c-vIYiRiZnSbfR3OYZ3m7JrUz6Fp1ToBzbOR2Vgqi2WBmUB7irf__U0EIJNJcN0_ZwVeMMom7HMYGQ2DdbQ2XDMwQZOCi5Wmw0Y0Fu_IPAivqgKEsQISyv4UwLE4Aok2IqgirushXNnVJ8WOWHqtML_TfU4Iq0i7-0eAIas9J2yqrBcpk-rNM78D2M2DG4OQ26q_RLNtl1sM4Ww\",\"access_token\":\"eyJhbGciOiJSUzI1NiIsImtpZCI6IjQ3Mzc2MkU4MDI3QThGOTk5OTZENzExNDVBQTc3REE0QzI5MEY1NjkiLCJ0eXAiOiJhdCtqd3QiLCJ4NXQiOiJSemRpNkFKNmo1bVpiWEVVV3FkOXBNS1E5V2sifQ.eyJuYmYiOjE1OTcyMDAyNTgsImV4cCI6MTU5NzIwMzg1OCwiaXNzIjoiaHR0cHM6Ly9pZC5lbGVnZW5kLmlvIiwiY2xpZW50X2lkIjoiamFja3BvdC5lbGVnZW5kLmlvIiwic3ViIjoiNjk4ODY2NzU3IiwiYXV0aF90aW1lIjoxNTk2NjI0MjY0LCJpZHAiOiJsb2NhbCIsInNjb3BlIjpbIm9wZW5pZCIsInByb2ZpbGUiLCJvZmZsaW5lX2FjY2VzcyJdLCJhbXIiOlsicHdkIl19.NdfXW5yIfnFyhc08_K06w_ZsxdMdDBFZut5EH35GwY3dDt-TcbobG_3x_QFP1K0qojcUZOlLafJuY4S2WDkkqByMLAi1GUbc8Wtz1_mE7N_R6aM-RwyEeHytJb4SROG1BuXvJ0XZybuAOrt_nj_018A7d270yxfavDYVpSzwtikMklr27SM1TvXe73WqqiD_mEUWR7SBFzbM6I_EblQ0xRAqSAYg4LYzz7kofOOq4dleNqgtPSeirq7fCsRclSMM-vNGePTbauFrWsmBH7i5HhUtQeHAqYgIWYChCr9EtiIlKbZTxHojCQBpiBKn2jdZDEVSy0Cd9yFbiosfGJa1Zw\",\"expires_in\":3600,\"token_type\":\"Bearer\",\"refresh_token\":\"sut_BJM_dQ2A2JbVmR3dXeBdrkPqN3u1eNQX7cbog5U\",\"scope\":\"openid profile offline_access\"}', NULL, 3, 0, '{\"sub\":\"698866757\",\"AspNet.Identity.SecurityStamp\":\"334J6UQWV6SUN3MWS2J4WPW6FAZYEW3Q\",\"preferred_username\":\"698866757\",\"name\":\"698866757\",\"email\":\"haint1@timebird.org\",\"email_verified\":true,\"user_id\":\"698866757\",\"tenant_id\":\"UFvhMNdB0pZN9808HqpNV605NpRAaA6Eg6xD8mft\\/E1MaSCgpqLDIJ9XZhriUOp4\",\"phone_number\":\"\",\"address\":\"\",\"address_2\":\"\",\"first_name\":\"\",\"last_name\":\"\",\"city\":\"\",\"state\":\"\",\"country_code\":\"\",\"identity_number\":\"\",\"parent_id\":\"\",\"date_of_birth\":\"\",\"hierarchy_path\":\"698866757\",\"phone_country_code\":\"\",\"full_phone_number\":\"\",\"email_confirmed\":\"True\",\"phone_number_confirmed\":\"False\",\"created_at\":\"1596624203\",\"updated_at\":\"1596624203\",\"authenticator_key\":\"\",\"two_factor_enabled\":\"False\",\"kyc_level\":\"0\",\"security_updated_at\":\"0\"}', 0, '2020-08-05 10:44:25', '2020-08-12 02:44:18', NULL),
(20, '328905384', '328905384', NULL, NULL, 'jennyfcode@gmail.com', NULL, NULL, '{\"id_token\":\"eyJhbGciOiJSUzI1NiIsImtpZCI6IjQ3Mzc2MkU4MDI3QThGOTk5OTZENzExNDVBQTc3REE0QzI5MEY1NjkiLCJ0eXAiOiJKV1QiLCJ4NXQiOiJSemRpNkFKNmo1bVpiWEVVV3FkOXBNS1E5V2sifQ.eyJuYmYiOjE1OTY3NzM5ODgsImV4cCI6MTU5Njc3NDI4OCwiaXNzIjoiaHR0cHM6Ly9pZC5lbGVnZW5kLmlvIiwiYXVkIjoiamFja3BvdC5lbGVnZW5kLmlvIiwiaWF0IjoxNTk2NzczOTg4LCJhdF9oYXNoIjoiMzZwSzBLV2w0WVkyN1h2ZG1WZHA3dyIsInNfaGFzaCI6Ild2SW5aY1p6Y0w2bGxTRDdFYWJxVnciLCJzaWQiOiJXNkUwN2VmZGZ0QTVhM1YxN0NGUTBRIiwic3ViIjoiMzI4OTA1Mzg0IiwiYXV0aF90aW1lIjoxNTk2NzczOTg3LCJpZHAiOiJsb2NhbCIsImFtciI6WyJwd2QiXX0.RbwI5rZOmqco7kS9Ty-Ou-Ei2yggBcTHNlC18AQ-g4E86QuZr2nz33dRFdbo-cgSx7R5K3cHL2PQFOiIUyAhfF04XUI9TLtCAHxJ7oy1j6vgatz-4KNSZYLodqBhGVdEM0tQN4KK22rYLVYQ9dD_bc6RofWg4uuQx-cAA2OckdwW5Eq7ojli7Z8J86f_DXOSzpuAcYbPaVPHg-CrzrgEwgB1c8sQsUgNf0R4fMRQ4lJr_P22Vv1YW5KrJ0oXLw6JilMcW-fei74Qo3pKreLnmvujpboMZ16PjgSadP9tzqmH2K4qYt21UrTnc0ceE-GuOY32On7OmPy2zAU_UkqJTg\",\"access_token\":\"eyJhbGciOiJSUzI1NiIsImtpZCI6IjQ3Mzc2MkU4MDI3QThGOTk5OTZENzExNDVBQTc3REE0QzI5MEY1NjkiLCJ0eXAiOiJhdCtqd3QiLCJ4NXQiOiJSemRpNkFKNmo1bVpiWEVVV3FkOXBNS1E5V2sifQ.eyJuYmYiOjE1OTY3NzM5ODgsImV4cCI6MTU5Njc3NzU4OCwiaXNzIjoiaHR0cHM6Ly9pZC5lbGVnZW5kLmlvIiwiY2xpZW50X2lkIjoiamFja3BvdC5lbGVnZW5kLmlvIiwic3ViIjoiMzI4OTA1Mzg0IiwiYXV0aF90aW1lIjoxNTk2NzczOTg3LCJpZHAiOiJsb2NhbCIsInNjb3BlIjpbIm9wZW5pZCIsInByb2ZpbGUiLCJvZmZsaW5lX2FjY2VzcyJdLCJhbXIiOlsicHdkIl19.fBTrQHh6yToXJp-ND4qBgt7WLtKCO3nTP1yw_cBYuN4XqimV1hl80AStPmO_pr9Wy6CT69e8CUEXTWRnSxhDPft8mFl2BlCgxhbQQ1dc9HUswEXBh4ggmDMFRmx-3VjfgovjlVx1aFGB66uUwLPppkONrYpV1dju3lfTSDNfcPFiJDeM-zhWNoJqU70b5z4nU_edmVKVliWbqTJt3h5WgpoiuIYpmWfI2cU-w2ojPO-LOlEOenWUXT7iQv7CN1eF5uFWHpgWBgJEZNDdbuDBMiXkY5BhNTcs202Vb_ZUw7irThFl8G0y-Vn_MCCmmFXPUCGyegyjSSNs4yOlZFe0Hg\",\"expires_in\":3600,\"token_type\":\"Bearer\",\"refresh_token\":\"fELGw0XAFOcdPqHPqsJMgkkvkWaRDm9XRAiqmhZKS6Y\",\"scope\":\"openid profile offline_access\"}', NULL, 3, 0, '{\"sub\":\"328905384\",\"AspNet.Identity.SecurityStamp\":\"A6LXJHUSWOJIXBPE7GMQ6ASMETNGWO2F\",\"preferred_username\":\"328905384\",\"name\":\"328905384\",\"email\":\"jennyfcode@gmail.com\",\"email_verified\":true,\"user_id\":\"328905384\",\"tenant_id\":\"UFvhMNdB0pZN9808HqpNV605NpRAaA6Eg6xD8mft\\/E1MaSCgpqLDIJ9XZhriUOp4\",\"phone_number\":\"\",\"address\":\"\",\"address_2\":\"\",\"first_name\":\"\",\"last_name\":\"\",\"city\":\"\",\"state\":\"\",\"country_code\":\"\",\"identity_number\":\"\",\"parent_id\":\"\",\"date_of_birth\":\"\",\"hierarchy_path\":\"328905384\",\"phone_country_code\":\"\",\"full_phone_number\":\"\",\"email_confirmed\":\"True\",\"phone_number_confirmed\":\"False\",\"created_at\":\"1595907062\",\"updated_at\":\"1595907062\",\"authenticator_key\":\"73x3BeW\\/94ngN1bGiEBGLagMKSsgOwZf3nZWn0R9bFLsa8iJbin9urvEvKurPbT4\",\"two_factor_enabled\":\"False\",\"kyc_level\":\"0\",\"security_updated_at\":\"0\"}', 0, '2020-08-07 04:19:48', '2020-08-07 04:19:48', NULL),
(21, '744628577', '744628577', NULL, NULL, 'emptytracknow@gmail.com', NULL, NULL, '{\"id_token\":\"eyJhbGciOiJSUzI1NiIsImtpZCI6IjQ3Mzc2MkU4MDI3QThGOTk5OTZENzExNDVBQTc3REE0QzI5MEY1NjkiLCJ0eXAiOiJKV1QiLCJ4NXQiOiJSemRpNkFKNmo1bVpiWEVVV3FkOXBNS1E5V2sifQ.eyJuYmYiOjE1OTgzMTk4ODIsImV4cCI6MTU5ODMyMDE4MiwiaXNzIjoiaHR0cHM6Ly9pZC5lbGVnZW5kLmlvIiwiYXVkIjoiamFja3BvdC5lbGVnZW5kLmlvIiwiaWF0IjoxNTk4MzE5ODgyLCJhdF9oYXNoIjoibmlidkdtUGRFQWh6SThPVUQ3QXVQZyIsInNfaGFzaCI6IjZrbGRzNmViUGRJUmRNWWNlaThiclEiLCJzaWQiOiJ0VmJQaUN6V1IzX1JLRG56Rm1MNFhnIiwic3ViIjoiNzQ0NjI4NTc3IiwiYXV0aF90aW1lIjoxNTk4MzE5ODY0LCJpZHAiOiJsb2NhbCIsImFtciI6WyJwd2QiXX0.fEWnLx1VeLyzBJ_SPbillOAlp41AL5QzhXKPjBM2gsvhqRN_Mo5k3FUFv1ptaH9HdKC5ijRGnU-zpDl5QYdwXn8P5cTFCwnZQk0_50I1X1nZyweTFC6bKMpK5IpGSTa53AdHtaDJoKzo6Zz2rT4rFIzNJRUXiP_4olu91eFFHauloKyTeki_w4j3B-4melV6yqDRfpClf0-vajNBrVt7uTYekMCNxOSM8rHB3ylGCKLA9y_90fuXCvFsrkFx91NAqEJ1xGrGiVcmtch0kzNk-IMZO951cP1C4tX6vmKOtNwx2GVe05B_VMaXugIGXGmzjvC2dsXzukDXv-m7xYqjUw\",\"access_token\":\"eyJhbGciOiJSUzI1NiIsImtpZCI6IjQ3Mzc2MkU4MDI3QThGOTk5OTZENzExNDVBQTc3REE0QzI5MEY1NjkiLCJ0eXAiOiJhdCtqd3QiLCJ4NXQiOiJSemRpNkFKNmo1bVpiWEVVV3FkOXBNS1E5V2sifQ.eyJuYmYiOjE1OTgzMTk4ODIsImV4cCI6MTU5ODMyMzQ4MiwiaXNzIjoiaHR0cHM6Ly9pZC5lbGVnZW5kLmlvIiwiY2xpZW50X2lkIjoiamFja3BvdC5lbGVnZW5kLmlvIiwic3ViIjoiNzQ0NjI4NTc3IiwiYXV0aF90aW1lIjoxNTk4MzE5ODY0LCJpZHAiOiJsb2NhbCIsInNjb3BlIjpbIm9wZW5pZCIsInByb2ZpbGUiLCJvZmZsaW5lX2FjY2VzcyJdLCJhbXIiOlsicHdkIl19.D8UOdnJzFLo4m0C-ielSzVgC8TG621vOkup5npfBQofET8_IzUHfpQbPKHi_GXVG37xyUlg3LBYHM9iDR0565yoajvfLoQUqWJo18ssm-K7tBRzq974Rh9KKsqCEwX-ZHt_5NIYxSSgN08C7_XYl7Nizh893ByGTe_GViFbBiCs47X63GnlwRJSmP_a5aiPdUiSUmp8KRuD652hHbRYE_7RrVp5-7G7OQMRjNT3kRy1U2gVAidt5D1kizSY8ITivXKukzAPwkD_sNxRO8bXvBdpwRyix6tWMSnb8Coa7mmYpfDdJND1hPhiB3HvMfSLT9thLm-ZnLJW1KMogZiNoWA\",\"expires_in\":3600,\"token_type\":\"Bearer\",\"refresh_token\":\"H59NFrpq0A7heBcMUnmzcUJXHzpNWCXYztT65305sgw\",\"scope\":\"openid profile offline_access\"}', NULL, 3, 0, '{\"sub\":\"744628577\",\"AspNet.Identity.SecurityStamp\":\"TH37OX75OVVAI2M4XOEQASV5ON742LQG\",\"preferred_username\":\"744628577\",\"name\":\"744628577\",\"email\":\"emptytracknow@gmail.com\",\"email_verified\":true,\"user_id\":\"744628577\",\"tenant_id\":\"UFvhMNdB0pZN9808HqpNV605NpRAaA6Eg6xD8mft\\/E1MaSCgpqLDIJ9XZhriUOp4\",\"phone_number\":\"\",\"address\":\"\",\"address_2\":\"\",\"first_name\":\"\",\"last_name\":\"\",\"city\":\"\",\"state\":\"\",\"country_code\":\"\",\"identity_number\":\"\",\"parent_id\":\"\",\"date_of_birth\":\"\",\"hierarchy_path\":\"744628577\",\"phone_country_code\":\"\",\"full_phone_number\":\"\",\"email_confirmed\":\"True\",\"phone_number_confirmed\":\"False\",\"created_at\":\"1593593457\",\"updated_at\":\"1593593457\",\"authenticator_key\":\"\",\"two_factor_enabled\":\"False\",\"kyc_level\":\"0\",\"security_updated_at\":\"0\"}', 0, '2020-08-11 03:38:30', '2020-08-25 01:44:42', NULL),
(22, '948197794', '948197794', NULL, NULL, 'kimtrang101081@gmail.com', NULL, NULL, '{\"id_token\":\"eyJhbGciOiJSUzI1NiIsImtpZCI6IjQ3Mzc2MkU4MDI3QThGOTk5OTZENzExNDVBQTc3REE0QzI5MEY1NjkiLCJ0eXAiOiJKV1QiLCJ4NXQiOiJSemRpNkFKNmo1bVpiWEVVV3FkOXBNS1E5V2sifQ.eyJuYmYiOjE1OTc4MDYxMzIsImV4cCI6MTU5NzgwNjQzMiwiaXNzIjoiaHR0cHM6Ly9pZC5lbGVnZW5kLmlvIiwiYXVkIjoiamFja3BvdC5lbGVnZW5kLmlvIiwiaWF0IjoxNTk3ODA2MTMyLCJhdF9oYXNoIjoieFhLX1FpcFdkb3BHcGJWS3lkTk1lUSIsInNfaGFzaCI6ImJvNUJnY3BHTC1MWFVjZEdFYlp3R0EiLCJzaWQiOiJPczVMVmt5WG9vTEczQWEwaWVxaTlRIiwic3ViIjoiOTQ4MTk3Nzk0IiwiYXV0aF90aW1lIjoxNTk3ODA2MDk1LCJpZHAiOiJsb2NhbCIsImFtciI6WyJwd2QiXX0.fJ0a2x4MH_Rj2M35Dd8G549DK4vc1x7kfJeSqxmio5-kay2saaM1dSjiVXNCMvqmQdrPb34aDR4fF1D2pjz8y5sCVodiFmDxmdcrDG8B5MEegl0RmVF0v2fseJEUNZ82kms1Kwc3EayTQn0izn9LnhBtnOXhE72_T16CNE4IzvO8Ykl_nwlrWW79qmQ5yc36Pw3OPQcp1f5yaO4jM4Muoj1DEV5p_uc7LhgqzWovFptAhhk_bNN1jfN5wKfe56e7Dyucvx-VPxJ6rD-4hlbvSEe9edcY6zQH3XClo9KLSQzXQCfgBhg5p1rnXOWEXrHUER8CgahgnCwzxt-6UEMrcw\",\"access_token\":\"eyJhbGciOiJSUzI1NiIsImtpZCI6IjQ3Mzc2MkU4MDI3QThGOTk5OTZENzExNDVBQTc3REE0QzI5MEY1NjkiLCJ0eXAiOiJhdCtqd3QiLCJ4NXQiOiJSemRpNkFKNmo1bVpiWEVVV3FkOXBNS1E5V2sifQ.eyJuYmYiOjE1OTc4MDYxMzIsImV4cCI6MTU5NzgwOTczMiwiaXNzIjoiaHR0cHM6Ly9pZC5lbGVnZW5kLmlvIiwiY2xpZW50X2lkIjoiamFja3BvdC5lbGVnZW5kLmlvIiwic3ViIjoiOTQ4MTk3Nzk0IiwiYXV0aF90aW1lIjoxNTk3ODA2MDk1LCJpZHAiOiJsb2NhbCIsInNjb3BlIjpbIm9wZW5pZCIsInByb2ZpbGUiLCJvZmZsaW5lX2FjY2VzcyJdLCJhbXIiOlsicHdkIl19.X8Ik1wJDQ-Dmt_e-Tx-tOz8qNOU_SYPt3WAwh_NFS0dGHStRyqj1rbGIbr3aqfdmAZXnYU3yHNhy1rldxOX_Z-dpx3_D3oe7Y7zbCM-lOZY8kKpZ_o5t8Gu5K8GYthjZCxrZkfQDcgrxoRT6W7Zi97RVkPmvjeI5cSdW4u8XUt_L429NCTvar2TpSp2jPf0ByrEeaIGhvntxnqkOmWuCD-uy7w5gUDs8bZudn1-z9pyMjvQoV0k5DGiZZoS0rF5jp948kXE_gsqA9mJnirO9paa2MZ1w6FXwa2NS-jubnZuzBwVH8UhGVnn4AyOs-M_JjswsRKv2ardvkizAgIxYGA\",\"expires_in\":3600,\"token_type\":\"Bearer\",\"refresh_token\":\"GilJMwQ6fulzFELldjAWz7Uk1dQS-d_VuIBpYh40Q5A\",\"scope\":\"openid profile offline_access\"}', NULL, 3, 0, '{\"sub\":\"948197794\",\"AspNet.Identity.SecurityStamp\":\"ZU6FB64PCFABSDBK3OWTIEVSRYMB27XK\",\"preferred_username\":\"948197794\",\"name\":\"948197794\",\"email\":\"kimtrang101081@gmail.com\",\"email_verified\":true,\"user_id\":\"948197794\",\"tenant_id\":\"UFvhMNdB0pZN9808HqpNV605NpRAaA6Eg6xD8mft\\/E1MaSCgpqLDIJ9XZhriUOp4\",\"phone_number\":\"\",\"address\":\"\",\"address_2\":\"\",\"first_name\":\"\",\"last_name\":\"\",\"city\":\"\",\"state\":\"\",\"country_code\":\"\",\"identity_number\":\"\",\"parent_id\":\"\",\"date_of_birth\":\"\",\"hierarchy_path\":\"948197794\",\"phone_country_code\":\"\",\"full_phone_number\":\"\",\"email_confirmed\":\"True\",\"phone_number_confirmed\":\"False\",\"created_at\":\"1594952561\",\"updated_at\":\"1594952561\",\"authenticator_key\":\"\",\"two_factor_enabled\":\"False\",\"kyc_level\":\"0\",\"security_updated_at\":\"0\"}', 0, '2020-08-19 03:02:12', '2020-08-19 03:02:12', NULL),
(23, '665691205', '665691205', NULL, NULL, 'hungnd39.fcode@gmail.com', NULL, NULL, '{\"id_token\":\"eyJhbGciOiJSUzI1NiIsImtpZCI6IjQ3Mzc2MkU4MDI3QThGOTk5OTZENzExNDVBQTc3REE0QzI5MEY1NjkiLCJ0eXAiOiJKV1QiLCJ4NXQiOiJSemRpNkFKNmo1bVpiWEVVV3FkOXBNS1E5V2sifQ.eyJuYmYiOjE1OTgyMzg4MTAsImV4cCI6MTU5ODIzOTExMCwiaXNzIjoiaHR0cHM6Ly9pZC5lbGVnZW5kLmlvIiwiYXVkIjoiamFja3BvdC5lbGVnZW5kLmlvIiwiaWF0IjoxNTk4MjM4ODEwLCJhdF9oYXNoIjoiYlI2d29md0NKVlhhOVFSU3NHQWNnZyIsInNfaGFzaCI6IjVXa0NMaGhrQmx4aHdjM3lkMG84b0EiLCJzaWQiOiJiaF9iYUJwVGZSTUJCc2xmVHdIdGFBIiwic3ViIjoiNjY1NjkxMjA1IiwiYXV0aF90aW1lIjoxNTk4MjM4Nzk5LCJpZHAiOiJsb2NhbCIsImFtciI6WyJwd2QiXX0.SSglXFtRrlJ2-yjxGQRxwpr6NcJOl_rR3IocyMVaSFZ3BaPKWlcm07Z9eHuCWT2yZRrO-k-E9dEyW1EvTiNHXGVjHGF-zVu55AGiDzdJJ6ttHdGwocOZln7XTpv04ddu84vIFj9XDsju17CJvFjUFX5ZO53pppOi2qveCWRIohxVxB5Vnpdjb8SnIzsL-PR9PVF2tTzFdpPsMGHWoaP1eJY1YDIKiN7VINgr_xNiXmXoMkCSY0TV47_ncg_FX8ToEo8PsE7aUHie2RbQFWNDLZC-QA9Gnrypg_N72iHWLYU6rMcfab2rXMg9KJWH9iva87RIuvtGTuEpkKLNPUxkwA\",\"access_token\":\"eyJhbGciOiJSUzI1NiIsImtpZCI6IjQ3Mzc2MkU4MDI3QThGOTk5OTZENzExNDVBQTc3REE0QzI5MEY1NjkiLCJ0eXAiOiJhdCtqd3QiLCJ4NXQiOiJSemRpNkFKNmo1bVpiWEVVV3FkOXBNS1E5V2sifQ.eyJuYmYiOjE1OTgyMzg4MTAsImV4cCI6MTU5ODI0MjQxMCwiaXNzIjoiaHR0cHM6Ly9pZC5lbGVnZW5kLmlvIiwiY2xpZW50X2lkIjoiamFja3BvdC5lbGVnZW5kLmlvIiwic3ViIjoiNjY1NjkxMjA1IiwiYXV0aF90aW1lIjoxNTk4MjM4Nzk5LCJpZHAiOiJsb2NhbCIsInNjb3BlIjpbIm9wZW5pZCIsInByb2ZpbGUiLCJvZmZsaW5lX2FjY2VzcyJdLCJhbXIiOlsicHdkIl19.Y7lSPT6c46H3mzosgmmfiSMGKuABIpoOHFyV57ImnmWw0iiUSdlAQKw8HrdzOew_jXJuoTZFDQWUU-zYPW_W2ITGad0yXd256tsTxFZd03BQcWqM-mvy5dzXCYn_m0m6vCgKhFwaqJINlECBEzdKV2SGWCbiNQuWt49geX5ZCDfHhzJch-1IyycGeHTMEJqj_y9GMSQqdxmN45g5rgWwLZGKVpPGF6B0nX-AvnKIx2yDsX4VV4boStnOHpS5LwRTESDZMAa-qcN_P6niAqz_avyQhKentQC8r5bm7ZzzG3D_--Lo526GYJmggOBuX5WMrjHPy1TWPXeREoNaLoLrtw\",\"expires_in\":3600,\"token_type\":\"Bearer\",\"refresh_token\":\"Cq0X73HGm4UgQgKOH2V9O_ftGUc40dc4ND20jOPStM0\",\"scope\":\"openid profile offline_access\"}', NULL, 3, 0, '{\"sub\":\"665691205\",\"AspNet.Identity.SecurityStamp\":\"LUOBH7UTS66P5QJQEFZIXLYFKJ6Z3H5X\",\"preferred_username\":\"665691205\",\"name\":\"665691205\",\"email\":\"hungnd39.fcode@gmail.com\",\"email_verified\":true,\"user_id\":\"665691205\",\"tenant_id\":\"UFvhMNdB0pZN9808HqpNV605NpRAaA6Eg6xD8mft\\/E1MaSCgpqLDIJ9XZhriUOp4\",\"phone_number\":\"\",\"address\":\"\",\"address_2\":\"\",\"first_name\":\"\",\"last_name\":\"\",\"city\":\"\",\"state\":\"\",\"country_code\":\"\",\"identity_number\":\"\",\"parent_id\":\"\",\"date_of_birth\":\"\",\"hierarchy_path\":\"665691205\",\"phone_country_code\":\"\",\"full_phone_number\":\"\",\"email_confirmed\":\"True\",\"phone_number_confirmed\":\"False\",\"created_at\":\"1598238765\",\"updated_at\":\"1598238765\",\"authenticator_key\":\"\",\"two_factor_enabled\":\"False\",\"kyc_level\":\"0\",\"security_updated_at\":\"0\"}', 0, '2020-08-24 03:13:30', '2020-08-24 03:13:30', NULL),
(24, '535369676', '535369676', NULL, NULL, 'shang.coin@gmail.com', NULL, NULL, '{\"id_token\":\"eyJhbGciOiJSUzI1NiIsImtpZCI6IjQ3Mzc2MkU4MDI3QThGOTk5OTZENzExNDVBQTc3REE0QzI5MEY1NjkiLCJ0eXAiOiJKV1QiLCJ4NXQiOiJSemRpNkFKNmo1bVpiWEVVV3FkOXBNS1E5V2sifQ.eyJuYmYiOjE1OTgzMjM3OTIsImV4cCI6MTU5ODMyNDA5MiwiaXNzIjoiaHR0cHM6Ly9pZC5lbGVnZW5kLmlvIiwiYXVkIjoiamFja3BvdC5lbGVnZW5kLmlvIiwiaWF0IjoxNTk4MzIzNzkyLCJhdF9oYXNoIjoieEo3cVRtUzZST1RzeWxha0N3RS1TQSIsInNfaGFzaCI6InUzS216ODM2R3Y5eDZGcTRIaENfNVEiLCJzaWQiOiJTeU44ZmlqZnhWQVVkdUdRa2otMDhRIiwic3ViIjoiNTM1MzY5Njc2IiwiYXV0aF90aW1lIjoxNTk3OTIxMTQ1LCJpZHAiOiJsb2NhbCIsImFtciI6WyJwd2QiXX0.QQFfHqdrwaj9ghshft6gR8PWEnEj8qIAwaVATF39o-p1NbTPzcvlVBgGIfjx55l_XgTpKkXVfOdStp59ZDLS9c-ZttRNLQaPhBNKf7--_WboZJBvR0edtkMnBoa-A2yMwKDq7Ic3Ui8FDW3bck9oLhWsbCdXRUELvfxxgQ2cTByO7g_ZH_crdiD3Q5qeSRZ3DarCUFZq6v4B2XZydms3Cj1Idn6bGM1idn_M7ld_UaGAv2Ilfx6nwHzRepKQRjZtXP6J1tUgIiiGhG5IaltL_ejIv54A5AWblTdGFGIDdx7QnFnECy9BS0WxqWq4RCXsAdkSLmmDTKcadqP_rG2UXQ\",\"access_token\":\"eyJhbGciOiJSUzI1NiIsImtpZCI6IjQ3Mzc2MkU4MDI3QThGOTk5OTZENzExNDVBQTc3REE0QzI5MEY1NjkiLCJ0eXAiOiJhdCtqd3QiLCJ4NXQiOiJSemRpNkFKNmo1bVpiWEVVV3FkOXBNS1E5V2sifQ.eyJuYmYiOjE1OTgzMjM3OTIsImV4cCI6MTU5ODMyNzM5MiwiaXNzIjoiaHR0cHM6Ly9pZC5lbGVnZW5kLmlvIiwiY2xpZW50X2lkIjoiamFja3BvdC5lbGVnZW5kLmlvIiwic3ViIjoiNTM1MzY5Njc2IiwiYXV0aF90aW1lIjoxNTk3OTIxMTQ1LCJpZHAiOiJsb2NhbCIsInNjb3BlIjpbIm9wZW5pZCIsInByb2ZpbGUiLCJvZmZsaW5lX2FjY2VzcyJdLCJhbXIiOlsicHdkIl19.fH2i9ehvpgFhtAVuUZUVV-YSetd7RquFnZHsmBa6WoKM4oWSfLRXSr1Ca2E_6HYP0m52QiAsZHoh6VqoET5zBKMt8jEIPdDOqhimSzI4wUVtMMdWcCjnm5vPoJkYwNQ-yLhkq0HKOxjf5xzRFB5Y7tkuC04CFpYMpL3_mHECXj5Wm_9xW3FtrE6bwVl7ekvz1PHM6vgNHeVewVTfMzZuSReoVfTryRYGezb8AvNUujTngN_W0VpaZqcEtfRRnM1-PfivcT7iMlr3G7Hjcpn51s0V0nrVy59Oo_SVcYN-KvQC3T8QBAIMH-REOIVGg7DQIxnyHqpEqmlVfMrg5ioGJQ\",\"expires_in\":3600,\"token_type\":\"Bearer\",\"refresh_token\":\"t-CoMewVZ2MpVxF2D5IGWTQletbSKSDxlcQI4AqX0wM\",\"scope\":\"openid profile offline_access\"}', NULL, 3, 0, '{\"sub\":\"535369676\",\"AspNet.Identity.SecurityStamp\":\"JRCU2FTZ2ZJ7K5XYXUFTG6DM56WGJKCH\",\"preferred_username\":\"535369676\",\"name\":\"535369676\",\"email\":\"shang.coin@gmail.com\",\"email_verified\":true,\"user_id\":\"535369676\",\"tenant_id\":\"UFvhMNdB0pZN9808HqpNV605NpRAaA6Eg6xD8mft\\/E1MaSCgpqLDIJ9XZhriUOp4\",\"phone_number\":\"\",\"address\":\"\",\"address_2\":\"\",\"first_name\":\"\",\"last_name\":\"\",\"city\":\"\",\"state\":\"\",\"country_code\":\"\",\"identity_number\":\"\",\"parent_id\":\"\",\"date_of_birth\":\"\",\"hierarchy_path\":\"535369676\",\"phone_country_code\":\"\",\"full_phone_number\":\"\",\"email_confirmed\":\"True\",\"phone_number_confirmed\":\"False\",\"created_at\":\"1594626593\",\"updated_at\":\"1594626593\",\"authenticator_key\":\"\",\"two_factor_enabled\":\"False\",\"kyc_level\":\"0\",\"security_updated_at\":\"0\"}', 0, '2020-08-24 08:55:03', '2020-08-25 02:49:52', NULL),
(25, '148996097', '148996097', NULL, NULL, 'linhclone12300@gmail.com', NULL, NULL, '{\"id_token\":\"eyJhbGciOiJSUzI1NiIsImtpZCI6IjQ3Mzc2MkU4MDI3QThGOTk5OTZENzExNDVBQTc3REE0QzI5MEY1NjkiLCJ0eXAiOiJKV1QiLCJ4NXQiOiJSemRpNkFKNmo1bVpiWEVVV3FkOXBNS1E5V2sifQ.eyJuYmYiOjE1OTg4Njg0OTksImV4cCI6MTU5ODg2ODc5OSwiaXNzIjoiaHR0cHM6Ly9pZC5lbGVnZW5kLmlvIiwiYXVkIjoiamFja3BvdC5lbGVnZW5kLmlvIiwiaWF0IjoxNTk4ODY4NDk5LCJhdF9oYXNoIjoid1FFNTNycWp3ekRiRThEc29ZamlTQSIsInNfaGFzaCI6InJJMnZtS3JwcHA0Z2tILTIwcXdnZmciLCJzaWQiOiJyVFBzR053a1NYU0pyMklfZGMxNkZnIiwic3ViIjoiMTQ4OTk2MDk3IiwiYXV0aF90aW1lIjoxNTk4ODY4NDk3LCJpZHAiOiJsb2NhbCIsImFtciI6WyJtZmEiXX0.m2LObVv6iqRSK0wscKW4YroziFN1yks1bsqko-vGeoEj2THdLY1qtyPzBi45VM9gPuWnwCTYGrw-dyO5aVDoIbXUZtpBd4qRAZWIBDbO1gvyxgUbpA5_TdCZBXQp3YARJbFBXncvfr2yY_WOfyKLtU-Tdj6qxw6_b8mD8gGSMTM4x9XPl7w51en6cEgu4XtVjl-EuVmU1lP6VF3UYL3SVgusMsJa9_uF-e_5CjNN4M52NkfZe-6UxiubraVqVhYj9K305-6UJ_GwxeZje5PfhDn_dQTF6tDwWtAw6-vW60aYDhst7unN1-fv8a-ePWIVO9Hdx2YKM8lvE6x-iVvDJw\",\"access_token\":\"eyJhbGciOiJSUzI1NiIsImtpZCI6IjQ3Mzc2MkU4MDI3QThGOTk5OTZENzExNDVBQTc3REE0QzI5MEY1NjkiLCJ0eXAiOiJhdCtqd3QiLCJ4NXQiOiJSemRpNkFKNmo1bVpiWEVVV3FkOXBNS1E5V2sifQ.eyJuYmYiOjE1OTg4Njg0OTksImV4cCI6MTU5ODg3MjA5OSwiaXNzIjoiaHR0cHM6Ly9pZC5lbGVnZW5kLmlvIiwiY2xpZW50X2lkIjoiamFja3BvdC5lbGVnZW5kLmlvIiwic3ViIjoiMTQ4OTk2MDk3IiwiYXV0aF90aW1lIjoxNTk4ODY4NDk3LCJpZHAiOiJsb2NhbCIsInNjb3BlIjpbIm9wZW5pZCIsInByb2ZpbGUiLCJvZmZsaW5lX2FjY2VzcyJdLCJhbXIiOlsibWZhIl19.aEAiflYpLJNQZno3Ioqyts27eP1-kVjIf3jJZ8vjeFtsusNFaGgIQ7W1jMmYbbavkY6MdPM4NGubDI-z0EdzuryUE2sG3nDTWh8E6Fe2pBASWclSbsPWRHaBOpFPJfWrCkg-MpaWsxWFoYm5cmh57eFvawJxtY-bo2jvTFwxIk3ZD-dH9NpQzcO2ObuayBIb8KEneR9BnArtHNBKD23DrbH4lEig7Sz61St-4EhYowAi-auZFGbFzAFhvwI3KREgWo9p99yWCAHNrIsn4UrCkrVF2cHe-6EENdkFk9KEKdjlXoQ9OOEaO8-h2vBrGS1-soa_2zFCgvO6F_nS5Ql2sA\",\"expires_in\":3600,\"token_type\":\"Bearer\",\"refresh_token\":\"g0py6Y7fd66QYTQGA3PxvZCxGJ6i94Xken4feWzANU0\",\"scope\":\"openid profile offline_access\"}', NULL, 3, 0, '{\"sub\":\"148996097\",\"AspNet.Identity.SecurityStamp\":\"O7AXZXF2HWXMCF4STEVVFB7K3QC7FFQJ\",\"preferred_username\":\"148996097\",\"name\":\"148996097\",\"email\":\"linhclone12300@gmail.com\",\"email_verified\":true,\"user_id\":\"148996097\",\"tenant_id\":\"UFvhMNdB0pZN9808HqpNV605NpRAaA6Eg6xD8mft\\/E1MaSCgpqLDIJ9XZhriUOp4\",\"phone_number\":\"\",\"address\":\"\",\"address_2\":\"\",\"first_name\":\"\",\"last_name\":\"\",\"city\":\"\",\"state\":\"\",\"country_code\":\"\",\"identity_number\":\"\",\"parent_id\":\"597061289\",\"date_of_birth\":\"\",\"hierarchy_path\":\"979494098\\/597061289\\/148996097\",\"phone_country_code\":\"\",\"full_phone_number\":\"\",\"email_confirmed\":\"True\",\"phone_number_confirmed\":\"False\",\"created_at\":\"1598322372\",\"updated_at\":\"1598322372\",\"authenticator_key\":\"RJey+Qn5YatPtjTfaaxodXGDQGer\\/9D2joHjQCvtAgLsa8iJbin9urvEvKurPbT4\",\"two_factor_enabled\":\"True\",\"kyc_level\":\"1\",\"security_updated_at\":\"1598347758\"}', 0, '2020-08-25 03:36:02', '2020-08-31 10:08:19', NULL),
(26, '597061289', '597061289', NULL, NULL, 'nguyenducgl0022@gmail.com', NULL, NULL, '{\"id_token\":\"eyJhbGciOiJSUzI1NiIsImtpZCI6IjQ3Mzc2MkU4MDI3QThGOTk5OTZENzExNDVBQTc3REE0QzI5MEY1NjkiLCJ0eXAiOiJKV1QiLCJ4NXQiOiJSemRpNkFKNmo1bVpiWEVVV3FkOXBNS1E5V2sifQ.eyJuYmYiOjE2MDA2NTYyNTIsImV4cCI6MTYwMDY1NjU1MiwiaXNzIjoiaHR0cHM6Ly9pZC5lbGVnZW5kLmlvIiwiYXVkIjoiamFja3BvdC5lbGVnZW5kLmlvIiwiaWF0IjoxNjAwNjU2MjUyLCJhdF9oYXNoIjoiODJKUWdWMkR2SzhGdW5NYllHRDVRZyIsInNfaGFzaCI6IkhpRVZYVGRHLXB3RmpsdVBOdVRVQ0EiLCJzaWQiOiJrQ0JzRXlfdnB3T2h6N2JKUm1WX1Z3Iiwic3ViIjoiNTk3MDYxMjg5IiwiYXV0aF90aW1lIjoxNjAwNjU2MjUxLCJpZHAiOiJsb2NhbCIsImFtciI6WyJwd2QiXX0.HnjA39c-DfPG_HcyCFqC66qR491mbPQiAqtwaHkSmNRvRfsKF5oqs27EwzHekAWcMsTSONjAL7wORsWmBf4pngyu7oFr9GJnUwTZRIuXkw1niF4YyvY2do81U3MrfGQ4gpJ6LuenX1wSAAGrPOvYZbhZ6IPPFvuCiV_DLyMu_4S4AJRQi7fhXB7UjobI88puqNtOrUNQaqLkp1s82_kMt-UxQP2LPIOSpUF218Cpwds0O98JJwXIjD4XlHhydNJpRCPf3gxWgx97uLXv_R9UWg9WkzQVSAY89GRkmMtTNf7YrgNkQLsRCrcN5bu86OShHX73ml0uC3UuqvMKz-0wOQ\",\"access_token\":\"eyJhbGciOiJSUzI1NiIsImtpZCI6IjQ3Mzc2MkU4MDI3QThGOTk5OTZENzExNDVBQTc3REE0QzI5MEY1NjkiLCJ0eXAiOiJhdCtqd3QiLCJ4NXQiOiJSemRpNkFKNmo1bVpiWEVVV3FkOXBNS1E5V2sifQ.eyJuYmYiOjE2MDA2NTYyNTIsImV4cCI6MTYwMDY1OTg1MiwiaXNzIjoiaHR0cHM6Ly9pZC5lbGVnZW5kLmlvIiwiY2xpZW50X2lkIjoiamFja3BvdC5lbGVnZW5kLmlvIiwic3ViIjoiNTk3MDYxMjg5IiwiYXV0aF90aW1lIjoxNjAwNjU2MjUxLCJpZHAiOiJsb2NhbCIsInNjb3BlIjpbIm9wZW5pZCIsInByb2ZpbGUiLCJvZmZsaW5lX2FjY2VzcyJdLCJhbXIiOlsicHdkIl19.KINHZVA-qusaZjL-RywkZiIVA0G7gdX6UuDSLXro5wFp-fPbJyv4zSr-nh4t6BEohmxsbwZ4Hv6NIKVYFXNS8ejOInggk5R2HvSTK3-P71c0ujBaqknolUAfff-SUbzyr6sykgs4XtFC-fTtX8BgbU-9R_w9QvUMh1qW7K1zg6Qt9lpuhhXqho8MKBfM355LYrD3mhk3pdWxMKS5hF5fb89fgz9Up257cLosYaiRiPwy9nQDMT0KKzRajKxrSw8MoL_CGHsJkjYC80bVK2ANhByugfQqRLl9PnoBB-g0MYNuc9Y80fBR_GZ5Ch0pXKF-0RYQ6xOIZksa2D6dLBwa9A\",\"expires_in\":3600,\"token_type\":\"Bearer\",\"refresh_token\":\"ethMRooHP763BIbJZRIXHGYUjZhDZ7zvePySW8fK9R0\",\"scope\":\"openid profile offline_access\"}', NULL, 3, 0, '{\"sub\":\"597061289\",\"AspNet.Identity.SecurityStamp\":\"UXQG4WNZQTE4XU5NTZEY52N2BJPRPN6I\",\"preferred_username\":\"597061289\",\"name\":\"597061289\",\"email\":\"nguyenducgl0022@gmail.com\",\"email_verified\":true,\"user_id\":\"597061289\",\"tenant_id\":\"UFvhMNdB0pZN9808HqpNV605NpRAaA6Eg6xD8mft\\/E1MaSCgpqLDIJ9XZhriUOp4\",\"phone_number\":\"\",\"address\":\"\",\"address_2\":\"\",\"first_name\":\"\",\"last_name\":\"\",\"city\":\"\",\"state\":\"\",\"country_code\":\"\",\"identity_number\":\"\",\"parent_id\":\"979494098\",\"date_of_birth\":\"\",\"hierarchy_path\":\"979494098\\/597061289\",\"phone_country_code\":\"\",\"full_phone_number\":\"\",\"email_confirmed\":\"True\",\"phone_number_confirmed\":\"False\",\"created_at\":\"1598322259\",\"updated_at\":\"1598322259\",\"authenticator_key\":\"\",\"two_factor_enabled\":\"False\",\"kyc_level\":\"0\",\"security_updated_at\":\"0\"}', 0, '2020-08-25 07:33:18', '2020-09-21 02:44:12', NULL),
(27, '979494098', '979494098', NULL, NULL, 'vlinh0909@gmail.com', NULL, NULL, '{\"id_token\":\"eyJhbGciOiJSUzI1NiIsImtpZCI6IjQ3Mzc2MkU4MDI3QThGOTk5OTZENzExNDVBQTc3REE0QzI5MEY1NjkiLCJ0eXAiOiJKV1QiLCJ4NXQiOiJSemRpNkFKNmo1bVpiWEVVV3FkOXBNS1E5V2sifQ.eyJuYmYiOjE2MDAwNzQ2MDQsImV4cCI6MTYwMDA3NDkwNCwiaXNzIjoiaHR0cHM6Ly9pZC5lbGVnZW5kLmlvIiwiYXVkIjoiamFja3BvdC5lbGVnZW5kLmlvIiwiaWF0IjoxNjAwMDc0NjA0LCJhdF9oYXNoIjoiVnduR0VnYTJRYnV1OTJJSldwYWU0USIsInNfaGFzaCI6IlU4NGlJRjdwZFJ4aGQtbmhsV19NOUEiLCJzaWQiOiI1Z09ESEwtU1huNUtLQV9sVzZOWXl3Iiwic3ViIjoiOTc5NDk0MDk4IiwiYXV0aF90aW1lIjoxNjAwMDc0NjAzLCJpZHAiOiJsb2NhbCIsImFtciI6WyJwd2QiXX0.RjTr0Ia4dfliBh_FAiCc6r_2S6fmWR0FA6dImBrjJoyI_V4azZJFiX9ofZI0_NWcYeSOYGWNsAMF_Q6Gdd5dPNuHyBMkNfuBcZUPHc-_VwsApLeZ4k1fnZT5Rtpoyv4nxIZQ6Dd8S_BBPe8UyRsxpndLKCUT2E7Vl8zEZdrP2eNM1YRgz-d4p7MySa05zyHJMuJnOCq5Q3ncuogy8FKpWq1x5hV8k4KC2mnX_7teCNToI1DCxnSqIwRMH4kHhUCaLbxhRpkVH1YDAyJv2ktIIhdhRnJZQfhEyNcE-Xszk6PbyFGcM4QqxDlt9G9woZcNEmDk2wN0WlV2WrlOi2qbEg\",\"access_token\":\"eyJhbGciOiJSUzI1NiIsImtpZCI6IjQ3Mzc2MkU4MDI3QThGOTk5OTZENzExNDVBQTc3REE0QzI5MEY1NjkiLCJ0eXAiOiJhdCtqd3QiLCJ4NXQiOiJSemRpNkFKNmo1bVpiWEVVV3FkOXBNS1E5V2sifQ.eyJuYmYiOjE2MDAwNzQ2MDQsImV4cCI6MTYwMDA3ODIwNCwiaXNzIjoiaHR0cHM6Ly9pZC5lbGVnZW5kLmlvIiwiY2xpZW50X2lkIjoiamFja3BvdC5lbGVnZW5kLmlvIiwic3ViIjoiOTc5NDk0MDk4IiwiYXV0aF90aW1lIjoxNjAwMDc0NjAzLCJpZHAiOiJsb2NhbCIsInNjb3BlIjpbIm9wZW5pZCIsInByb2ZpbGUiLCJvZmZsaW5lX2FjY2VzcyJdLCJhbXIiOlsicHdkIl19.YcuGTTM6IGT_7yVd6GW4EB_sL-iCLgvugiXan5ff3EyFgRndt92AA6n6qRR28vey-lLogf_SQtAitRByGd6ORb-wKQV1m8rK_-XBFFl1KsuBtm0WxO4IWQAqF6UXU8jLulpH4W_UuHrNvqLuHpd-1gPoyGiW5w8Prw4KOOd-L8WHv2OibAS26Cwdlb7jIQEkyDikcLShlHzUagGOKEEMOxNFySsb57m82jjF4ck328qHHVvpytg1UP6m9T884HN_ah1zs0QgGUcfbLv2qAKGCUekhBuL-z80dIx1bZf0RdmixLa7pzS11dDewR1YWG-ySw4Im5j-7ry_eHsy5ZLpAQ\",\"expires_in\":3600,\"token_type\":\"Bearer\",\"refresh_token\":\"FFLig6T4Svj0XRxlWvyrWwcoIirK8nkjDDlSQyXVie4\",\"scope\":\"openid profile offline_access\"}', NULL, 3, 0, '{\"sub\":\"979494098\",\"AspNet.Identity.SecurityStamp\":\"DLAYISQKOPOARKY76TO4P7L6MCYQRZXE\",\"preferred_username\":\"979494098\",\"name\":\"979494098\",\"email\":\"vlinh0909@gmail.com\",\"email_verified\":true,\"user_id\":\"979494098\",\"tenant_id\":\"UFvhMNdB0pZN9808HqpNV605NpRAaA6Eg6xD8mft\\/E1MaSCgpqLDIJ9XZhriUOp4\",\"phone_number\":\"\",\"address\":\"\",\"address_2\":\"\",\"first_name\":\"\",\"last_name\":\"\",\"city\":\"\",\"state\":\"\",\"country_code\":\"\",\"identity_number\":\"\",\"parent_id\":\"\",\"date_of_birth\":\"\",\"hierarchy_path\":\"979494098\",\"phone_country_code\":\"\",\"full_phone_number\":\"\",\"email_confirmed\":\"True\",\"phone_number_confirmed\":\"False\",\"created_at\":\"1593760534\",\"updated_at\":\"1593760534\",\"authenticator_key\":\"\",\"two_factor_enabled\":\"False\",\"kyc_level\":\"0\",\"security_updated_at\":\"0\"}', 0, '2020-08-28 09:02:19', '2020-09-14 09:10:22', NULL);

-- --------------------------------------------------------

--
-- Table structure for table `user_setting`
--

CREATE TABLE `user_setting` (
  `id` bigint(20) UNSIGNED NOT NULL,
  `uid` bigint(20) UNSIGNED NOT NULL,
  `setting_code` varchar(50) CHARACTER SET utf8mb4 COLLATE utf8mb4_unicode_ci NOT NULL,
  `value` text CHARACTER SET utf8mb4 COLLATE utf8mb4_unicode_ci NOT NULL,
  `created_at` timestamp NOT NULL DEFAULT CURRENT_TIMESTAMP
) ENGINE=InnoDB DEFAULT CHARSET=utf8mb4 COLLATE=utf8mb4_unicode_ci;

--
-- Dumping data for table `user_setting`
--

INSERT INTO `user_setting` (`id`, `uid`, `setting_code`, `value`, `created_at`) VALUES
(1, 1, 'time_format', 'H:i:s d/m/Y', '2020-07-13 10:55:10'),
(2, 1, 'site_language', 'en', '2020-07-13 10:55:10'),
(3, 5, 'site_language', 'en', '2020-07-16 02:29:39'),
(4, 7, 'site_language', 'en', '2020-07-17 09:02:50'),
(5, 10, 'site_language', 'en', '2020-07-17 10:16:47'),
(6, 9, 'site_language', 'en', '2020-07-23 09:00:52'),
(7, 11, 'site_language', 'en', '2020-07-27 06:02:25'),
(8, 13, 'site_language', 'en', '2020-07-28 07:13:44'),
(9, 2, 'site_language', 'en', '2020-07-28 07:26:48'),
(10, 14, 'site_language', 'en', '2020-07-28 07:56:09'),
(11, 15, 'site_language', 'en', '2020-07-29 03:24:25');

-- --------------------------------------------------------

--
-- Table structure for table `vaults`
--

CREATE TABLE `vaults` (
  `id` bigint(20) UNSIGNED NOT NULL,
  `game_code` varchar(255) CHARACTER SET utf8mb4 COLLATE utf8mb4_unicode_ci NOT NULL,
  `game_config_id` bigint(20) UNSIGNED NOT NULL,
  `value` double NOT NULL,
  `deleted_at` timestamp NULL DEFAULT NULL,
  `created_at` timestamp NULL DEFAULT NULL,
  `updated_at` timestamp NULL DEFAULT NULL
) ENGINE=InnoDB DEFAULT CHARSET=utf8mb4 COLLATE=utf8mb4_unicode_ci;

--
-- Dumping data for table `vaults`
--

INSERT INTO `vaults` (`id`, `game_code`, `game_config_id`, `value`, `deleted_at`, `created_at`, `updated_at`) VALUES
(90, '5x36', 1, 0, NULL, NULL, NULL),
(91, '5x36', 2, 0, NULL, NULL, NULL),
(92, '5x36', 3, 0, NULL, NULL, NULL),
(93, '5x36', 4, 0, NULL, NULL, NULL),
(94, '5x36', 1, 0.7, NULL, '2020-07-15 04:05:44', '2020-07-15 04:05:44'),
(95, '5x36', 2, 0.2, NULL, '2020-07-15 04:05:44', '2020-07-15 04:05:44'),
(96, '5x36', 3, 0.07, NULL, '2020-07-15 04:05:44', '2020-07-15 04:05:44'),
(97, '5x36', 4, 0.03, NULL, '2020-07-15 04:05:44', '2020-07-15 04:05:44'),
(98, '5x36', 1, 2.0999999999999996, NULL, '2020-07-15 04:06:02', '2020-07-15 04:06:02'),
(99, '5x36', 2, 0.6000000000000001, NULL, '2020-07-15 04:06:02', '2020-07-15 04:06:02'),
(100, '5x36', 3, 0.21000000000000002, NULL, '2020-07-15 04:06:02', '2020-07-15 04:06:02'),
(101, '5x36', 4, 0.09, NULL, '2020-07-15 04:06:02', '2020-07-15 04:06:02'),
(102, '5x36', 1, 4.199999999999999, NULL, '2020-07-15 04:06:09', '2020-07-15 04:06:09'),
(103, '5x36', 2, 1.2000000000000002, NULL, '2020-07-15 04:06:09', '2020-07-15 04:06:09'),
(104, '5x36', 3, 0.42000000000000004, NULL, '2020-07-15 04:06:09', '2020-07-15 04:06:09'),
(105, '5x36', 4, 0.18, NULL, '2020-07-15 04:06:09', '2020-07-15 04:06:09'),
(106, '5x36', 1, 4.8999999999999995, NULL, '2020-07-15 04:06:25', '2020-07-15 04:06:25'),
(107, '5x36', 2, 1.4000000000000001, NULL, '2020-07-15 04:06:25', '2020-07-15 04:06:25'),
(108, '5x36', 3, 0.49000000000000005, NULL, '2020-07-15 04:06:25', '2020-07-15 04:06:25'),
(109, '5x36', 4, 0.21, NULL, '2020-07-15 04:06:25', '2020-07-15 04:06:25'),
(110, '5x36', 1, 7, NULL, '2020-07-15 04:06:54', '2020-07-15 04:06:54'),
(111, '5x36', 2, 2, NULL, '2020-07-15 04:06:54', '2020-07-15 04:06:54'),
(112, '5x36', 3, 0.7000000000000001, NULL, '2020-07-15 04:06:54', '2020-07-15 04:06:54'),
(113, '5x36', 4, 0.3, NULL, '2020-07-15 04:06:54', '2020-07-15 04:06:54'),
(114, '5x36', 1, 7.7, NULL, '2020-07-15 04:22:32', '2020-07-15 04:22:32'),
(115, '5x36', 2, 2.2, NULL, '2020-07-15 04:22:32', '2020-07-15 04:22:32'),
(116, '5x36', 3, 0.77, NULL, '2020-07-15 04:22:32', '2020-07-15 04:22:32'),
(117, '5x36', 4, 0.32999999999999996, NULL, '2020-07-15 04:22:32', '2020-07-15 04:22:32'),
(118, '5x36', 4, 0.03, NULL, '2020-07-16 06:59:00', '2020-07-16 06:59:00'),
(119, '5x36', 1, 8.4, NULL, '2020-07-16 07:10:00', '2020-07-16 07:10:00'),
(120, '5x36', 2, 2.4000000000000004, NULL, '2020-07-16 07:10:00', '2020-07-16 07:10:00'),
(121, '5x36', 3, 0.8400000000000001, NULL, '2020-07-16 07:10:00', '2020-07-16 07:10:00'),
(122, '5x36', 4, 0.06, NULL, '2020-07-16 07:10:00', '2020-07-16 07:10:00'),
(123, '5x36', 1, 10.5, NULL, '2020-07-16 09:21:11', '2020-07-16 09:21:11'),
(124, '5x36', 2, 3.0000000000000004, NULL, '2020-07-16 09:21:11', '2020-07-16 09:21:11'),
(125, '5x36', 3, 1.05, NULL, '2020-07-16 09:21:11', '2020-07-16 09:21:11'),
(126, '5x36', 4, 0.15, NULL, '2020-07-16 09:21:11', '2020-07-16 09:21:11'),
(127, '5x36', 1, 12.6, NULL, '2020-07-16 10:20:09', '2020-07-16 10:20:09'),
(128, '5x36', 2, 3.6000000000000005, NULL, '2020-07-16 10:20:09', '2020-07-16 10:20:09'),
(129, '5x36', 3, 1.26, NULL, '2020-07-16 10:20:09', '2020-07-16 10:20:09'),
(130, '5x36', 4, 0.24, NULL, '2020-07-16 10:20:09', '2020-07-16 10:20:09'),
(131, '5x36', 1, 13.299999999999999, NULL, '2020-07-16 10:23:27', '2020-07-16 10:23:27'),
(132, '5x36', 2, 3.8000000000000007, NULL, '2020-07-16 10:23:27', '2020-07-16 10:23:27'),
(133, '5x36', 3, 1.33, NULL, '2020-07-16 10:23:27', '2020-07-16 10:23:27'),
(134, '5x36', 4, 0.27, NULL, '2020-07-16 10:23:27', '2020-07-16 10:23:27'),
(135, '5x36', 1, 13.999999999999998, NULL, '2020-07-16 10:57:08', '2020-07-16 10:57:08'),
(136, '5x36', 2, 4.000000000000001, NULL, '2020-07-16 10:57:08', '2020-07-16 10:57:08'),
(137, '5x36', 3, 1.4000000000000001, NULL, '2020-07-16 10:57:08', '2020-07-16 10:57:08'),
(138, '5x36', 4, 0.30000000000000004, NULL, '2020-07-16 10:57:08', '2020-07-16 10:57:08'),
(139, '5x36', 1, 14.699999999999998, NULL, '2020-07-16 11:00:34', '2020-07-16 11:00:34'),
(140, '5x36', 2, 4.200000000000001, NULL, '2020-07-16 11:00:34', '2020-07-16 11:00:34'),
(141, '5x36', 3, 1.4700000000000002, NULL, '2020-07-16 11:00:34', '2020-07-16 11:00:34'),
(142, '5x36', 4, 0.33000000000000007, NULL, '2020-07-16 11:00:34', '2020-07-16 11:00:34'),
(143, '5x36', 1, 15.399999999999997, NULL, '2020-07-16 11:06:05', '2020-07-16 11:06:05'),
(144, '5x36', 2, 4.400000000000001, NULL, '2020-07-16 11:06:05', '2020-07-16 11:06:05'),
(145, '5x36', 3, 1.5400000000000003, NULL, '2020-07-16 11:06:05', '2020-07-16 11:06:05'),
(146, '5x36', 4, 0.3600000000000001, NULL, '2020-07-16 11:06:05', '2020-07-16 11:06:05'),
(147, '5x36', 1, 16.099999999999998, NULL, '2020-07-16 11:07:02', '2020-07-16 11:07:02'),
(148, '5x36', 2, 4.600000000000001, NULL, '2020-07-16 11:07:02', '2020-07-16 11:07:02'),
(149, '5x36', 3, 1.6100000000000003, NULL, '2020-07-16 11:07:02', '2020-07-16 11:07:02'),
(150, '5x36', 4, 0.3900000000000001, NULL, '2020-07-16 11:07:02', '2020-07-16 11:07:02'),
(151, '5x36', 1, 16.799999999999997, NULL, '2020-07-16 04:09:00', '2020-07-16 04:09:00'),
(152, '5x36', 2, 4.800000000000002, NULL, '2020-07-16 04:09:00', '2020-07-16 04:09:00'),
(153, '5x36', 3, 1.6800000000000004, NULL, '2020-07-16 04:09:00', '2020-07-16 04:09:00'),
(154, '5x36', 4, 0.42000000000000015, NULL, '2020-07-16 04:09:00', '2020-07-16 04:09:00'),
(155, '5x36', 1, 18.2, NULL, '2020-07-16 07:01:45', '2020-07-16 07:01:45'),
(156, '5x36', 2, 5.200000000000001, NULL, '2020-07-16 07:01:45', '2020-07-16 07:01:45'),
(157, '5x36', 3, 1.8200000000000003, NULL, '2020-07-16 07:01:45', '2020-07-16 07:01:45'),
(158, '5x36', 4, 0.4800000000000001, NULL, '2020-07-16 07:01:45', '2020-07-16 07:01:45'),
(159, '5x36', 1, 18.2, NULL, '2020-07-16 07:18:57', '2020-07-16 07:18:57'),
(160, '5x36', 2, 5.200000000000001, NULL, '2020-07-16 07:18:57', '2020-07-16 07:18:57'),
(161, '5x36', 3, 1.8200000000000003, NULL, '2020-07-16 07:18:57', '2020-07-16 07:18:57'),
(162, '5x36', 4, 0.4800000000000001, NULL, '2020-07-16 07:18:57', '2020-07-16 07:18:57'),
(163, '5x36', 1, 16.799999999999997, NULL, '2020-07-17 00:10:00', '2020-07-17 00:10:00'),
(164, '5x36', 2, 4.800000000000002, NULL, '2020-07-17 00:10:00', '2020-07-17 00:10:00'),
(165, '5x36', 3, 1.6800000000000004, NULL, '2020-07-17 00:10:00', '2020-07-17 00:10:00'),
(166, '5x36', 4, 0.42000000000000015, NULL, '2020-07-17 00:10:00', '2020-07-17 00:10:00'),
(167, '5x36', 1, 17.499999999999996, NULL, '2020-07-17 01:55:07', '2020-07-17 01:55:07'),
(168, '5x36', 2, 5.000000000000002, NULL, '2020-07-17 01:55:07', '2020-07-17 01:55:07'),
(169, '5x36', 3, 1.7500000000000004, NULL, '2020-07-17 01:55:07', '2020-07-17 01:55:07'),
(170, '5x36', 4, 0.4500000000000002, NULL, '2020-07-17 01:55:07', '2020-07-17 01:55:07'),
(171, '5x36', 1, 18.899999999999995, NULL, '2020-07-17 03:16:01', '2020-07-17 03:16:01'),
(172, '5x36', 2, 5.400000000000002, NULL, '2020-07-17 03:16:01', '2020-07-17 03:16:01'),
(173, '5x36', 3, 1.8900000000000006, NULL, '2020-07-17 03:16:01', '2020-07-17 03:16:01'),
(174, '5x36', 4, 0.5100000000000002, NULL, '2020-07-17 03:16:01', '2020-07-17 03:16:01'),
(175, '5x36', 1, 19.599999999999994, NULL, '2020-07-17 03:49:05', '2020-07-17 03:49:05'),
(176, '5x36', 2, 5.600000000000002, NULL, '2020-07-17 03:49:05', '2020-07-17 03:49:05'),
(177, '5x36', 3, 1.9600000000000006, NULL, '2020-07-17 03:49:05', '2020-07-17 03:49:05'),
(178, '5x36', 4, 0.5400000000000003, NULL, '2020-07-17 03:49:05', '2020-07-17 03:49:05'),
(179, '5x36', 1, 21.699999999999996, NULL, '2020-07-17 04:34:19', '2020-07-17 04:34:19'),
(180, '5x36', 2, 6.200000000000002, NULL, '2020-07-17 04:34:19', '2020-07-17 04:34:19'),
(181, '5x36', 3, 2.170000000000001, NULL, '2020-07-17 04:34:19', '2020-07-17 04:34:19'),
(182, '5x36', 4, 0.6300000000000002, NULL, '2020-07-17 04:34:19', '2020-07-17 04:34:19'),
(183, '5x36', 1, 25.899999999999995, NULL, '2020-07-17 09:36:30', '2020-07-17 09:36:30'),
(184, '5x36', 2, 7.400000000000002, NULL, '2020-07-17 09:36:30', '2020-07-17 09:36:30'),
(185, '5x36', 3, 2.5900000000000007, NULL, '2020-07-17 09:36:30', '2020-07-17 09:36:30'),
(186, '5x36', 4, 0.8100000000000003, NULL, '2020-07-17 09:36:30', '2020-07-17 09:36:30'),
(187, '5x36', 1, 26.599999999999994, NULL, '2020-07-17 10:05:15', '2020-07-17 10:05:15'),
(188, '5x36', 2, 7.600000000000002, NULL, '2020-07-17 10:05:15', '2020-07-17 10:05:15'),
(189, '5x36', 3, 2.6600000000000006, NULL, '2020-07-17 10:05:15', '2020-07-17 10:05:15'),
(190, '5x36', 4, 0.8400000000000003, NULL, '2020-07-17 10:05:15', '2020-07-17 10:05:15'),
(191, '5x36', 1, 26.599999999999994, NULL, '2020-07-17 10:05:19', '2020-07-17 10:05:19'),
(192, '5x36', 2, 7.600000000000002, NULL, '2020-07-17 10:05:19', '2020-07-17 10:05:19'),
(193, '5x36', 3, 2.6600000000000006, NULL, '2020-07-17 10:05:19', '2020-07-17 10:05:19'),
(194, '5x36', 4, 0.8400000000000003, NULL, '2020-07-17 10:05:19', '2020-07-17 10:05:19'),
(195, '5x36', 1, 27.299999999999994, NULL, '2020-07-17 10:05:20', '2020-07-17 10:05:20'),
(196, '5x36', 2, 7.8000000000000025, NULL, '2020-07-17 10:05:20', '2020-07-17 10:05:20'),
(197, '5x36', 3, 2.7300000000000004, NULL, '2020-07-17 10:05:20', '2020-07-17 10:05:20'),
(198, '5x36', 4, 0.8700000000000003, NULL, '2020-07-17 10:05:20', '2020-07-17 10:05:20'),
(199, '5x36', 1, 49.69999999999999, NULL, '2020-07-17 10:16:33', '2020-07-17 10:16:33'),
(200, '5x36', 2, 14.200000000000003, NULL, '2020-07-17 10:16:33', '2020-07-17 10:16:33'),
(201, '5x36', 3, 4.970000000000001, NULL, '2020-07-17 10:16:33', '2020-07-17 10:16:33'),
(202, '5x36', 4, 1.8300000000000003, NULL, '2020-07-17 10:16:33', '2020-07-17 10:16:33'),
(203, '5x36', 1, 50.39999999999999, NULL, '2020-07-18 00:10:00', '2020-07-18 00:10:00'),
(204, '5x36', 2, 14.400000000000002, NULL, '2020-07-18 00:10:00', '2020-07-18 00:10:00'),
(205, '5x36', 3, 5.040000000000001, NULL, '2020-07-18 00:10:00', '2020-07-18 00:10:00'),
(206, '5x36', 4, 1.8600000000000003, NULL, '2020-07-18 00:10:00', '2020-07-18 00:10:00'),
(207, '5x36', 1, 51.099999999999994, NULL, '2020-07-18 00:10:00', '2020-07-18 00:10:00'),
(208, '5x36', 2, 14.600000000000001, NULL, '2020-07-18 00:10:00', '2020-07-18 00:10:00'),
(209, '5x36', 3, 5.110000000000001, NULL, '2020-07-18 00:10:00', '2020-07-18 00:10:00'),
(210, '5x36', 4, 1.8900000000000003, NULL, '2020-07-18 00:10:00', '2020-07-18 00:10:00'),
(211, '5x36', 1, 51.099999999999994, NULL, '2020-07-18 00:10:00', '2020-07-18 00:10:00'),
(212, '5x36', 2, 14.600000000000001, NULL, '2020-07-18 00:10:00', '2020-07-18 00:10:00'),
(213, '5x36', 3, 5.110000000000001, NULL, '2020-07-18 00:10:00', '2020-07-18 00:10:00'),
(214, '5x36', 4, 1.8900000000000003, NULL, '2020-07-18 00:10:00', '2020-07-18 00:10:00'),
(215, '5x36', 1, 51.099999999999994, NULL, '2020-07-18 00:10:00', '2020-07-18 00:10:00'),
(216, '5x36', 2, 14.600000000000001, NULL, '2020-07-18 00:10:00', '2020-07-18 00:10:00'),
(217, '5x36', 3, 5.110000000000001, NULL, '2020-07-18 00:10:00', '2020-07-18 00:10:00'),
(218, '5x36', 4, 1.8900000000000003, NULL, '2020-07-18 00:10:00', '2020-07-18 00:10:00'),
(219, '5x36', 1, 51.099999999999994, NULL, '2020-07-18 00:10:00', '2020-07-18 00:10:00'),
(220, '5x36', 2, 14.600000000000001, NULL, '2020-07-18 00:10:00', '2020-07-18 00:10:00'),
(221, '5x36', 3, 5.110000000000001, NULL, '2020-07-18 00:10:00', '2020-07-18 00:10:00'),
(222, '5x36', 4, 1.8900000000000003, NULL, '2020-07-18 00:10:00', '2020-07-18 00:10:00'),
(223, '5x36', 1, 51.099999999999994, NULL, '2020-07-19 00:10:00', '2020-07-19 00:10:00'),
(224, '5x36', 2, 14.600000000000001, NULL, '2020-07-19 00:10:00', '2020-07-19 00:10:00'),
(225, '5x36', 3, 5.110000000000001, NULL, '2020-07-19 00:10:00', '2020-07-19 00:10:00'),
(226, '5x36', 4, 1.8900000000000003, NULL, '2020-07-19 00:10:00', '2020-07-19 00:10:00'),
(227, '5x36', 1, 51.8, NULL, '2020-07-19 00:10:00', '2020-07-19 00:10:00'),
(228, '5x36', 2, 14.8, NULL, '2020-07-19 00:10:00', '2020-07-19 00:10:00'),
(229, '5x36', 3, 5.1800000000000015, NULL, '2020-07-19 00:10:00', '2020-07-19 00:10:00'),
(230, '5x36', 4, 1.9200000000000004, NULL, '2020-07-19 00:10:00', '2020-07-19 00:10:00'),
(231, '5x36', 1, 51.8, NULL, '2020-07-19 00:10:00', '2020-07-19 00:10:00'),
(232, '5x36', 2, 14.8, NULL, '2020-07-19 00:10:00', '2020-07-19 00:10:00'),
(233, '5x36', 3, 5.1800000000000015, NULL, '2020-07-19 00:10:00', '2020-07-19 00:10:00'),
(234, '5x36', 4, 1.9200000000000004, NULL, '2020-07-19 00:10:00', '2020-07-19 00:10:00'),
(235, '5x36', 1, 51.8, NULL, '2020-07-19 00:10:00', '2020-07-19 00:10:00'),
(236, '5x36', 2, 14.8, NULL, '2020-07-19 00:10:00', '2020-07-19 00:10:00'),
(237, '5x36', 3, 5.1800000000000015, NULL, '2020-07-19 00:10:00', '2020-07-19 00:10:00'),
(238, '5x36', 4, 1.9200000000000004, NULL, '2020-07-19 00:10:00', '2020-07-19 00:10:00'),
(239, '5x36', 1, 51.8, NULL, '2020-07-19 00:10:00', '2020-07-19 00:10:00'),
(240, '5x36', 2, 14.8, NULL, '2020-07-19 00:10:00', '2020-07-19 00:10:00'),
(241, '5x36', 3, 5.1800000000000015, NULL, '2020-07-19 00:10:00', '2020-07-19 00:10:00'),
(242, '5x36', 4, 1.9200000000000004, NULL, '2020-07-19 00:10:00', '2020-07-19 00:10:00'),
(243, '5x36', 1, 51.8, NULL, '2020-07-20 00:10:00', '2020-07-20 00:10:00'),
(244, '5x36', 2, 14.8, NULL, '2020-07-20 00:10:00', '2020-07-20 00:10:00'),
(245, '5x36', 3, 5.1800000000000015, NULL, '2020-07-20 00:10:00', '2020-07-20 00:10:00'),
(246, '5x36', 4, 1.9200000000000004, NULL, '2020-07-20 00:10:00', '2020-07-20 00:10:00'),
(247, '5x36', 1, 52.5, NULL, '2020-07-20 00:10:00', '2020-07-20 00:10:00'),
(248, '5x36', 2, 15, NULL, '2020-07-20 00:10:00', '2020-07-20 00:10:00'),
(249, '5x36', 3, 5.250000000000002, NULL, '2020-07-20 00:10:00', '2020-07-20 00:10:00'),
(250, '5x36', 4, 1.9500000000000004, NULL, '2020-07-20 00:10:00', '2020-07-20 00:10:00'),
(251, '5x36', 1, 52.5, NULL, '2020-07-20 00:10:00', '2020-07-20 00:10:00'),
(252, '5x36', 2, 15, NULL, '2020-07-20 00:10:00', '2020-07-20 00:10:00'),
(253, '5x36', 3, 5.250000000000002, NULL, '2020-07-20 00:10:00', '2020-07-20 00:10:00'),
(254, '5x36', 4, 1.9500000000000004, NULL, '2020-07-20 00:10:00', '2020-07-20 00:10:00'),
(255, '5x36', 1, 52.5, NULL, '2020-07-20 00:10:00', '2020-07-20 00:10:00'),
(256, '5x36', 2, 15, NULL, '2020-07-20 00:10:00', '2020-07-20 00:10:00'),
(257, '5x36', 3, 5.250000000000002, NULL, '2020-07-20 00:10:00', '2020-07-20 00:10:00'),
(258, '5x36', 4, 1.9500000000000004, NULL, '2020-07-20 00:10:00', '2020-07-20 00:10:00'),
(259, '5x36', 1, 52.5, NULL, '2020-07-20 00:10:00', '2020-07-20 00:10:00'),
(260, '5x36', 2, 15.2, NULL, '2020-07-20 00:10:00', '2020-07-20 00:10:00'),
(261, '5x36', 3, 5.320000000000002, NULL, '2020-07-20 00:10:00', '2020-07-20 00:10:00'),
(262, '5x36', 4, 1.9800000000000004, NULL, '2020-07-20 00:10:00', '2020-07-20 00:10:00'),
(263, '5x36', 1, 53.2, NULL, '2020-07-20 08:32:10', '2020-07-20 08:32:10'),
(264, '5x36', 2, 15.2, NULL, '2020-07-20 08:32:10', '2020-07-20 08:32:10'),
(265, '5x36', 3, 5.320000000000002, NULL, '2020-07-20 08:32:10', '2020-07-20 08:32:10'),
(266, '5x36', 4, 1.9800000000000004, NULL, '2020-07-20 08:32:10', '2020-07-20 08:32:10'),
(267, '5x36', 1, 55.300000000000004, NULL, '2020-07-20 08:45:42', '2020-07-20 08:45:42'),
(268, '5x36', 2, 15.799999999999999, NULL, '2020-07-20 08:45:42', '2020-07-20 08:45:42'),
(269, '5x36', 3, 5.530000000000002, NULL, '2020-07-20 08:45:42', '2020-07-20 08:45:42'),
(270, '5x36', 4, 2.0700000000000003, NULL, '2020-07-20 08:45:42', '2020-07-20 08:45:42'),
(271, '5x36', 1, 56.00000000000001, NULL, '2020-07-21 00:10:00', '2020-07-21 00:10:00'),
(272, '5x36', 2, 15.999999999999998, NULL, '2020-07-21 00:10:00', '2020-07-21 00:10:00'),
(273, '5x36', 3, 5.600000000000002, NULL, '2020-07-21 00:10:00', '2020-07-21 00:10:00'),
(274, '5x36', 4, 2.1, NULL, '2020-07-21 00:10:00', '2020-07-21 00:10:00'),
(275, '5x36', 1, 56.70000000000001, NULL, '2020-07-21 00:10:00', '2020-07-21 00:10:00'),
(276, '5x36', 2, 16.2, NULL, '2020-07-21 00:10:00', '2020-07-21 00:10:00'),
(277, '5x36', 3, 5.670000000000003, NULL, '2020-07-21 00:10:00', '2020-07-21 00:10:00'),
(278, '5x36', 4, 2.13, NULL, '2020-07-21 00:10:00', '2020-07-21 00:10:00'),
(279, '5x36', 1, 56.70000000000001, NULL, '2020-07-21 00:10:00', '2020-07-21 00:10:00'),
(280, '5x36', 2, 16.2, NULL, '2020-07-21 00:10:00', '2020-07-21 00:10:00'),
(281, '5x36', 3, 5.670000000000003, NULL, '2020-07-21 00:10:00', '2020-07-21 00:10:00'),
(282, '5x36', 4, 2.13, NULL, '2020-07-21 00:10:00', '2020-07-21 00:10:00'),
(283, '5x36', 1, 56.70000000000001, NULL, '2020-07-21 00:10:00', '2020-07-21 00:10:00'),
(284, '5x36', 2, 16.2, NULL, '2020-07-21 00:10:00', '2020-07-21 00:10:00'),
(285, '5x36', 3, 5.670000000000003, NULL, '2020-07-21 00:10:00', '2020-07-21 00:10:00'),
(286, '5x36', 4, 2.13, NULL, '2020-07-21 00:10:00', '2020-07-21 00:10:00'),
(287, '5x36', 1, 56.70000000000001, NULL, '2020-07-21 00:10:00', '2020-07-21 00:10:00'),
(288, '5x36', 2, 16.2, NULL, '2020-07-21 00:10:00', '2020-07-21 00:10:00'),
(289, '5x36', 3, 5.670000000000003, NULL, '2020-07-21 00:10:00', '2020-07-21 00:10:00'),
(290, '5x36', 4, 2.13, NULL, '2020-07-21 00:10:00', '2020-07-21 00:10:00'),
(291, '5x36', 1, 56.70000000000001, NULL, '2020-07-21 04:41:28', '2020-07-21 04:41:28'),
(292, '5x36', 2, 16.2, NULL, '2020-07-21 04:41:28', '2020-07-21 04:41:28'),
(293, '5x36', 3, 5.670000000000003, NULL, '2020-07-21 04:41:28', '2020-07-21 04:41:28'),
(294, '5x36', 4, 2.13, NULL, '2020-07-21 04:41:28', '2020-07-21 04:41:28'),
(295, '5x36', 1, 57.40000000000001, NULL, '2020-07-22 00:10:00', '2020-07-22 00:10:00'),
(296, '5x36', 2, 16.4, NULL, '2020-07-22 00:10:00', '2020-07-22 00:10:00'),
(297, '5x36', 3, 5.740000000000003, NULL, '2020-07-22 00:10:00', '2020-07-22 00:10:00'),
(298, '5x36', 4, 2.1599999999999997, NULL, '2020-07-22 00:10:00', '2020-07-22 00:10:00'),
(299, '5x36', 1, 58.100000000000016, NULL, '2020-07-22 00:10:00', '2020-07-22 00:10:00'),
(300, '5x36', 2, 16.599999999999998, NULL, '2020-07-22 00:10:00', '2020-07-22 00:10:00'),
(301, '5x36', 3, 5.810000000000003, NULL, '2020-07-22 00:10:00', '2020-07-22 00:10:00'),
(302, '5x36', 4, 2.1899999999999995, NULL, '2020-07-22 00:10:00', '2020-07-22 00:10:00'),
(303, '5x36', 1, 58.100000000000016, NULL, '2020-07-22 00:10:00', '2020-07-22 00:10:00'),
(304, '5x36', 2, 16.599999999999998, NULL, '2020-07-22 00:10:00', '2020-07-22 00:10:00'),
(305, '5x36', 3, 5.810000000000003, NULL, '2020-07-22 00:10:00', '2020-07-22 00:10:00'),
(306, '5x36', 4, 2.1899999999999995, NULL, '2020-07-22 00:10:00', '2020-07-22 00:10:00'),
(307, '5x36', 1, 58.100000000000016, NULL, '2020-07-22 00:10:00', '2020-07-22 00:10:00'),
(308, '5x36', 2, 16.599999999999998, NULL, '2020-07-22 00:10:00', '2020-07-22 00:10:00'),
(309, '5x36', 3, 5.810000000000003, NULL, '2020-07-22 00:10:00', '2020-07-22 00:10:00'),
(310, '5x36', 4, 2.1899999999999995, NULL, '2020-07-22 00:10:00', '2020-07-22 00:10:00'),
(311, '5x36', 1, 58.100000000000016, NULL, '2020-07-22 18:50:46', '2020-07-22 18:50:46'),
(312, '5x36', 2, 16.599999999999998, NULL, '2020-07-22 18:50:46', '2020-07-22 18:50:46'),
(313, '5x36', 3, 5.810000000000003, NULL, '2020-07-22 18:50:46', '2020-07-22 18:50:46'),
(314, '5x36', 4, 2.1899999999999995, NULL, '2020-07-22 18:50:46', '2020-07-22 18:50:46'),
(315, '5x36', 1, 58.80000000000002, NULL, '2020-07-23 00:10:00', '2020-07-23 00:10:00'),
(316, '5x36', 2, 16.799999999999997, NULL, '2020-07-23 00:10:00', '2020-07-23 00:10:00'),
(317, '5x36', 3, 5.8800000000000034, NULL, '2020-07-23 00:10:00', '2020-07-23 00:10:00'),
(318, '5x36', 4, 2.2199999999999993, NULL, '2020-07-23 00:10:00', '2020-07-23 00:10:00'),
(319, '5x36', 1, 59.50000000000002, NULL, '2020-07-23 00:10:00', '2020-07-23 00:10:00'),
(320, '5x36', 2, 16.999999999999996, NULL, '2020-07-23 00:10:00', '2020-07-23 00:10:00'),
(321, '5x36', 3, 5.950000000000004, NULL, '2020-07-23 00:10:00', '2020-07-23 00:10:00'),
(322, '5x36', 4, 2.249999999999999, NULL, '2020-07-23 00:10:00', '2020-07-23 00:10:00'),
(323, '5x36', 1, 59.50000000000002, NULL, '2020-07-23 00:10:00', '2020-07-23 00:10:00'),
(324, '5x36', 2, 16.999999999999996, NULL, '2020-07-23 00:10:00', '2020-07-23 00:10:00'),
(325, '5x36', 3, 5.950000000000004, NULL, '2020-07-23 00:10:00', '2020-07-23 00:10:00'),
(326, '5x36', 4, 2.249999999999999, NULL, '2020-07-23 00:10:00', '2020-07-23 00:10:00'),
(327, '5x36', 1, 59.50000000000002, NULL, '2020-07-23 00:10:00', '2020-07-23 00:10:00'),
(328, '5x36', 2, 16.999999999999996, NULL, '2020-07-23 00:10:00', '2020-07-23 00:10:00'),
(329, '5x36', 3, 5.950000000000004, NULL, '2020-07-23 00:10:00', '2020-07-23 00:10:00'),
(330, '5x36', 4, 2.249999999999999, NULL, '2020-07-23 00:10:00', '2020-07-23 00:10:00'),
(331, '5x36', 1, 59.50000000000002, NULL, '2020-07-23 00:10:00', '2020-07-23 00:10:00'),
(332, '5x36', 2, 16.999999999999996, NULL, '2020-07-23 00:10:00', '2020-07-23 00:10:00'),
(333, '5x36', 3, 5.950000000000004, NULL, '2020-07-23 00:10:00', '2020-07-23 00:10:00'),
(334, '5x36', 4, 2.249999999999999, NULL, '2020-07-23 00:10:00', '2020-07-23 00:10:00'),
(335, '5x36', 1, 59.50000000000002, NULL, '2020-07-24 00:10:00', '2020-07-24 00:10:00'),
(336, '5x36', 2, 16.999999999999996, NULL, '2020-07-24 00:10:00', '2020-07-24 00:10:00'),
(337, '5x36', 3, 5.950000000000004, NULL, '2020-07-24 00:10:00', '2020-07-24 00:10:00'),
(338, '5x36', 4, 2.249999999999999, NULL, '2020-07-24 00:10:00', '2020-07-24 00:10:00'),
(339, '5x36', 1, 60.200000000000024, NULL, '2020-07-24 00:10:00', '2020-07-24 00:10:00'),
(340, '5x36', 2, 17.199999999999996, NULL, '2020-07-24 00:10:00', '2020-07-24 00:10:00'),
(341, '5x36', 3, 6.020000000000004, NULL, '2020-07-24 00:10:00', '2020-07-24 00:10:00'),
(342, '5x36', 4, 2.279999999999999, NULL, '2020-07-24 00:10:00', '2020-07-24 00:10:00'),
(343, '5x36', 1, 60.90000000000002, NULL, '2020-07-24 01:50:09', '2020-07-24 01:50:09'),
(344, '5x36', 2, 17.399999999999995, NULL, '2020-07-24 01:50:09', '2020-07-24 01:50:09'),
(345, '5x36', 3, 6.090000000000003, NULL, '2020-07-24 01:50:09', '2020-07-24 01:50:09'),
(346, '5x36', 4, 2.309999999999999, NULL, '2020-07-24 01:50:09', '2020-07-24 01:50:09'),
(347, '5x36', 1, 61.60000000000002, NULL, '2020-07-25 00:10:00', '2020-07-25 00:10:00'),
(348, '5x36', 2, 17.599999999999994, NULL, '2020-07-25 00:10:00', '2020-07-25 00:10:00'),
(349, '5x36', 3, 6.160000000000004, NULL, '2020-07-25 00:10:00', '2020-07-25 00:10:00'),
(350, '5x36', 4, 2.339999999999999, NULL, '2020-07-25 00:10:00', '2020-07-25 00:10:00'),
(351, '5x36', 1, 62.300000000000026, NULL, '2020-07-25 00:10:00', '2020-07-25 00:10:00'),
(352, '5x36', 2, 17.799999999999994, NULL, '2020-07-25 00:10:00', '2020-07-25 00:10:00'),
(353, '5x36', 3, 6.230000000000004, NULL, '2020-07-25 00:10:00', '2020-07-25 00:10:00'),
(354, '5x36', 4, 2.3699999999999988, NULL, '2020-07-25 00:10:00', '2020-07-25 00:10:00'),
(355, '5x36', 1, 62.300000000000026, NULL, '2020-07-26 00:10:00', '2020-07-26 00:10:00'),
(356, '5x36', 2, 17.799999999999994, NULL, '2020-07-26 00:10:00', '2020-07-26 00:10:00'),
(357, '5x36', 3, 6.230000000000004, NULL, '2020-07-26 00:10:00', '2020-07-26 00:10:00'),
(358, '5x36', 4, 2.3699999999999988, NULL, '2020-07-26 00:10:00', '2020-07-26 00:10:00'),
(359, '5x36', 1, 63.00000000000003, NULL, '2020-07-26 00:10:00', '2020-07-26 00:10:00'),
(360, '5x36', 2, 17.999999999999993, NULL, '2020-07-26 00:10:00', '2020-07-26 00:10:00'),
(361, '5x36', 3, 6.300000000000004, NULL, '2020-07-26 00:10:00', '2020-07-26 00:10:00'),
(362, '5x36', 4, 2.3999999999999986, NULL, '2020-07-26 00:10:00', '2020-07-26 00:10:00'),
(363, '5x36', 1, 63.00000000000003, NULL, '2020-07-27 00:10:00', '2020-07-27 00:10:00'),
(364, '5x36', 2, 17.999999999999993, NULL, '2020-07-27 00:10:00', '2020-07-27 00:10:00'),
(365, '5x36', 3, 6.300000000000004, NULL, '2020-07-27 00:10:00', '2020-07-27 00:10:00'),
(366, '5x36', 4, 2.3999999999999986, NULL, '2020-07-27 00:10:00', '2020-07-27 00:10:00'),
(367, '5x36', 1, 63.70000000000003, NULL, '2020-07-27 00:10:00', '2020-07-27 00:10:00'),
(368, '5x36', 2, 18.199999999999992, NULL, '2020-07-27 00:10:00', '2020-07-27 00:10:00'),
(369, '5x36', 3, 6.3700000000000045, NULL, '2020-07-27 00:10:00', '2020-07-27 00:10:00'),
(370, '5x36', 4, 2.4299999999999984, NULL, '2020-07-27 00:10:00', '2020-07-27 00:10:00'),
(371, '5x36', 1, 63.70000000000003, NULL, '2020-07-28 00:10:00', '2020-07-28 00:10:00'),
(372, '5x36', 2, 18.199999999999992, NULL, '2020-07-28 00:10:00', '2020-07-28 00:10:00'),
(373, '5x36', 3, 6.3700000000000045, NULL, '2020-07-28 00:10:00', '2020-07-28 00:10:00'),
(374, '5x36', 4, 2.4299999999999984, NULL, '2020-07-28 00:10:00', '2020-07-28 00:10:00'),
(375, '5x36', 1, 64.40000000000003, NULL, '2020-07-28 00:10:00', '2020-07-28 00:10:00'),
(376, '5x36', 2, 18.39999999999999, NULL, '2020-07-28 00:10:00', '2020-07-28 00:10:00'),
(377, '5x36', 3, 6.440000000000005, NULL, '2020-07-28 00:10:00', '2020-07-28 00:10:00'),
(378, '5x36', 4, 2.459999999999998, NULL, '2020-07-28 00:10:00', '2020-07-28 00:10:00'),
(379, '5x36', 1, 64.40000000000003, NULL, '2020-07-29 00:10:00', '2020-07-29 00:10:00'),
(380, '5x36', 2, 18.39999999999999, NULL, '2020-07-29 00:10:00', '2020-07-29 00:10:00'),
(381, '5x36', 3, 6.440000000000005, NULL, '2020-07-29 00:10:00', '2020-07-29 00:10:00'),
(382, '5x36', 4, 2.459999999999998, NULL, '2020-07-29 00:10:00', '2020-07-29 00:10:00'),
(383, '5x36', 1, 65.10000000000004, NULL, '2020-07-30 00:10:00', '2020-07-30 00:10:00'),
(384, '5x36', 2, 18.59999999999999, NULL, '2020-07-30 00:10:00', '2020-07-30 00:10:00'),
(385, '5x36', 3, 6.510000000000005, NULL, '2020-07-30 00:10:00', '2020-07-30 00:10:00'),
(386, '5x36', 4, 2.489999999999998, NULL, '2020-07-30 00:10:00', '2020-07-30 00:10:00'),
(387, '5x36', 1, 87.50000000000003, NULL, '2020-08-01 11:42:27', '2020-08-01 11:42:27'),
(388, '5x36', 2, 24.999999999999993, NULL, '2020-08-01 11:42:27', '2020-08-01 11:42:27'),
(389, '5x36', 3, 8.750000000000005, NULL, '2020-08-01 11:42:27', '2020-08-01 11:42:27'),
(390, '5x36', 4, 3.449999999999998, NULL, '2020-08-01 11:42:27', '2020-08-01 11:42:27'),
(391, '5x36', 1, 89.60000000000002, NULL, '2020-08-03 08:41:26', '2020-08-03 08:41:26'),
(392, '5x36', 2, 25.599999999999994, NULL, '2020-08-03 08:41:26', '2020-08-03 08:41:26'),
(393, '5x36', 3, 8.960000000000006, NULL, '2020-08-03 08:41:26', '2020-08-03 08:41:26'),
(394, '5x36', 4, 3.539999999999998, NULL, '2020-08-03 08:41:26', '2020-08-03 08:41:26'),
(395, '5x36', 1, 112.00000000000003, NULL, '2020-08-03 13:33:17', '2020-08-03 13:33:17'),
(396, '5x36', 2, 31.999999999999993, NULL, '2020-08-03 13:33:17', '2020-08-03 13:33:17'),
(397, '5x36', 3, 11.200000000000006, NULL, '2020-08-03 13:33:17', '2020-08-03 13:33:17'),
(398, '5x36', 4, 4.499999999999998, NULL, '2020-08-03 13:33:17', '2020-08-03 13:33:17'),
(399, '5x36', 1, 134.40000000000003, NULL, '2020-08-07 02:45:39', '2020-08-07 02:45:39'),
(400, '5x36', 2, 38.39999999999999, NULL, '2020-08-07 02:45:39', '2020-08-07 02:45:39'),
(401, '5x36', 3, 13.440000000000007, NULL, '2020-08-07 02:45:39', '2020-08-07 02:45:39'),
(402, '5x36', 4, 5.459999999999998, NULL, '2020-08-07 02:45:39', '2020-08-07 02:45:39'),
(403, '5x36', 1, 135.10000000000002, NULL, '2020-08-07 09:43:57', '2020-08-07 09:43:57'),
(404, '5x36', 2, 38.599999999999994, NULL, '2020-08-07 09:43:57', '2020-08-07 09:43:57'),
(405, '5x36', 3, 13.510000000000007, NULL, '2020-08-07 09:43:57', '2020-08-07 09:43:57'),
(406, '5x36', 4, 5.489999999999998, NULL, '2020-08-07 09:43:57', '2020-08-07 09:43:57'),
(407, '5x36', 1, 224.70000000000002, NULL, '2020-08-10 08:37:38', '2020-08-10 08:37:38'),
(408, '5x36', 2, 64.19999999999999, NULL, '2020-08-10 08:37:38', '2020-08-10 08:37:38'),
(409, '5x36', 3, 22.470000000000006, NULL, '2020-08-10 08:37:38', '2020-08-10 08:37:38'),
(410, '5x36', 4, 9.329999999999998, NULL, '2020-08-10 08:37:38', '2020-08-10 08:37:38'),
(411, '5x36', 1, 225.4, NULL, '2020-08-12 03:30:00', '2020-08-12 03:30:00'),
(412, '5x36', 2, 64.39999999999999, NULL, '2020-08-12 03:30:00', '2020-08-12 03:30:00'),
(413, '5x36', 3, 22.540000000000006, NULL, '2020-08-12 03:30:00', '2020-08-12 03:30:00'),
(414, '5x36', 4, 9.359999999999998, NULL, '2020-08-12 03:30:00', '2020-08-12 03:30:00'),
(415, '5x36', 1, 226.1, NULL, '2020-08-12 03:31:56', '2020-08-12 03:31:56'),
(416, '5x36', 2, 64.6, NULL, '2020-08-12 03:31:56', '2020-08-12 03:31:56'),
(417, '5x36', 3, 22.610000000000007, NULL, '2020-08-12 03:31:56', '2020-08-12 03:31:56'),
(418, '5x36', 4, 9.389999999999997, NULL, '2020-08-12 03:31:56', '2020-08-12 03:31:56'),
(419, '5x36', 1, 226.79999999999998, NULL, '2020-08-12 03:32:01', '2020-08-12 03:32:01'),
(420, '5x36', 2, 64.8, NULL, '2020-08-12 03:32:01', '2020-08-12 03:32:01'),
(421, '5x36', 3, 22.680000000000007, NULL, '2020-08-12 03:32:01', '2020-08-12 03:32:01'),
(422, '5x36', 4, 9.419999999999996, NULL, '2020-08-12 03:32:01', '2020-08-12 03:32:01'),
(423, '5x36', 1, 227.49999999999997, NULL, '2020-08-19 02:58:57', '2020-08-19 02:58:57'),
(424, '5x36', 2, 65, NULL, '2020-08-19 02:58:57', '2020-08-19 02:58:57'),
(425, '5x36', 3, 22.750000000000007, NULL, '2020-08-19 02:58:57', '2020-08-19 02:58:57'),
(426, '5x36', 4, 9.449999999999996, NULL, '2020-08-19 02:58:57', '2020-08-19 02:58:57'),
(427, '5x36', 1, 228.19999999999996, NULL, '2020-08-25 09:14:53', '2020-08-25 09:14:53'),
(428, '5x36', 2, 65.2, NULL, '2020-08-25 09:14:53', '2020-08-25 09:14:53'),
(429, '5x36', 3, 22.820000000000007, NULL, '2020-08-25 09:14:53', '2020-08-25 09:14:53'),
(430, '5x36', 4, 9.479999999999995, NULL, '2020-08-25 09:14:53', '2020-08-25 09:14:53'),
(431, '5x36', 1, 228.89999999999995, NULL, '2020-08-25 09:15:07', '2020-08-25 09:15:07'),
(432, '5x36', 2, 65.4, NULL, '2020-08-25 09:15:07', '2020-08-25 09:15:07'),
(433, '5x36', 3, 22.890000000000008, NULL, '2020-08-25 09:15:07', '2020-08-25 09:15:07'),
(434, '5x36', 4, 9.509999999999994, NULL, '2020-08-25 09:15:07', '2020-08-25 09:15:07'),
(435, '5x36', 1, 229.59999999999994, NULL, '2020-08-25 14:38:11', '2020-08-25 14:38:11'),
(436, '5x36', 2, 65.60000000000001, NULL, '2020-08-25 14:38:11', '2020-08-25 14:38:11'),
(437, '5x36', 3, 22.960000000000008, NULL, '2020-08-25 14:38:11', '2020-08-25 14:38:11'),
(438, '5x36', 4, 9.539999999999994, NULL, '2020-08-25 14:38:11', '2020-08-25 14:38:11'),
(439, '5x36', 1, 230.29999999999993, NULL, '2020-08-28 07:16:27', '2020-08-28 07:16:27'),
(440, '5x36', 2, 65.80000000000001, NULL, '2020-08-28 07:16:27', '2020-08-28 07:16:27'),
(441, '5x36', 3, 23.03000000000001, NULL, '2020-08-28 07:16:27', '2020-08-28 07:16:27'),
(442, '5x36', 4, 9.569999999999993, NULL, '2020-08-28 07:16:27', '2020-08-28 07:16:27'),
(443, '5x36', 1, 23.03, NULL, '2020-08-28 07:18:08', '2020-08-28 07:18:08'),
(444, '5x36', 1, 23.73, NULL, '2020-08-28 09:03:19', '2020-08-28 09:03:19'),
(445, '5x36', 2, 66.00000000000001, NULL, '2020-08-28 09:03:19', '2020-08-28 09:03:19'),
(446, '5x36', 3, 23.10000000000001, NULL, '2020-08-28 09:03:19', '2020-08-28 09:03:19'),
(447, '5x36', 4, 9.599999999999993, NULL, '2020-08-28 09:03:19', '2020-08-28 09:03:19'),
(448, '5x36', 1, 1000, NULL, '2020-08-28 09:03:34', '2020-08-28 09:03:34'),
(449, '5x36', 1, 1000.7, NULL, '2020-08-28 09:27:31', '2020-08-28 09:27:31'),
(450, '5x36', 2, 66.20000000000002, NULL, '2020-08-28 09:27:31', '2020-08-28 09:27:31'),
(451, '5x36', 3, 23.17000000000001, NULL, '2020-08-28 09:27:31', '2020-08-28 09:27:31'),
(452, '5x36', 4, 9.629999999999992, NULL, '2020-08-28 09:27:31', '2020-08-28 09:27:31'),
(453, '5x36', 1, 100.07, NULL, '2020-08-28 09:28:35', '2020-08-28 09:28:35'),
(454, '5x36', 1, 100.77, NULL, '2020-08-28 09:58:03', '2020-08-28 09:58:03'),
(455, '5x36', 2, 66.40000000000002, NULL, '2020-08-28 09:58:03', '2020-08-28 09:58:03'),
(456, '5x36', 3, 23.24000000000001, NULL, '2020-08-28 09:58:03', '2020-08-28 09:58:03'),
(457, '5x36', 4, 9.659999999999991, NULL, '2020-08-28 09:58:03', '2020-08-28 09:58:03'),
(458, '5x36', 1, 10.077, NULL, '2020-08-28 09:58:16', '2020-08-28 09:58:16'),
(459, '5x36', 1, 10.777, NULL, '2020-08-31 10:08:41', '2020-08-31 10:08:41'),
(460, '5x36', 2, 66.60000000000002, NULL, '2020-08-31 10:08:41', '2020-08-31 10:08:41'),
(461, '5x36', 3, 23.31000000000001, NULL, '2020-08-31 10:08:41', '2020-08-31 10:08:41'),
(462, '5x36', 4, 9.68999999999999, NULL, '2020-08-31 10:08:41', '2020-08-31 10:08:41'),
(463, '5x36', 1, 1.0777, NULL, '2020-08-31 10:09:17', '2020-08-31 10:09:17'),
(464, '5x36', 1, 1.7777, NULL, '2020-09-07 06:47:56', '2020-09-07 06:47:56'),
(465, '5x36', 2, 66.80000000000003, NULL, '2020-09-07 06:47:56', '2020-09-07 06:47:56'),
(466, '5x36', 3, 23.38000000000001, NULL, '2020-09-07 06:47:56', '2020-09-07 06:47:56'),
(467, '5x36', 4, 9.71999999999999, NULL, '2020-09-07 06:47:56', '2020-09-07 06:47:56'),
(468, '5x36', 1, 0.17777, NULL, '2020-09-07 06:48:29', '2020-09-07 06:48:29'),
(469, '5x36', 1, 0.8777699999999999, NULL, '2020-09-14 03:53:53', '2020-09-14 03:53:53'),
(470, '5x36', 2, 67.00000000000003, NULL, '2020-09-14 03:53:53', '2020-09-14 03:53:53'),
(471, '5x36', 3, 23.45000000000001, NULL, '2020-09-14 03:53:53', '2020-09-14 03:53:53'),
(472, '5x36', 4, 9.74999999999999, NULL, '2020-09-14 03:53:53', '2020-09-14 03:53:53'),
(473, '5x36', 1, 1.57777, NULL, '2020-09-14 07:20:55', '2020-09-14 07:20:55'),
(474, '5x36', 2, 67.20000000000003, NULL, '2020-09-14 07:20:55', '2020-09-14 07:20:55'),
(475, '5x36', 3, 23.52000000000001, NULL, '2020-09-14 07:20:55', '2020-09-14 07:20:55'),
(476, '5x36', 4, 9.779999999999989, NULL, '2020-09-14 07:20:55', '2020-09-14 07:20:55'),
(477, '5x36', 1, 2.27777, NULL, '2020-09-14 07:21:15', '2020-09-14 07:21:15'),
(478, '5x36', 2, 67.40000000000003, NULL, '2020-09-14 07:21:15', '2020-09-14 07:21:15'),
(479, '5x36', 3, 23.59000000000001, NULL, '2020-09-14 07:21:15', '2020-09-14 07:21:15'),
(480, '5x36', 4, 9.809999999999988, NULL, '2020-09-14 07:21:15', '2020-09-14 07:21:15'),
(481, '5x36', 1, 2.9777699999999996, NULL, '2020-09-14 07:21:26', '2020-09-14 07:21:26'),
(482, '5x36', 2, 67.60000000000004, NULL, '2020-09-14 07:21:26', '2020-09-14 07:21:26'),
(483, '5x36', 3, 23.66000000000001, NULL, '2020-09-14 07:21:26', '2020-09-14 07:21:26'),
(484, '5x36', 4, 9.839999999999987, NULL, '2020-09-14 07:21:26', '2020-09-14 07:21:26'),
(485, '5x36', 1, 742.17777, NULL, '2020-09-14 07:22:19', '2020-09-14 07:22:19'),
(486, '5x36', 2, 278.8, NULL, '2020-09-14 07:22:19', '2020-09-14 07:22:19'),
(487, '5x36', 3, 97.58000000000001, NULL, '2020-09-14 07:22:19', '2020-09-14 07:22:19'),
(488, '5x36', 4, 41.51999999999999, NULL, '2020-09-14 07:22:19', '2020-09-14 07:22:19'),
(489, '5x36', 1, 742.87777, NULL, '2020-09-15 08:49:14', '2020-09-15 08:49:14'),
(490, '5x36', 2, 279, NULL, '2020-09-15 08:49:14', '2020-09-15 08:49:14'),
(491, '5x36', 3, 97.65, NULL, '2020-09-15 08:49:14', '2020-09-15 08:49:14'),
(492, '5x36', 4, 41.54999999999999, NULL, '2020-09-15 08:49:14', '2020-09-15 08:49:14'),
(493, '5x36', 1, 743.5777700000001, NULL, '2020-09-15 08:49:28', '2020-09-15 08:49:28'),
(494, '5x36', 2, 279.2, NULL, '2020-09-15 08:49:28', '2020-09-15 08:49:28'),
(495, '5x36', 3, 97.72, NULL, '2020-09-15 08:49:28', '2020-09-15 08:49:28'),
(496, '5x36', 4, 41.57999999999999, NULL, '2020-09-15 08:49:28', '2020-09-15 08:49:28');

-- --------------------------------------------------------

--
-- Table structure for table `vault_activities`
--

CREATE TABLE `vault_activities` (
  `id` bigint(20) UNSIGNED NOT NULL,
  `game_code` varchar(255) CHARACTER SET utf8mb4 COLLATE utf8mb4_unicode_ci NOT NULL,
  `vault_id` bigint(20) UNSIGNED NOT NULL,
  `value` double NOT NULL,
  `type` varchar(191) CHARACTER SET utf8mb4 COLLATE utf8mb4_unicode_ci NOT NULL,
  `reason` text CHARACTER SET utf8mb4 COLLATE utf8mb4_unicode_ci NOT NULL,
  `note` text CHARACTER SET utf8mb4 COLLATE utf8mb4_unicode_ci NOT NULL,
  `deleted_at` timestamp NULL DEFAULT NULL,
  `created_at` timestamp NULL DEFAULT NULL,
  `updated_at` timestamp NULL DEFAULT NULL
) ENGINE=InnoDB DEFAULT CHARSET=utf8mb4 COLLATE=utf8mb4_unicode_ci;

--
-- Dumping data for table `vault_activities`
--

INSERT INTO `vault_activities` (`id`, `game_code`, `vault_id`, `value`, `type`, `reason`, `note`, `deleted_at`, `created_at`, `updated_at`) VALUES
(86, '5x36', 94, 0.7, 'plus', 'buy_ticket', 'buy ticket booking:{21}', NULL, '2020-07-15 04:05:44', NULL),
(87, '5x36', 95, 0.2, 'plus', 'buy_ticket', 'buy ticket booking:{21}', NULL, '2020-07-15 04:05:44', NULL),
(88, '5x36', 96, 0.07, 'plus', 'buy_ticket', 'buy ticket booking:{21}', NULL, '2020-07-15 04:05:44', NULL),
(89, '5x36', 97, 0.03, 'plus', 'buy_ticket', 'buy ticket booking:{21}', NULL, '2020-07-15 04:05:44', NULL),
(90, '5x36', 98, 1.4, 'plus', 'buy_ticket', 'buy ticket booking:{22}', NULL, '2020-07-15 04:06:02', NULL),
(91, '5x36', 99, 0.4, 'plus', 'buy_ticket', 'buy ticket booking:{22}', NULL, '2020-07-15 04:06:02', NULL),
(92, '5x36', 100, 0.14, 'plus', 'buy_ticket', 'buy ticket booking:{22}', NULL, '2020-07-15 04:06:02', NULL),
(93, '5x36', 101, 0.06, 'plus', 'buy_ticket', 'buy ticket booking:{22}', NULL, '2020-07-15 04:06:02', NULL),
(94, '5x36', 102, 2.1, 'plus', 'buy_ticket', 'buy ticket booking:{23}', NULL, '2020-07-15 04:06:09', NULL),
(95, '5x36', 103, 0.6, 'plus', 'buy_ticket', 'buy ticket booking:{23}', NULL, '2020-07-15 04:06:09', NULL),
(96, '5x36', 104, 0.21, 'plus', 'buy_ticket', 'buy ticket booking:{23}', NULL, '2020-07-15 04:06:09', NULL),
(97, '5x36', 105, 0.09, 'plus', 'buy_ticket', 'buy ticket booking:{23}', NULL, '2020-07-15 04:06:09', NULL),
(98, '5x36', 106, 0.7, 'plus', 'buy_ticket', 'buy ticket booking:{24}', NULL, '2020-07-15 04:06:25', NULL),
(99, '5x36', 107, 0.2, 'plus', 'buy_ticket', 'buy ticket booking:{24}', NULL, '2020-07-15 04:06:25', NULL),
(100, '5x36', 108, 0.07, 'plus', 'buy_ticket', 'buy ticket booking:{24}', NULL, '2020-07-15 04:06:25', NULL),
(101, '5x36', 109, 0.03, 'plus', 'buy_ticket', 'buy ticket booking:{24}', NULL, '2020-07-15 04:06:25', NULL),
(102, '5x36', 110, 2.1, 'plus', 'buy_ticket', 'buy ticket booking:{25}', NULL, '2020-07-15 04:06:54', NULL),
(103, '5x36', 111, 0.6, 'plus', 'buy_ticket', 'buy ticket booking:{25}', NULL, '2020-07-15 04:06:54', NULL),
(104, '5x36', 112, 0.21, 'plus', 'buy_ticket', 'buy ticket booking:{25}', NULL, '2020-07-15 04:06:54', NULL),
(105, '5x36', 113, 0.09, 'plus', 'buy_ticket', 'buy ticket booking:{25}', NULL, '2020-07-15 04:06:54', NULL),
(106, '5x36', 114, 0.7, 'plus', 'buy_ticket', 'buy ticket booking:{26}', NULL, '2020-07-15 04:22:32', NULL),
(107, '5x36', 115, 0.2, 'plus', 'buy_ticket', 'buy ticket booking:{26}', NULL, '2020-07-15 04:22:32', NULL),
(108, '5x36', 116, 0.07, 'plus', 'buy_ticket', 'buy ticket booking:{26}', NULL, '2020-07-15 04:22:32', NULL),
(109, '5x36', 117, 0.03, 'plus', 'buy_ticket', 'buy ticket booking:{26}', NULL, '2020-07-15 04:22:32', NULL),
(110, '5x36', 118, 0.29999999999999993, 'minus', 'reward winner game', '', NULL, '2020-07-16 06:59:00', NULL),
(111, '5x36', 119, 0.7, 'plus', 'buy_ticket', 'buy ticket booking:{24}', NULL, '2020-07-16 07:10:00', NULL),
(112, '5x36', 120, 0.2, 'plus', 'buy_ticket', 'buy ticket booking:{24}', NULL, '2020-07-16 07:10:00', NULL),
(113, '5x36', 121, 0.07, 'plus', 'buy_ticket', 'buy ticket booking:{24}', NULL, '2020-07-16 07:10:00', NULL),
(114, '5x36', 122, 0.03, 'plus', 'buy_ticket', 'buy ticket booking:{24}', NULL, '2020-07-16 07:10:00', NULL),
(115, '5x36', 123, 2.1, 'plus', 'buy_ticket', 'buy ticket booking:{27}', NULL, '2020-07-16 09:21:11', NULL),
(116, '5x36', 124, 0.6, 'plus', 'buy_ticket', 'buy ticket booking:{27}', NULL, '2020-07-16 09:21:11', NULL),
(117, '5x36', 125, 0.21, 'plus', 'buy_ticket', 'buy ticket booking:{27}', NULL, '2020-07-16 09:21:11', NULL),
(118, '5x36', 126, 0.09, 'plus', 'buy_ticket', 'buy ticket booking:{27}', NULL, '2020-07-16 09:21:11', NULL),
(119, '5x36', 127, 2.1, 'plus', 'buy_ticket', 'buy ticket booking:{28}', NULL, '2020-07-16 10:20:09', NULL),
(120, '5x36', 128, 0.6, 'plus', 'buy_ticket', 'buy ticket booking:{28}', NULL, '2020-07-16 10:20:09', NULL),
(121, '5x36', 129, 0.21, 'plus', 'buy_ticket', 'buy ticket booking:{28}', NULL, '2020-07-16 10:20:09', NULL),
(122, '5x36', 130, 0.09, 'plus', 'buy_ticket', 'buy ticket booking:{28}', NULL, '2020-07-16 10:20:09', NULL),
(123, '5x36', 131, 0.7, 'plus', 'buy_ticket', 'buy ticket booking:{29}', NULL, '2020-07-16 10:23:27', NULL),
(124, '5x36', 132, 0.2, 'plus', 'buy_ticket', 'buy ticket booking:{29}', NULL, '2020-07-16 10:23:27', NULL),
(125, '5x36', 133, 0.07, 'plus', 'buy_ticket', 'buy ticket booking:{29}', NULL, '2020-07-16 10:23:27', NULL),
(126, '5x36', 134, 0.03, 'plus', 'buy_ticket', 'buy ticket booking:{29}', NULL, '2020-07-16 10:23:27', NULL),
(127, '5x36', 135, 0.7, 'plus', 'buy_ticket', 'buy ticket booking:{30}', NULL, '2020-07-16 10:57:08', NULL),
(128, '5x36', 136, 0.2, 'plus', 'buy_ticket', 'buy ticket booking:{30}', NULL, '2020-07-16 10:57:08', NULL),
(129, '5x36', 137, 0.07, 'plus', 'buy_ticket', 'buy ticket booking:{30}', NULL, '2020-07-16 10:57:08', NULL),
(130, '5x36', 138, 0.03, 'plus', 'buy_ticket', 'buy ticket booking:{30}', NULL, '2020-07-16 10:57:08', NULL),
(131, '5x36', 139, 0.7, 'plus', 'buy_ticket', 'buy ticket booking:{31}', NULL, '2020-07-16 11:00:34', NULL),
(132, '5x36', 140, 0.2, 'plus', 'buy_ticket', 'buy ticket booking:{31}', NULL, '2020-07-16 11:00:34', NULL),
(133, '5x36', 141, 0.07, 'plus', 'buy_ticket', 'buy ticket booking:{31}', NULL, '2020-07-16 11:00:34', NULL),
(134, '5x36', 142, 0.03, 'plus', 'buy_ticket', 'buy ticket booking:{31}', NULL, '2020-07-16 11:00:34', NULL),
(135, '5x36', 143, 0.7, 'plus', 'buy_ticket', 'buy ticket booking:{33}', NULL, '2020-07-16 11:06:05', NULL),
(136, '5x36', 144, 0.2, 'plus', 'buy_ticket', 'buy ticket booking:{33}', NULL, '2020-07-16 11:06:05', NULL),
(137, '5x36', 145, 0.07, 'plus', 'buy_ticket', 'buy ticket booking:{33}', NULL, '2020-07-16 11:06:05', NULL),
(138, '5x36', 146, 0.03, 'plus', 'buy_ticket', 'buy ticket booking:{33}', NULL, '2020-07-16 11:06:05', NULL),
(139, '5x36', 147, 0.7, 'plus', 'buy_ticket', 'buy ticket booking:{34}', NULL, '2020-07-16 11:07:02', NULL),
(140, '5x36', 148, 0.2, 'plus', 'buy_ticket', 'buy ticket booking:{34}', NULL, '2020-07-16 11:07:02', NULL),
(141, '5x36', 149, 0.07, 'plus', 'buy_ticket', 'buy ticket booking:{34}', NULL, '2020-07-16 11:07:02', NULL),
(142, '5x36', 150, 0.03, 'plus', 'buy_ticket', 'buy ticket booking:{34}', NULL, '2020-07-16 11:07:02', NULL),
(143, '5x36', 151, 0.7, 'plus', 'buy_ticket', 'buy ticket booking:{35}', NULL, '2020-07-16 04:09:00', NULL),
(144, '5x36', 152, 0.2, 'plus', 'buy_ticket', 'buy ticket booking:{35}', NULL, '2020-07-16 04:09:00', NULL),
(145, '5x36', 153, 0.07, 'plus', 'buy_ticket', 'buy ticket booking:{35}', NULL, '2020-07-16 04:09:00', NULL),
(146, '5x36', 154, 0.03, 'plus', 'buy_ticket', 'buy ticket booking:{35}', NULL, '2020-07-16 04:09:00', NULL),
(147, '5x36', 155, 2.1, 'plus', 'buy_ticket', 'buy ticket booking:{36}', NULL, '2020-07-16 07:01:45', NULL),
(148, '5x36', 156, 0.6, 'plus', 'buy_ticket', 'buy ticket booking:{36}', NULL, '2020-07-16 07:01:45', NULL),
(149, '5x36', 157, 0.21, 'plus', 'buy_ticket', 'buy ticket booking:{36}', NULL, '2020-07-16 07:01:45', NULL),
(150, '5x36', 158, 0.09, 'plus', 'buy_ticket', 'buy ticket booking:{36}', NULL, '2020-07-16 07:01:45', NULL),
(151, '5x36', 159, 2.1, 'plus', 'buy_ticket', 'buy ticket booking:{37}', NULL, '2020-07-16 07:18:57', NULL),
(152, '5x36', 160, 0.6, 'plus', 'buy_ticket', 'buy ticket booking:{37}', NULL, '2020-07-16 07:18:57', NULL),
(153, '5x36', 161, 0.21, 'plus', 'buy_ticket', 'buy ticket booking:{37}', NULL, '2020-07-16 07:18:57', NULL),
(154, '5x36', 162, 0.09, 'plus', 'buy_ticket', 'buy ticket booking:{37}', NULL, '2020-07-16 07:18:57', NULL),
(155, '5x36', 163, 0.7, 'plus', 'buy_ticket', 'buy ticket booking:{24}', NULL, '2020-07-17 00:10:00', NULL),
(156, '5x36', 164, 0.2, 'plus', 'buy_ticket', 'buy ticket booking:{24}', NULL, '2020-07-17 00:10:00', NULL),
(157, '5x36', 165, 0.07, 'plus', 'buy_ticket', 'buy ticket booking:{24}', NULL, '2020-07-17 00:10:00', NULL),
(158, '5x36', 166, 0.03, 'plus', 'buy_ticket', 'buy ticket booking:{24}', NULL, '2020-07-17 00:10:00', NULL),
(159, '5x36', 167, 0.7, 'plus', 'buy_ticket', 'buy ticket booking:{38}', NULL, '2020-07-17 01:55:07', NULL),
(160, '5x36', 168, 0.2, 'plus', 'buy_ticket', 'buy ticket booking:{38}', NULL, '2020-07-17 01:55:07', NULL),
(161, '5x36', 169, 0.07, 'plus', 'buy_ticket', 'buy ticket booking:{38}', NULL, '2020-07-17 01:55:07', NULL),
(162, '5x36', 170, 0.03, 'plus', 'buy_ticket', 'buy ticket booking:{38}', NULL, '2020-07-17 01:55:07', NULL),
(163, '5x36', 171, 1.4, 'plus', 'buy_ticket', 'buy ticket booking:{39}', NULL, '2020-07-17 03:16:01', NULL),
(164, '5x36', 172, 0.4, 'plus', 'buy_ticket', 'buy ticket booking:{39}', NULL, '2020-07-17 03:16:01', NULL),
(165, '5x36', 173, 0.14, 'plus', 'buy_ticket', 'buy ticket booking:{39}', NULL, '2020-07-17 03:16:01', NULL),
(166, '5x36', 174, 0.06, 'plus', 'buy_ticket', 'buy ticket booking:{39}', NULL, '2020-07-17 03:16:01', NULL),
(167, '5x36', 175, 0.7, 'plus', 'buy_ticket', 'buy ticket booking:{40}', NULL, '2020-07-17 03:49:05', NULL),
(168, '5x36', 176, 0.2, 'plus', 'buy_ticket', 'buy ticket booking:{40}', NULL, '2020-07-17 03:49:05', NULL),
(169, '5x36', 177, 0.07, 'plus', 'buy_ticket', 'buy ticket booking:{40}', NULL, '2020-07-17 03:49:05', NULL),
(170, '5x36', 178, 0.03, 'plus', 'buy_ticket', 'buy ticket booking:{40}', NULL, '2020-07-17 03:49:05', NULL),
(171, '5x36', 179, 2.1, 'plus', 'buy_ticket', 'buy ticket booking:{41}', NULL, '2020-07-17 04:34:19', NULL),
(172, '5x36', 180, 0.6, 'plus', 'buy_ticket', 'buy ticket booking:{41}', NULL, '2020-07-17 04:34:19', NULL),
(173, '5x36', 181, 0.21, 'plus', 'buy_ticket', 'buy ticket booking:{41}', NULL, '2020-07-17 04:34:19', NULL),
(174, '5x36', 182, 0.09, 'plus', 'buy_ticket', 'buy ticket booking:{41}', NULL, '2020-07-17 04:34:19', NULL),
(175, '5x36', 183, 4.2, 'plus', 'buy_ticket', 'buy ticket booking:{42}', NULL, '2020-07-17 09:36:30', NULL),
(176, '5x36', 184, 1.2, 'plus', 'buy_ticket', 'buy ticket booking:{42}', NULL, '2020-07-17 09:36:30', NULL),
(177, '5x36', 185, 0.42, 'plus', 'buy_ticket', 'buy ticket booking:{42}', NULL, '2020-07-17 09:36:30', NULL),
(178, '5x36', 186, 0.18, 'plus', 'buy_ticket', 'buy ticket booking:{42}', NULL, '2020-07-17 09:36:30', NULL),
(179, '5x36', 187, 0.7, 'plus', 'buy_ticket', 'buy ticket booking:{43}', NULL, '2020-07-17 10:05:15', NULL),
(180, '5x36', 188, 0.2, 'plus', 'buy_ticket', 'buy ticket booking:{43}', NULL, '2020-07-17 10:05:15', NULL),
(181, '5x36', 189, 0.07, 'plus', 'buy_ticket', 'buy ticket booking:{43}', NULL, '2020-07-17 10:05:15', NULL),
(182, '5x36', 190, 0.03, 'plus', 'buy_ticket', 'buy ticket booking:{43}', NULL, '2020-07-17 10:05:15', NULL),
(183, '5x36', 191, 0.7, 'plus', 'buy_ticket', 'buy ticket booking:{44}', NULL, '2020-07-17 10:05:19', NULL),
(184, '5x36', 192, 0.2, 'plus', 'buy_ticket', 'buy ticket booking:{44}', NULL, '2020-07-17 10:05:19', NULL),
(185, '5x36', 193, 0.07, 'plus', 'buy_ticket', 'buy ticket booking:{44}', NULL, '2020-07-17 10:05:19', NULL),
(186, '5x36', 194, 0.03, 'plus', 'buy_ticket', 'buy ticket booking:{44}', NULL, '2020-07-17 10:05:19', NULL),
(187, '5x36', 195, 0.7, 'plus', 'buy_ticket', 'buy ticket booking:{45}', NULL, '2020-07-17 10:05:20', NULL),
(188, '5x36', 196, 0.2, 'plus', 'buy_ticket', 'buy ticket booking:{45}', NULL, '2020-07-17 10:05:20', NULL),
(189, '5x36', 197, 0.07, 'plus', 'buy_ticket', 'buy ticket booking:{45}', NULL, '2020-07-17 10:05:20', NULL),
(190, '5x36', 198, 0.03, 'plus', 'buy_ticket', 'buy ticket booking:{45}', NULL, '2020-07-17 10:05:20', NULL),
(191, '5x36', 199, 22.4, 'plus', 'buy_ticket', 'buy ticket booking:{46}', NULL, '2020-07-17 10:16:33', NULL),
(192, '5x36', 200, 6.4, 'plus', 'buy_ticket', 'buy ticket booking:{46}', NULL, '2020-07-17 10:16:33', NULL),
(193, '5x36', 201, 2.24, 'plus', 'buy_ticket', 'buy ticket booking:{46}', NULL, '2020-07-17 10:16:33', NULL),
(194, '5x36', 202, 0.96, 'plus', 'buy_ticket', 'buy ticket booking:{46}', NULL, '2020-07-17 10:16:33', NULL),
(195, '5x36', 203, 0.7, 'plus', 'buy_ticket', 'buy ticket booking:{24}', NULL, '2020-07-18 00:10:00', NULL),
(196, '5x36', 204, 0.2, 'plus', 'buy_ticket', 'buy ticket booking:{24}', NULL, '2020-07-18 00:10:00', NULL),
(197, '5x36', 205, 0.07, 'plus', 'buy_ticket', 'buy ticket booking:{24}', NULL, '2020-07-18 00:10:00', NULL),
(198, '5x36', 206, 0.03, 'plus', 'buy_ticket', 'buy ticket booking:{24}', NULL, '2020-07-18 00:10:00', NULL),
(199, '5x36', 207, 0.7, 'plus', 'buy_ticket', 'buy ticket booking:{40}', NULL, '2020-07-18 00:10:00', NULL),
(200, '5x36', 208, 0.2, 'plus', 'buy_ticket', 'buy ticket booking:{40}', NULL, '2020-07-18 00:10:00', NULL),
(201, '5x36', 209, 0.07, 'plus', 'buy_ticket', 'buy ticket booking:{40}', NULL, '2020-07-18 00:10:00', NULL),
(202, '5x36', 210, 0.03, 'plus', 'buy_ticket', 'buy ticket booking:{40}', NULL, '2020-07-18 00:10:00', NULL),
(203, '5x36', 211, 0.7, 'plus', 'buy_ticket', 'buy ticket booking:{43}', NULL, '2020-07-18 00:10:00', NULL),
(204, '5x36', 212, 0.2, 'plus', 'buy_ticket', 'buy ticket booking:{43}', NULL, '2020-07-18 00:10:00', NULL),
(205, '5x36', 213, 0.07, 'plus', 'buy_ticket', 'buy ticket booking:{43}', NULL, '2020-07-18 00:10:00', NULL),
(206, '5x36', 214, 0.03, 'plus', 'buy_ticket', 'buy ticket booking:{43}', NULL, '2020-07-18 00:10:00', NULL),
(207, '5x36', 215, 0.7, 'plus', 'buy_ticket', 'buy ticket booking:{44}', NULL, '2020-07-18 00:10:00', NULL),
(208, '5x36', 216, 0.2, 'plus', 'buy_ticket', 'buy ticket booking:{44}', NULL, '2020-07-18 00:10:00', NULL),
(209, '5x36', 217, 0.07, 'plus', 'buy_ticket', 'buy ticket booking:{44}', NULL, '2020-07-18 00:10:00', NULL),
(210, '5x36', 218, 0.03, 'plus', 'buy_ticket', 'buy ticket booking:{44}', NULL, '2020-07-18 00:10:00', NULL),
(211, '5x36', 219, 0.7, 'plus', 'buy_ticket', 'buy ticket booking:{45}', NULL, '2020-07-18 00:10:00', NULL),
(212, '5x36', 220, 0.2, 'plus', 'buy_ticket', 'buy ticket booking:{45}', NULL, '2020-07-18 00:10:00', NULL),
(213, '5x36', 221, 0.07, 'plus', 'buy_ticket', 'buy ticket booking:{45}', NULL, '2020-07-18 00:10:00', NULL),
(214, '5x36', 222, 0.03, 'plus', 'buy_ticket', 'buy ticket booking:{45}', NULL, '2020-07-18 00:10:00', NULL),
(215, '5x36', 223, 0.7, 'plus', 'buy_ticket', 'buy ticket booking:{24}', NULL, '2020-07-19 00:10:00', NULL),
(216, '5x36', 224, 0.2, 'plus', 'buy_ticket', 'buy ticket booking:{24}', NULL, '2020-07-19 00:10:00', NULL),
(217, '5x36', 225, 0.07, 'plus', 'buy_ticket', 'buy ticket booking:{24}', NULL, '2020-07-19 00:10:00', NULL),
(218, '5x36', 226, 0.03, 'plus', 'buy_ticket', 'buy ticket booking:{24}', NULL, '2020-07-19 00:10:00', NULL),
(219, '5x36', 227, 0.7, 'plus', 'buy_ticket', 'buy ticket booking:{40}', NULL, '2020-07-19 00:10:00', NULL),
(220, '5x36', 228, 0.2, 'plus', 'buy_ticket', 'buy ticket booking:{40}', NULL, '2020-07-19 00:10:00', NULL),
(221, '5x36', 229, 0.07, 'plus', 'buy_ticket', 'buy ticket booking:{40}', NULL, '2020-07-19 00:10:00', NULL),
(222, '5x36', 230, 0.03, 'plus', 'buy_ticket', 'buy ticket booking:{40}', NULL, '2020-07-19 00:10:00', NULL),
(223, '5x36', 231, 0.7, 'plus', 'buy_ticket', 'buy ticket booking:{43}', NULL, '2020-07-19 00:10:00', NULL),
(224, '5x36', 232, 0.2, 'plus', 'buy_ticket', 'buy ticket booking:{43}', NULL, '2020-07-19 00:10:00', NULL),
(225, '5x36', 233, 0.07, 'plus', 'buy_ticket', 'buy ticket booking:{43}', NULL, '2020-07-19 00:10:00', NULL),
(226, '5x36', 234, 0.03, 'plus', 'buy_ticket', 'buy ticket booking:{43}', NULL, '2020-07-19 00:10:00', NULL),
(227, '5x36', 235, 0.7, 'plus', 'buy_ticket', 'buy ticket booking:{44}', NULL, '2020-07-19 00:10:00', NULL),
(228, '5x36', 236, 0.2, 'plus', 'buy_ticket', 'buy ticket booking:{44}', NULL, '2020-07-19 00:10:00', NULL),
(229, '5x36', 237, 0.07, 'plus', 'buy_ticket', 'buy ticket booking:{44}', NULL, '2020-07-19 00:10:00', NULL),
(230, '5x36', 238, 0.03, 'plus', 'buy_ticket', 'buy ticket booking:{44}', NULL, '2020-07-19 00:10:00', NULL),
(231, '5x36', 239, 0.7, 'plus', 'buy_ticket', 'buy ticket booking:{45}', NULL, '2020-07-19 00:10:00', NULL),
(232, '5x36', 240, 0.2, 'plus', 'buy_ticket', 'buy ticket booking:{45}', NULL, '2020-07-19 00:10:00', NULL),
(233, '5x36', 241, 0.07, 'plus', 'buy_ticket', 'buy ticket booking:{45}', NULL, '2020-07-19 00:10:00', NULL),
(234, '5x36', 242, 0.03, 'plus', 'buy_ticket', 'buy ticket booking:{45}', NULL, '2020-07-19 00:10:00', NULL),
(235, '5x36', 243, 0.7, 'plus', 'buy_ticket', 'buy ticket booking:{24}', NULL, '2020-07-20 00:10:00', NULL),
(236, '5x36', 244, 0.2, 'plus', 'buy_ticket', 'buy ticket booking:{24}', NULL, '2020-07-20 00:10:00', NULL),
(237, '5x36', 245, 0.07, 'plus', 'buy_ticket', 'buy ticket booking:{24}', NULL, '2020-07-20 00:10:00', NULL),
(238, '5x36', 246, 0.03, 'plus', 'buy_ticket', 'buy ticket booking:{24}', NULL, '2020-07-20 00:10:00', NULL),
(239, '5x36', 247, 0.7, 'plus', 'buy_ticket', 'buy ticket booking:{40}', NULL, '2020-07-20 00:10:00', NULL),
(240, '5x36', 248, 0.2, 'plus', 'buy_ticket', 'buy ticket booking:{40}', NULL, '2020-07-20 00:10:00', NULL),
(241, '5x36', 249, 0.07, 'plus', 'buy_ticket', 'buy ticket booking:{40}', NULL, '2020-07-20 00:10:00', NULL),
(242, '5x36', 250, 0.03, 'plus', 'buy_ticket', 'buy ticket booking:{40}', NULL, '2020-07-20 00:10:00', NULL),
(243, '5x36', 251, 0.7, 'plus', 'buy_ticket', 'buy ticket booking:{43}', NULL, '2020-07-20 00:10:00', NULL),
(244, '5x36', 252, 0.2, 'plus', 'buy_ticket', 'buy ticket booking:{43}', NULL, '2020-07-20 00:10:00', NULL),
(245, '5x36', 253, 0.07, 'plus', 'buy_ticket', 'buy ticket booking:{43}', NULL, '2020-07-20 00:10:00', NULL),
(246, '5x36', 254, 0.03, 'plus', 'buy_ticket', 'buy ticket booking:{43}', NULL, '2020-07-20 00:10:00', NULL),
(247, '5x36', 255, 0.7, 'plus', 'buy_ticket', 'buy ticket booking:{44}', NULL, '2020-07-20 00:10:00', NULL),
(248, '5x36', 256, 0.2, 'plus', 'buy_ticket', 'buy ticket booking:{44}', NULL, '2020-07-20 00:10:00', NULL),
(249, '5x36', 257, 0.07, 'plus', 'buy_ticket', 'buy ticket booking:{44}', NULL, '2020-07-20 00:10:00', NULL),
(250, '5x36', 258, 0.03, 'plus', 'buy_ticket', 'buy ticket booking:{44}', NULL, '2020-07-20 00:10:00', NULL),
(251, '5x36', 259, 0.7, 'plus', 'buy_ticket', 'buy ticket booking:{45}', NULL, '2020-07-20 00:10:00', NULL),
(252, '5x36', 260, 0.2, 'plus', 'buy_ticket', 'buy ticket booking:{45}', NULL, '2020-07-20 00:10:00', NULL),
(253, '5x36', 261, 0.07, 'plus', 'buy_ticket', 'buy ticket booking:{45}', NULL, '2020-07-20 00:10:00', NULL),
(254, '5x36', 262, 0.03, 'plus', 'buy_ticket', 'buy ticket booking:{45}', NULL, '2020-07-20 00:10:00', NULL),
(255, '5x36', 263, 0.7, 'plus', 'buy_ticket', 'buy ticket booking:{47}', NULL, '2020-07-20 08:32:10', NULL),
(256, '5x36', 264, 0.2, 'plus', 'buy_ticket', 'buy ticket booking:{47}', NULL, '2020-07-20 08:32:10', NULL),
(257, '5x36', 265, 0.07, 'plus', 'buy_ticket', 'buy ticket booking:{47}', NULL, '2020-07-20 08:32:10', NULL),
(258, '5x36', 266, 0.03, 'plus', 'buy_ticket', 'buy ticket booking:{47}', NULL, '2020-07-20 08:32:10', NULL),
(259, '5x36', 267, 2.1, 'plus', 'buy_ticket', 'buy ticket booking:{48}', NULL, '2020-07-20 08:45:42', NULL),
(260, '5x36', 268, 0.6, 'plus', 'buy_ticket', 'buy ticket booking:{48}', NULL, '2020-07-20 08:45:42', NULL),
(261, '5x36', 269, 0.21, 'plus', 'buy_ticket', 'buy ticket booking:{48}', NULL, '2020-07-20 08:45:42', NULL),
(262, '5x36', 270, 0.09, 'plus', 'buy_ticket', 'buy ticket booking:{48}', NULL, '2020-07-20 08:45:42', NULL),
(263, '5x36', 271, 0.7, 'plus', 'buy_ticket', 'buy ticket booking:{24}', NULL, '2020-07-21 00:10:00', NULL),
(264, '5x36', 272, 0.2, 'plus', 'buy_ticket', 'buy ticket booking:{24}', NULL, '2020-07-21 00:10:00', NULL),
(265, '5x36', 273, 0.07, 'plus', 'buy_ticket', 'buy ticket booking:{24}', NULL, '2020-07-21 00:10:00', NULL),
(266, '5x36', 274, 0.03, 'plus', 'buy_ticket', 'buy ticket booking:{24}', NULL, '2020-07-21 00:10:00', NULL),
(267, '5x36', 275, 0.7, 'plus', 'buy_ticket', 'buy ticket booking:{40}', NULL, '2020-07-21 00:10:00', NULL),
(268, '5x36', 276, 0.2, 'plus', 'buy_ticket', 'buy ticket booking:{40}', NULL, '2020-07-21 00:10:00', NULL),
(269, '5x36', 277, 0.07, 'plus', 'buy_ticket', 'buy ticket booking:{40}', NULL, '2020-07-21 00:10:00', NULL),
(270, '5x36', 278, 0.03, 'plus', 'buy_ticket', 'buy ticket booking:{40}', NULL, '2020-07-21 00:10:00', NULL),
(271, '5x36', 279, 0.7, 'plus', 'buy_ticket', 'buy ticket booking:{43}', NULL, '2020-07-21 00:10:00', NULL),
(272, '5x36', 280, 0.2, 'plus', 'buy_ticket', 'buy ticket booking:{43}', NULL, '2020-07-21 00:10:00', NULL),
(273, '5x36', 281, 0.07, 'plus', 'buy_ticket', 'buy ticket booking:{43}', NULL, '2020-07-21 00:10:00', NULL),
(274, '5x36', 282, 0.03, 'plus', 'buy_ticket', 'buy ticket booking:{43}', NULL, '2020-07-21 00:10:00', NULL),
(275, '5x36', 283, 0.7, 'plus', 'buy_ticket', 'buy ticket booking:{44}', NULL, '2020-07-21 00:10:00', NULL),
(276, '5x36', 284, 0.2, 'plus', 'buy_ticket', 'buy ticket booking:{44}', NULL, '2020-07-21 00:10:00', NULL),
(277, '5x36', 285, 0.07, 'plus', 'buy_ticket', 'buy ticket booking:{44}', NULL, '2020-07-21 00:10:00', NULL),
(278, '5x36', 286, 0.03, 'plus', 'buy_ticket', 'buy ticket booking:{44}', NULL, '2020-07-21 00:10:00', NULL),
(279, '5x36', 287, 0.7, 'plus', 'buy_ticket', 'buy ticket booking:{45}', NULL, '2020-07-21 00:10:00', NULL),
(280, '5x36', 288, 0.2, 'plus', 'buy_ticket', 'buy ticket booking:{45}', NULL, '2020-07-21 00:10:00', NULL),
(281, '5x36', 289, 0.07, 'plus', 'buy_ticket', 'buy ticket booking:{45}', NULL, '2020-07-21 00:10:00', NULL),
(282, '5x36', 290, 0.03, 'plus', 'buy_ticket', 'buy ticket booking:{45}', NULL, '2020-07-21 00:10:00', NULL),
(283, '5x36', 291, 0.7, 'plus', 'buy_ticket', 'buy ticket booking:{49}', NULL, '2020-07-21 04:41:28', NULL),
(284, '5x36', 292, 0.2, 'plus', 'buy_ticket', 'buy ticket booking:{49}', NULL, '2020-07-21 04:41:28', NULL),
(285, '5x36', 293, 0.07, 'plus', 'buy_ticket', 'buy ticket booking:{49}', NULL, '2020-07-21 04:41:28', NULL),
(286, '5x36', 294, 0.03, 'plus', 'buy_ticket', 'buy ticket booking:{49}', NULL, '2020-07-21 04:41:28', NULL),
(287, '5x36', 295, 0.7, 'plus', 'buy_ticket', 'buy ticket booking:{40}', NULL, '2020-07-22 00:10:00', NULL),
(288, '5x36', 296, 0.2, 'plus', 'buy_ticket', 'buy ticket booking:{40}', NULL, '2020-07-22 00:10:00', NULL),
(289, '5x36', 297, 0.07, 'plus', 'buy_ticket', 'buy ticket booking:{40}', NULL, '2020-07-22 00:10:00', NULL),
(290, '5x36', 298, 0.03, 'plus', 'buy_ticket', 'buy ticket booking:{40}', NULL, '2020-07-22 00:10:00', NULL),
(291, '5x36', 299, 0.7, 'plus', 'buy_ticket', 'buy ticket booking:{43}', NULL, '2020-07-22 00:10:00', NULL),
(292, '5x36', 300, 0.2, 'plus', 'buy_ticket', 'buy ticket booking:{43}', NULL, '2020-07-22 00:10:00', NULL),
(293, '5x36', 301, 0.07, 'plus', 'buy_ticket', 'buy ticket booking:{43}', NULL, '2020-07-22 00:10:00', NULL),
(294, '5x36', 302, 0.03, 'plus', 'buy_ticket', 'buy ticket booking:{43}', NULL, '2020-07-22 00:10:00', NULL),
(295, '5x36', 303, 0.7, 'plus', 'buy_ticket', 'buy ticket booking:{44}', NULL, '2020-07-22 00:10:00', NULL),
(296, '5x36', 304, 0.2, 'plus', 'buy_ticket', 'buy ticket booking:{44}', NULL, '2020-07-22 00:10:00', NULL),
(297, '5x36', 305, 0.07, 'plus', 'buy_ticket', 'buy ticket booking:{44}', NULL, '2020-07-22 00:10:00', NULL),
(298, '5x36', 306, 0.03, 'plus', 'buy_ticket', 'buy ticket booking:{44}', NULL, '2020-07-22 00:10:00', NULL),
(299, '5x36', 307, 0.7, 'plus', 'buy_ticket', 'buy ticket booking:{45}', NULL, '2020-07-22 00:10:00', NULL),
(300, '5x36', 308, 0.2, 'plus', 'buy_ticket', 'buy ticket booking:{45}', NULL, '2020-07-22 00:10:00', NULL),
(301, '5x36', 309, 0.07, 'plus', 'buy_ticket', 'buy ticket booking:{45}', NULL, '2020-07-22 00:10:00', NULL),
(302, '5x36', 310, 0.03, 'plus', 'buy_ticket', 'buy ticket booking:{45}', NULL, '2020-07-22 00:10:00', NULL),
(303, '5x36', 311, 0.7, 'plus', 'buy_ticket', 'buy ticket booking:{50}', NULL, '2020-07-22 18:50:46', NULL),
(304, '5x36', 312, 0.2, 'plus', 'buy_ticket', 'buy ticket booking:{50}', NULL, '2020-07-22 18:50:46', NULL),
(305, '5x36', 313, 0.07, 'plus', 'buy_ticket', 'buy ticket booking:{50}', NULL, '2020-07-22 18:50:46', NULL),
(306, '5x36', 314, 0.03, 'plus', 'buy_ticket', 'buy ticket booking:{50}', NULL, '2020-07-22 18:50:46', NULL),
(307, '5x36', 315, 0.7, 'plus', 'buy_ticket', 'buy ticket booking:{40}', NULL, '2020-07-23 00:10:00', NULL),
(308, '5x36', 316, 0.2, 'plus', 'buy_ticket', 'buy ticket booking:{40}', NULL, '2020-07-23 00:10:00', NULL),
(309, '5x36', 317, 0.07, 'plus', 'buy_ticket', 'buy ticket booking:{40}', NULL, '2020-07-23 00:10:00', NULL),
(310, '5x36', 318, 0.03, 'plus', 'buy_ticket', 'buy ticket booking:{40}', NULL, '2020-07-23 00:10:00', NULL),
(311, '5x36', 319, 0.7, 'plus', 'buy_ticket', 'buy ticket booking:{43}', NULL, '2020-07-23 00:10:00', NULL),
(312, '5x36', 320, 0.2, 'plus', 'buy_ticket', 'buy ticket booking:{43}', NULL, '2020-07-23 00:10:00', NULL),
(313, '5x36', 321, 0.07, 'plus', 'buy_ticket', 'buy ticket booking:{43}', NULL, '2020-07-23 00:10:00', NULL),
(314, '5x36', 322, 0.03, 'plus', 'buy_ticket', 'buy ticket booking:{43}', NULL, '2020-07-23 00:10:00', NULL),
(315, '5x36', 323, 0.7, 'plus', 'buy_ticket', 'buy ticket booking:{44}', NULL, '2020-07-23 00:10:00', NULL),
(316, '5x36', 324, 0.2, 'plus', 'buy_ticket', 'buy ticket booking:{44}', NULL, '2020-07-23 00:10:00', NULL),
(317, '5x36', 325, 0.07, 'plus', 'buy_ticket', 'buy ticket booking:{44}', NULL, '2020-07-23 00:10:00', NULL),
(318, '5x36', 326, 0.03, 'plus', 'buy_ticket', 'buy ticket booking:{44}', NULL, '2020-07-23 00:10:00', NULL),
(319, '5x36', 327, 0.7, 'plus', 'buy_ticket', 'buy ticket booking:{45}', NULL, '2020-07-23 00:10:00', NULL),
(320, '5x36', 328, 0.2, 'plus', 'buy_ticket', 'buy ticket booking:{45}', NULL, '2020-07-23 00:10:00', NULL),
(321, '5x36', 329, 0.07, 'plus', 'buy_ticket', 'buy ticket booking:{45}', NULL, '2020-07-23 00:10:00', NULL),
(322, '5x36', 330, 0.03, 'plus', 'buy_ticket', 'buy ticket booking:{45}', NULL, '2020-07-23 00:10:00', NULL),
(323, '5x36', 331, 0.7, 'plus', 'buy_ticket', 'buy ticket booking:{50}', NULL, '2020-07-23 00:10:00', NULL),
(324, '5x36', 332, 0.2, 'plus', 'buy_ticket', 'buy ticket booking:{50}', NULL, '2020-07-23 00:10:00', NULL),
(325, '5x36', 333, 0.07, 'plus', 'buy_ticket', 'buy ticket booking:{50}', NULL, '2020-07-23 00:10:00', NULL),
(326, '5x36', 334, 0.03, 'plus', 'buy_ticket', 'buy ticket booking:{50}', NULL, '2020-07-23 00:10:00', NULL),
(327, '5x36', 335, 0.7, 'plus', 'buy_ticket', 'buy ticket booking:{40}', NULL, '2020-07-24 00:10:00', NULL),
(328, '5x36', 336, 0.2, 'plus', 'buy_ticket', 'buy ticket booking:{40}', NULL, '2020-07-24 00:10:00', NULL),
(329, '5x36', 337, 0.07, 'plus', 'buy_ticket', 'buy ticket booking:{40}', NULL, '2020-07-24 00:10:00', NULL),
(330, '5x36', 338, 0.03, 'plus', 'buy_ticket', 'buy ticket booking:{40}', NULL, '2020-07-24 00:10:00', NULL),
(331, '5x36', 339, 0.7, 'plus', 'buy_ticket', 'buy ticket booking:{50}', NULL, '2020-07-24 00:10:00', NULL),
(332, '5x36', 340, 0.2, 'plus', 'buy_ticket', 'buy ticket booking:{50}', NULL, '2020-07-24 00:10:00', NULL),
(333, '5x36', 341, 0.07, 'plus', 'buy_ticket', 'buy ticket booking:{50}', NULL, '2020-07-24 00:10:00', NULL),
(334, '5x36', 342, 0.03, 'plus', 'buy_ticket', 'buy ticket booking:{50}', NULL, '2020-07-24 00:10:00', NULL),
(335, '5x36', 343, 1.4, 'plus', 'buy_ticket', 'buy ticket booking:{51}', NULL, '2020-07-24 01:50:09', NULL),
(336, '5x36', 344, 0.4, 'plus', 'buy_ticket', 'buy ticket booking:{51}', NULL, '2020-07-24 01:50:09', NULL),
(337, '5x36', 345, 0.14, 'plus', 'buy_ticket', 'buy ticket booking:{51}', NULL, '2020-07-24 01:50:09', NULL),
(338, '5x36', 346, 0.06, 'plus', 'buy_ticket', 'buy ticket booking:{51}', NULL, '2020-07-24 01:50:09', NULL),
(339, '5x36', 347, 0.7, 'plus', 'buy_ticket', 'buy ticket booking:{40}', NULL, '2020-07-25 00:10:00', NULL),
(340, '5x36', 348, 0.2, 'plus', 'buy_ticket', 'buy ticket booking:{40}', NULL, '2020-07-25 00:10:00', NULL),
(341, '5x36', 349, 0.07, 'plus', 'buy_ticket', 'buy ticket booking:{40}', NULL, '2020-07-25 00:10:00', NULL),
(342, '5x36', 350, 0.03, 'plus', 'buy_ticket', 'buy ticket booking:{40}', NULL, '2020-07-25 00:10:00', NULL),
(343, '5x36', 351, 0.7, 'plus', 'buy_ticket', 'buy ticket booking:{50}', NULL, '2020-07-25 00:10:00', NULL),
(344, '5x36', 352, 0.2, 'plus', 'buy_ticket', 'buy ticket booking:{50}', NULL, '2020-07-25 00:10:00', NULL),
(345, '5x36', 353, 0.07, 'plus', 'buy_ticket', 'buy ticket booking:{50}', NULL, '2020-07-25 00:10:00', NULL),
(346, '5x36', 354, 0.03, 'plus', 'buy_ticket', 'buy ticket booking:{50}', NULL, '2020-07-25 00:10:00', NULL),
(347, '5x36', 355, 0.7, 'plus', 'buy_ticket', 'buy ticket booking:{40}', NULL, '2020-07-26 00:10:00', NULL),
(348, '5x36', 356, 0.2, 'plus', 'buy_ticket', 'buy ticket booking:{40}', NULL, '2020-07-26 00:10:00', NULL),
(349, '5x36', 357, 0.07, 'plus', 'buy_ticket', 'buy ticket booking:{40}', NULL, '2020-07-26 00:10:00', NULL),
(350, '5x36', 358, 0.03, 'plus', 'buy_ticket', 'buy ticket booking:{40}', NULL, '2020-07-26 00:10:00', NULL),
(351, '5x36', 359, 0.7, 'plus', 'buy_ticket', 'buy ticket booking:{50}', NULL, '2020-07-26 00:10:00', NULL),
(352, '5x36', 360, 0.2, 'plus', 'buy_ticket', 'buy ticket booking:{50}', NULL, '2020-07-26 00:10:00', NULL),
(353, '5x36', 361, 0.07, 'plus', 'buy_ticket', 'buy ticket booking:{50}', NULL, '2020-07-26 00:10:00', NULL),
(354, '5x36', 362, 0.03, 'plus', 'buy_ticket', 'buy ticket booking:{50}', NULL, '2020-07-26 00:10:00', NULL),
(355, '5x36', 363, 0.7, 'plus', 'buy_ticket', 'buy ticket booking:{40}', NULL, '2020-07-27 00:10:00', NULL),
(356, '5x36', 364, 0.2, 'plus', 'buy_ticket', 'buy ticket booking:{40}', NULL, '2020-07-27 00:10:00', NULL),
(357, '5x36', 365, 0.07, 'plus', 'buy_ticket', 'buy ticket booking:{40}', NULL, '2020-07-27 00:10:00', NULL),
(358, '5x36', 366, 0.03, 'plus', 'buy_ticket', 'buy ticket booking:{40}', NULL, '2020-07-27 00:10:00', NULL),
(359, '5x36', 367, 0.7, 'plus', 'buy_ticket', 'buy ticket booking:{50}', NULL, '2020-07-27 00:10:00', NULL),
(360, '5x36', 368, 0.2, 'plus', 'buy_ticket', 'buy ticket booking:{50}', NULL, '2020-07-27 00:10:00', NULL),
(361, '5x36', 369, 0.07, 'plus', 'buy_ticket', 'buy ticket booking:{50}', NULL, '2020-07-27 00:10:00', NULL),
(362, '5x36', 370, 0.03, 'plus', 'buy_ticket', 'buy ticket booking:{50}', NULL, '2020-07-27 00:10:00', NULL),
(363, '5x36', 371, 0.7, 'plus', 'buy_ticket', 'buy ticket booking:{40}', NULL, '2020-07-28 00:10:00', NULL),
(364, '5x36', 372, 0.2, 'plus', 'buy_ticket', 'buy ticket booking:{40}', NULL, '2020-07-28 00:10:00', NULL),
(365, '5x36', 373, 0.07, 'plus', 'buy_ticket', 'buy ticket booking:{40}', NULL, '2020-07-28 00:10:00', NULL),
(366, '5x36', 374, 0.03, 'plus', 'buy_ticket', 'buy ticket booking:{40}', NULL, '2020-07-28 00:10:00', NULL),
(367, '5x36', 375, 0.7, 'plus', 'buy_ticket', 'buy ticket booking:{50}', NULL, '2020-07-28 00:10:00', NULL),
(368, '5x36', 376, 0.2, 'plus', 'buy_ticket', 'buy ticket booking:{50}', NULL, '2020-07-28 00:10:00', NULL),
(369, '5x36', 377, 0.07, 'plus', 'buy_ticket', 'buy ticket booking:{50}', NULL, '2020-07-28 00:10:00', NULL),
(370, '5x36', 378, 0.03, 'plus', 'buy_ticket', 'buy ticket booking:{50}', NULL, '2020-07-28 00:10:00', NULL),
(371, '5x36', 379, 0.7, 'plus', 'buy_ticket', 'buy ticket booking:{40}', NULL, '2020-07-29 00:10:00', NULL),
(372, '5x36', 380, 0.2, 'plus', 'buy_ticket', 'buy ticket booking:{40}', NULL, '2020-07-29 00:10:00', NULL),
(373, '5x36', 381, 0.07, 'plus', 'buy_ticket', 'buy ticket booking:{40}', NULL, '2020-07-29 00:10:00', NULL),
(374, '5x36', 382, 0.03, 'plus', 'buy_ticket', 'buy ticket booking:{40}', NULL, '2020-07-29 00:10:00', NULL),
(375, '5x36', 383, 0.7, 'plus', 'buy_ticket', 'buy ticket booking:{40}', NULL, '2020-07-30 00:10:00', NULL),
(376, '5x36', 384, 0.2, 'plus', 'buy_ticket', 'buy ticket booking:{40}', NULL, '2020-07-30 00:10:00', NULL),
(377, '5x36', 385, 0.07, 'plus', 'buy_ticket', 'buy ticket booking:{40}', NULL, '2020-07-30 00:10:00', NULL),
(378, '5x36', 386, 0.03, 'plus', 'buy_ticket', 'buy ticket booking:{40}', NULL, '2020-07-30 00:10:00', NULL),
(379, '5x36', 387, 22.4, 'plus', 'buy_ticket', 'buy ticket booking:{52}', NULL, '2020-08-01 11:42:27', NULL),
(380, '5x36', 388, 6.4, 'plus', 'buy_ticket', 'buy ticket booking:{52}', NULL, '2020-08-01 11:42:27', NULL),
(381, '5x36', 389, 2.24, 'plus', 'buy_ticket', 'buy ticket booking:{52}', NULL, '2020-08-01 11:42:27', NULL),
(382, '5x36', 390, 0.96, 'plus', 'buy_ticket', 'buy ticket booking:{52}', NULL, '2020-08-01 11:42:27', NULL),
(383, '5x36', 391, 2.1, 'plus', 'buy_ticket', 'buy ticket booking:{53}', NULL, '2020-08-03 08:41:26', NULL),
(384, '5x36', 392, 0.6, 'plus', 'buy_ticket', 'buy ticket booking:{53}', NULL, '2020-08-03 08:41:26', NULL),
(385, '5x36', 393, 0.21, 'plus', 'buy_ticket', 'buy ticket booking:{53}', NULL, '2020-08-03 08:41:26', NULL),
(386, '5x36', 394, 0.09, 'plus', 'buy_ticket', 'buy ticket booking:{53}', NULL, '2020-08-03 08:41:26', NULL),
(387, '5x36', 395, 22.4, 'plus', 'buy_ticket', 'buy ticket booking:{54}', NULL, '2020-08-03 13:33:17', NULL),
(388, '5x36', 396, 6.4, 'plus', 'buy_ticket', 'buy ticket booking:{54}', NULL, '2020-08-03 13:33:17', NULL),
(389, '5x36', 397, 2.24, 'plus', 'buy_ticket', 'buy ticket booking:{54}', NULL, '2020-08-03 13:33:17', NULL),
(390, '5x36', 398, 0.96, 'plus', 'buy_ticket', 'buy ticket booking:{54}', NULL, '2020-08-03 13:33:17', NULL),
(391, '5x36', 399, 22.4, 'plus', 'buy_ticket', 'buy ticket booking:{55}', NULL, '2020-08-07 02:45:39', NULL),
(392, '5x36', 400, 6.4, 'plus', 'buy_ticket', 'buy ticket booking:{55}', NULL, '2020-08-07 02:45:39', NULL),
(393, '5x36', 401, 2.24, 'plus', 'buy_ticket', 'buy ticket booking:{55}', NULL, '2020-08-07 02:45:39', NULL),
(394, '5x36', 402, 0.96, 'plus', 'buy_ticket', 'buy ticket booking:{55}', NULL, '2020-08-07 02:45:39', NULL),
(395, '5x36', 403, 0.7, 'plus', 'buy_ticket', 'buy ticket booking:{56}', NULL, '2020-08-07 09:43:57', NULL),
(396, '5x36', 404, 0.2, 'plus', 'buy_ticket', 'buy ticket booking:{56}', NULL, '2020-08-07 09:43:57', NULL),
(397, '5x36', 405, 0.07, 'plus', 'buy_ticket', 'buy ticket booking:{56}', NULL, '2020-08-07 09:43:57', NULL),
(398, '5x36', 406, 0.03, 'plus', 'buy_ticket', 'buy ticket booking:{56}', NULL, '2020-08-07 09:43:57', NULL),
(399, '5x36', 407, 89.6, 'plus', 'buy_ticket', 'buy ticket booking:{57}', NULL, '2020-08-10 08:37:38', NULL),
(400, '5x36', 408, 25.6, 'plus', 'buy_ticket', 'buy ticket booking:{57}', NULL, '2020-08-10 08:37:38', NULL),
(401, '5x36', 409, 8.96, 'plus', 'buy_ticket', 'buy ticket booking:{57}', NULL, '2020-08-10 08:37:38', NULL),
(402, '5x36', 410, 3.84, 'plus', 'buy_ticket', 'buy ticket booking:{57}', NULL, '2020-08-10 08:37:38', NULL),
(403, '5x36', 411, 0.7, 'plus', 'buy_ticket', 'buy ticket booking:{58}', NULL, '2020-08-12 03:30:00', NULL),
(404, '5x36', 412, 0.2, 'plus', 'buy_ticket', 'buy ticket booking:{58}', NULL, '2020-08-12 03:30:00', NULL),
(405, '5x36', 413, 0.07, 'plus', 'buy_ticket', 'buy ticket booking:{58}', NULL, '2020-08-12 03:30:00', NULL),
(406, '5x36', 414, 0.03, 'plus', 'buy_ticket', 'buy ticket booking:{58}', NULL, '2020-08-12 03:30:00', NULL),
(407, '5x36', 415, 0.7, 'plus', 'buy_ticket', 'buy ticket booking:{59}', NULL, '2020-08-12 03:31:56', NULL),
(408, '5x36', 416, 0.2, 'plus', 'buy_ticket', 'buy ticket booking:{59}', NULL, '2020-08-12 03:31:56', NULL),
(409, '5x36', 417, 0.07, 'plus', 'buy_ticket', 'buy ticket booking:{59}', NULL, '2020-08-12 03:31:56', NULL),
(410, '5x36', 418, 0.03, 'plus', 'buy_ticket', 'buy ticket booking:{59}', NULL, '2020-08-12 03:31:56', NULL),
(411, '5x36', 419, 0.7, 'plus', 'buy_ticket', 'buy ticket booking:{60}', NULL, '2020-08-12 03:32:01', NULL),
(412, '5x36', 420, 0.2, 'plus', 'buy_ticket', 'buy ticket booking:{60}', NULL, '2020-08-12 03:32:01', NULL),
(413, '5x36', 421, 0.07, 'plus', 'buy_ticket', 'buy ticket booking:{60}', NULL, '2020-08-12 03:32:01', NULL),
(414, '5x36', 422, 0.03, 'plus', 'buy_ticket', 'buy ticket booking:{60}', NULL, '2020-08-12 03:32:01', NULL),
(415, '5x36', 423, 0.7, 'plus', 'buy_ticket', 'buy ticket booking:{61}', NULL, '2020-08-19 02:58:57', NULL),
(416, '5x36', 424, 0.2, 'plus', 'buy_ticket', 'buy ticket booking:{61}', NULL, '2020-08-19 02:58:57', NULL),
(417, '5x36', 425, 0.07, 'plus', 'buy_ticket', 'buy ticket booking:{61}', NULL, '2020-08-19 02:58:57', NULL),
(418, '5x36', 426, 0.03, 'plus', 'buy_ticket', 'buy ticket booking:{61}', NULL, '2020-08-19 02:58:57', NULL),
(419, '5x36', 427, 0.7, 'plus', 'buy_ticket', 'buy ticket booking:{63}', NULL, '2020-08-25 09:14:53', NULL),
(420, '5x36', 428, 0.2, 'plus', 'buy_ticket', 'buy ticket booking:{63}', NULL, '2020-08-25 09:14:53', NULL),
(421, '5x36', 429, 0.07, 'plus', 'buy_ticket', 'buy ticket booking:{63}', NULL, '2020-08-25 09:14:53', NULL),
(422, '5x36', 430, 0.03, 'plus', 'buy_ticket', 'buy ticket booking:{63}', NULL, '2020-08-25 09:14:53', NULL),
(423, '5x36', 431, 0.7, 'plus', 'buy_ticket', 'buy ticket booking:{64}', NULL, '2020-08-25 09:15:07', NULL),
(424, '5x36', 432, 0.2, 'plus', 'buy_ticket', 'buy ticket booking:{64}', NULL, '2020-08-25 09:15:07', NULL),
(425, '5x36', 433, 0.07, 'plus', 'buy_ticket', 'buy ticket booking:{64}', NULL, '2020-08-25 09:15:07', NULL),
(426, '5x36', 434, 0.03, 'plus', 'buy_ticket', 'buy ticket booking:{64}', NULL, '2020-08-25 09:15:07', NULL),
(427, '5x36', 435, 0.7, 'plus', 'buy_ticket', 'buy ticket booking:{65}', NULL, '2020-08-25 14:38:11', NULL),
(428, '5x36', 436, 0.2, 'plus', 'buy_ticket', 'buy ticket booking:{65}', NULL, '2020-08-25 14:38:11', NULL),
(429, '5x36', 437, 0.07, 'plus', 'buy_ticket', 'buy ticket booking:{65}', NULL, '2020-08-25 14:38:11', NULL),
(430, '5x36', 438, 0.03, 'plus', 'buy_ticket', 'buy ticket booking:{65}', NULL, '2020-08-25 14:38:11', NULL),
(431, '5x36', 439, 0.7, 'plus', 'buy_ticket', 'buy ticket booking:{66}', NULL, '2020-08-28 07:16:27', NULL),
(432, '5x36', 440, 0.2, 'plus', 'buy_ticket', 'buy ticket booking:{66}', NULL, '2020-08-28 07:16:27', NULL),
(433, '5x36', 441, 0.07, 'plus', 'buy_ticket', 'buy ticket booking:{66}', NULL, '2020-08-28 07:16:27', NULL),
(434, '5x36', 442, 0.03, 'plus', 'buy_ticket', 'buy ticket booking:{66}', NULL, '2020-08-28 07:16:27', NULL),
(435, '5x36', 443, 207.26999999999992, 'minus', 'reward winner game', '', NULL, '2020-08-28 07:18:08', NULL),
(436, '5x36', 444, 0.7, 'plus', 'buy_ticket', 'buy ticket booking:{67}', NULL, '2020-08-28 09:03:19', NULL),
(437, '5x36', 445, 0.2, 'plus', 'buy_ticket', 'buy ticket booking:{67}', NULL, '2020-08-28 09:03:19', NULL),
(438, '5x36', 446, 0.07, 'plus', 'buy_ticket', 'buy ticket booking:{67}', NULL, '2020-08-28 09:03:19', NULL),
(439, '5x36', 447, 0.03, 'plus', 'buy_ticket', 'buy ticket booking:{67}', NULL, '2020-08-28 09:03:19', NULL),
(440, '5x36', 448, 21.357, 'minus', 'reward winner game', '', NULL, '2020-08-28 09:03:34', NULL),
(441, '5x36', 449, 0.7, 'plus', 'buy_ticket', 'buy ticket booking:{68}', NULL, '2020-08-28 09:27:31', NULL),
(442, '5x36', 450, 0.2, 'plus', 'buy_ticket', 'buy ticket booking:{68}', NULL, '2020-08-28 09:27:31', NULL),
(443, '5x36', 451, 0.07, 'plus', 'buy_ticket', 'buy ticket booking:{68}', NULL, '2020-08-28 09:27:31', NULL),
(444, '5x36', 452, 0.03, 'plus', 'buy_ticket', 'buy ticket booking:{68}', NULL, '2020-08-28 09:27:31', NULL),
(445, '5x36', 453, 900.6300000000001, 'minus', 'reward winner game', '', NULL, '2020-08-28 09:28:35', NULL),
(446, '5x36', 454, 0.7, 'plus', 'buy_ticket', 'buy ticket booking:{69}', NULL, '2020-08-28 09:58:03', NULL),
(447, '5x36', 455, 0.2, 'plus', 'buy_ticket', 'buy ticket booking:{69}', NULL, '2020-08-28 09:58:03', NULL),
(448, '5x36', 456, 0.07, 'plus', 'buy_ticket', 'buy ticket booking:{69}', NULL, '2020-08-28 09:58:03', NULL),
(449, '5x36', 457, 0.03, 'plus', 'buy_ticket', 'buy ticket booking:{69}', NULL, '2020-08-28 09:58:03', NULL),
(450, '5x36', 458, 90.693, 'minus', 'reward winner game', '', NULL, '2020-08-28 09:58:16', NULL),
(451, '5x36', 459, 0.7, 'plus', 'buy_ticket', 'buy ticket booking:{70}', NULL, '2020-08-31 10:08:41', NULL),
(452, '5x36', 460, 0.2, 'plus', 'buy_ticket', 'buy ticket booking:{70}', NULL, '2020-08-31 10:08:41', NULL),
(453, '5x36', 461, 0.07, 'plus', 'buy_ticket', 'buy ticket booking:{70}', NULL, '2020-08-31 10:08:41', NULL),
(454, '5x36', 462, 0.03, 'plus', 'buy_ticket', 'buy ticket booking:{70}', NULL, '2020-08-31 10:08:41', NULL),
(455, '5x36', 463, 9.6993, 'minus', 'reward winner game', '', NULL, '2020-08-31 10:09:17', NULL),
(456, '5x36', 464, 0.7, 'plus', 'buy_ticket', 'buy ticket booking:{71}', NULL, '2020-09-07 06:47:56', NULL),
(457, '5x36', 465, 0.2, 'plus', 'buy_ticket', 'buy ticket booking:{71}', NULL, '2020-09-07 06:47:56', NULL),
(458, '5x36', 466, 0.07, 'plus', 'buy_ticket', 'buy ticket booking:{71}', NULL, '2020-09-07 06:47:56', NULL),
(459, '5x36', 467, 0.03, 'plus', 'buy_ticket', 'buy ticket booking:{71}', NULL, '2020-09-07 06:47:56', NULL),
(460, '5x36', 468, 1.59993, 'minus', 'reward winner game', '', NULL, '2020-09-07 06:48:29', NULL),
(461, '5x36', 469, 0.7, 'plus', 'buy_ticket', 'buy ticket booking:{72}', NULL, '2020-09-14 03:53:53', NULL),
(462, '5x36', 470, 0.2, 'plus', 'buy_ticket', 'buy ticket booking:{72}', NULL, '2020-09-14 03:53:53', NULL),
(463, '5x36', 471, 0.07, 'plus', 'buy_ticket', 'buy ticket booking:{72}', NULL, '2020-09-14 03:53:53', NULL),
(464, '5x36', 472, 0.03, 'plus', 'buy_ticket', 'buy ticket booking:{72}', NULL, '2020-09-14 03:53:53', NULL),
(465, '5x36', 473, 0.7, 'plus', 'buy_ticket', 'buy ticket booking:{73}', NULL, '2020-09-14 07:20:55', NULL),
(466, '5x36', 474, 0.2, 'plus', 'buy_ticket', 'buy ticket booking:{73}', NULL, '2020-09-14 07:20:55', NULL),
(467, '5x36', 475, 0.07, 'plus', 'buy_ticket', 'buy ticket booking:{73}', NULL, '2020-09-14 07:20:55', NULL),
(468, '5x36', 476, 0.03, 'plus', 'buy_ticket', 'buy ticket booking:{73}', NULL, '2020-09-14 07:20:55', NULL),
(469, '5x36', 477, 0.7, 'plus', 'buy_ticket', 'buy ticket booking:{74}', NULL, '2020-09-14 07:21:15', NULL),
(470, '5x36', 478, 0.2, 'plus', 'buy_ticket', 'buy ticket booking:{74}', NULL, '2020-09-14 07:21:15', NULL),
(471, '5x36', 479, 0.07, 'plus', 'buy_ticket', 'buy ticket booking:{74}', NULL, '2020-09-14 07:21:15', NULL),
(472, '5x36', 480, 0.03, 'plus', 'buy_ticket', 'buy ticket booking:{74}', NULL, '2020-09-14 07:21:15', NULL),
(473, '5x36', 481, 0.7, 'plus', 'buy_ticket', 'buy ticket booking:{75}', NULL, '2020-09-14 07:21:26', NULL),
(474, '5x36', 482, 0.2, 'plus', 'buy_ticket', 'buy ticket booking:{75}', NULL, '2020-09-14 07:21:26', NULL),
(475, '5x36', 483, 0.07, 'plus', 'buy_ticket', 'buy ticket booking:{75}', NULL, '2020-09-14 07:21:26', NULL),
(476, '5x36', 484, 0.03, 'plus', 'buy_ticket', 'buy ticket booking:{75}', NULL, '2020-09-14 07:21:26', NULL),
(477, '5x36', 485, 739.2, 'plus', 'buy_ticket', 'buy ticket booking:{76}', NULL, '2020-09-14 07:22:19', NULL),
(478, '5x36', 486, 211.2, 'plus', 'buy_ticket', 'buy ticket booking:{76}', NULL, '2020-09-14 07:22:19', NULL),
(479, '5x36', 487, 73.92, 'plus', 'buy_ticket', 'buy ticket booking:{76}', NULL, '2020-09-14 07:22:19', NULL),
(480, '5x36', 488, 31.68, 'plus', 'buy_ticket', 'buy ticket booking:{76}', NULL, '2020-09-14 07:22:19', NULL),
(481, '5x36', 489, 0.7, 'plus', 'buy_ticket', 'buy ticket booking:{77}', NULL, '2020-09-15 08:49:14', NULL),
(482, '5x36', 490, 0.2, 'plus', 'buy_ticket', 'buy ticket booking:{77}', NULL, '2020-09-15 08:49:14', NULL),
(483, '5x36', 491, 0.07, 'plus', 'buy_ticket', 'buy ticket booking:{77}', NULL, '2020-09-15 08:49:14', NULL),
(484, '5x36', 492, 0.03, 'plus', 'buy_ticket', 'buy ticket booking:{77}', NULL, '2020-09-15 08:49:14', NULL),
(485, '5x36', 493, 0.7, 'plus', 'buy_ticket', 'buy ticket booking:{78}', NULL, '2020-09-15 08:49:28', NULL),
(486, '5x36', 494, 0.2, 'plus', 'buy_ticket', 'buy ticket booking:{78}', NULL, '2020-09-15 08:49:28', NULL),
(487, '5x36', 495, 0.07, 'plus', 'buy_ticket', 'buy ticket booking:{78}', NULL, '2020-09-15 08:49:28', NULL),
(488, '5x36', 496, 0.03, 'plus', 'buy_ticket', 'buy ticket booking:{78}', NULL, '2020-09-15 08:49:28', NULL);

--
-- Indexes for dumped tables
--

--
-- Indexes for table `booking`
--
ALTER TABLE `booking`
  ADD PRIMARY KEY (`id`),
  ADD KEY `booking_uid_foreign` (`uid`);

--
-- Indexes for table `commissions`
--
ALTER TABLE `commissions`
  ADD PRIMARY KEY (`id`),
  ADD KEY `commissions_ticket_id_foreign` (`ticket_id`),
  ADD KEY `commissions_from_id_foreign` (`from_id`),
  ADD KEY `commissions_uid_foreign` (`uid`),
  ADD KEY `commissions_prize_id_foreign` (`prize_id`),
  ADD KEY `commissions_lottery_id_foreign` (`lottery_id`);

--
-- Indexes for table `contacts`
--
ALTER TABLE `contacts`
  ADD PRIMARY KEY (`id`);

--
-- Indexes for table `credits`
--
ALTER TABLE `credits`
  ADD PRIMARY KEY (`id`),
  ADD KEY `credits_uid_foreign` (`uid`);

--
-- Indexes for table `credit_activities`
--
ALTER TABLE `credit_activities`
  ADD PRIMARY KEY (`id`),
  ADD KEY `credit_activities_uid_foreign` (`uid`),
  ADD KEY `credit_activities_credit_id_foreign` (`credit_id`);

--
-- Indexes for table `faqs`
--
ALTER TABLE `faqs`
  ADD PRIMARY KEY (`id`);

--
-- Indexes for table `games`
--
ALTER TABLE `games`
  ADD PRIMARY KEY (`id`),
  ADD UNIQUE KEY `games_code_unique` (`code`),
  ADD KEY `games_created_id_foreign` (`created_id`),
  ADD KEY `games_updated_id_foreign` (`updated_id`);

--
-- Indexes for table `games_config`
--
ALTER TABLE `games_config`
  ADD PRIMARY KEY (`id`),
  ADD KEY `games_config_game_code_foreign` (`game_code`),
  ADD KEY `games_config_code_foreign` (`code`);

--
-- Indexes for table `game_setting_code`
--
ALTER TABLE `game_setting_code`
  ADD PRIMARY KEY (`id`),
  ADD UNIQUE KEY `game_setting_code_code_unique` (`code`);

--
-- Indexes for table `groups`
--
ALTER TABLE `groups`
  ADD PRIMARY KEY (`id`);

--
-- Indexes for table `group_role`
--
ALTER TABLE `group_role`
  ADD KEY `group_role_group_id_foreign` (`group_id`),
  ADD KEY `group_role_role_id_foreign` (`role_id`);

--
-- Indexes for table `lotteries`
--
ALTER TABLE `lotteries`
  ADD PRIMARY KEY (`id`),
  ADD KEY `lotteries_game_code_foreign` (`game_code`);

--
-- Indexes for table `lotteries_rost`
--
ALTER TABLE `lotteries_rost`
  ADD PRIMARY KEY (`id`),
  ADD KEY `lotteries_rost_lottery_id_foreign` (`lottery_id`);

--
-- Indexes for table `lottery_activities`
--
ALTER TABLE `lottery_activities`
  ADD PRIMARY KEY (`id`),
  ADD KEY `lottery_activities_lottery_id_foreign` (`lottery_id`),
  ADD KEY `lottery_activities_ticket_id_foreign` (`ticket_id`),
  ADD KEY `lottery_activities_game_code_foreign` (`game_code`),
  ADD KEY `lottery_activities_game_reward_id_foreign` (`game_reward_id`);

--
-- Indexes for table `meta_box`
--
ALTER TABLE `meta_box`
  ADD PRIMARY KEY (`id`),
  ADD UNIQUE KEY `meta_box_meta_key_unique` (`meta_key`);

--
-- Indexes for table `migrations`
--
ALTER TABLE `migrations`
  ADD PRIMARY KEY (`id`);

--
-- Indexes for table `pages`
--
ALTER TABLE `pages`
  ADD PRIMARY KEY (`id`),
  ADD KEY `pages_created_id_foreign` (`created_id`),
  ADD KEY `pages_updated_id_foreign` (`updated_id`);

--
-- Indexes for table `password_resets`
--
ALTER TABLE `password_resets`
  ADD KEY `password_resets_email_index` (`email`);

--
-- Indexes for table `requests`
--
ALTER TABLE `requests`
  ADD PRIMARY KEY (`id`),
  ADD KEY `requests_uid_foreign` (`uid`),
  ADD KEY `requests_sso_id_foreign` (`sso_id`);

--
-- Indexes for table `roles`
--
ALTER TABLE `roles`
  ADD PRIMARY KEY (`id`);

--
-- Indexes for table `sacks`
--
ALTER TABLE `sacks`
  ADD PRIMARY KEY (`id`),
  ADD KEY `sacks_game_id_foreign` (`game_id`);

--
-- Indexes for table `settings`
--
ALTER TABLE `settings`
  ADD PRIMARY KEY (`id`),
  ADD UNIQUE KEY `settings_code_unique` (`code`);

--
-- Indexes for table `tickets`
--
ALTER TABLE `tickets`
  ADD PRIMARY KEY (`id`),
  ADD KEY `tickets_uid_foreign` (`uid`),
  ADD KEY `tickets_game_id_foreign` (`game_id`),
  ADD KEY `tickets_booking_id_foreign` (`booking_id`),
  ADD KEY `tickets_prize_id_foreign` (`prize_id`),
  ADD KEY `tickets_lottery_id_foreign` (`lottery_id`);

--
-- Indexes for table `users`
--
ALTER TABLE `users`
  ADD PRIMARY KEY (`id`),
  ADD UNIQUE KEY `users_uid_unique` (`uid`),
  ADD UNIQUE KEY `users_email_unique` (`email`),
  ADD KEY `users_group_id_foreign` (`group_id`);

--
-- Indexes for table `user_setting`
--
ALTER TABLE `user_setting`
  ADD PRIMARY KEY (`id`),
  ADD KEY `user_setting_uid_foreign` (`uid`),
  ADD KEY `user_setting_setting_code_foreign` (`setting_code`);

--
-- Indexes for table `vaults`
--
ALTER TABLE `vaults`
  ADD PRIMARY KEY (`id`),
  ADD KEY `vaults_game_code_foreign` (`game_code`),
  ADD KEY `vaults_game_config_id_foreign` (`game_config_id`);

--
-- Indexes for table `vault_activities`
--
ALTER TABLE `vault_activities`
  ADD PRIMARY KEY (`id`),
  ADD KEY `vault_activities_game_code_foreign` (`game_code`),
  ADD KEY `vault_activities_vault_id_foreign` (`vault_id`);

--
-- AUTO_INCREMENT for dumped tables
--

--
-- AUTO_INCREMENT for table `booking`
--
ALTER TABLE `booking`
  MODIFY `id` bigint(20) UNSIGNED NOT NULL AUTO_INCREMENT, AUTO_INCREMENT=79;

--
-- AUTO_INCREMENT for table `commissions`
--
ALTER TABLE `commissions`
  MODIFY `id` bigint(20) UNSIGNED NOT NULL AUTO_INCREMENT, AUTO_INCREMENT=37;

--
-- AUTO_INCREMENT for table `contacts`
--
ALTER TABLE `contacts`
  MODIFY `id` bigint(20) UNSIGNED NOT NULL AUTO_INCREMENT;

--
-- AUTO_INCREMENT for table `credits`
--
ALTER TABLE `credits`
  MODIFY `id` bigint(20) UNSIGNED NOT NULL AUTO_INCREMENT, AUTO_INCREMENT=210;

--
-- AUTO_INCREMENT for table `credit_activities`
--
ALTER TABLE `credit_activities`
  MODIFY `id` bigint(20) UNSIGNED NOT NULL AUTO_INCREMENT, AUTO_INCREMENT=132;

--
-- AUTO_INCREMENT for table `faqs`
--
ALTER TABLE `faqs`
  MODIFY `id` bigint(20) UNSIGNED NOT NULL AUTO_INCREMENT, AUTO_INCREMENT=6;

--
-- AUTO_INCREMENT for table `games`
--
ALTER TABLE `games`
  MODIFY `id` bigint(20) UNSIGNED NOT NULL AUTO_INCREMENT, AUTO_INCREMENT=2;

--
-- AUTO_INCREMENT for table `games_config`
--
ALTER TABLE `games_config`
  MODIFY `id` bigint(20) UNSIGNED NOT NULL AUTO_INCREMENT, AUTO_INCREMENT=9;

--
-- AUTO_INCREMENT for table `game_setting_code`
--
ALTER TABLE `game_setting_code`
  MODIFY `id` bigint(20) UNSIGNED NOT NULL AUTO_INCREMENT, AUTO_INCREMENT=9;

--
-- AUTO_INCREMENT for table `groups`
--
ALTER TABLE `groups`
  MODIFY `id` bigint(20) UNSIGNED NOT NULL AUTO_INCREMENT, AUTO_INCREMENT=4;

--
-- AUTO_INCREMENT for table `lotteries`
--
ALTER TABLE `lotteries`
  MODIFY `id` bigint(20) UNSIGNED NOT NULL AUTO_INCREMENT, AUTO_INCREMENT=48;

--
-- AUTO_INCREMENT for table `lotteries_rost`
--
ALTER TABLE `lotteries_rost`
  MODIFY `id` bigint(20) UNSIGNED NOT NULL AUTO_INCREMENT, AUTO_INCREMENT=231;

--
-- AUTO_INCREMENT for table `lottery_activities`
--
ALTER TABLE `lottery_activities`
  MODIFY `id` bigint(20) UNSIGNED NOT NULL AUTO_INCREMENT;

--
-- AUTO_INCREMENT for table `meta_box`
--
ALTER TABLE `meta_box`
  MODIFY `id` bigint(20) UNSIGNED NOT NULL AUTO_INCREMENT, AUTO_INCREMENT=19;

--
-- AUTO_INCREMENT for table `migrations`
--
ALTER TABLE `migrations`
  MODIFY `id` int(10) UNSIGNED NOT NULL AUTO_INCREMENT, AUTO_INCREMENT=711;

--
-- AUTO_INCREMENT for table `pages`
--
ALTER TABLE `pages`
  MODIFY `id` bigint(20) UNSIGNED NOT NULL AUTO_INCREMENT;

--
-- AUTO_INCREMENT for table `requests`
--
ALTER TABLE `requests`
  MODIFY `id` bigint(20) UNSIGNED NOT NULL AUTO_INCREMENT, AUTO_INCREMENT=39;

--
-- AUTO_INCREMENT for table `roles`
--
ALTER TABLE `roles`
  MODIFY `id` bigint(20) UNSIGNED NOT NULL AUTO_INCREMENT, AUTO_INCREMENT=50;

--
-- AUTO_INCREMENT for table `sacks`
--
ALTER TABLE `sacks`
  MODIFY `id` bigint(20) UNSIGNED NOT NULL AUTO_INCREMENT, AUTO_INCREMENT=7;

--
-- AUTO_INCREMENT for table `settings`
--
ALTER TABLE `settings`
  MODIFY `id` bigint(20) UNSIGNED NOT NULL AUTO_INCREMENT, AUTO_INCREMENT=14;

--
-- AUTO_INCREMENT for table `tickets`
--
ALTER TABLE `tickets`
  MODIFY `id` bigint(20) UNSIGNED NOT NULL AUTO_INCREMENT, AUTO_INCREMENT=179;

--
-- AUTO_INCREMENT for table `users`
--
ALTER TABLE `users`
  MODIFY `id` bigint(20) UNSIGNED NOT NULL AUTO_INCREMENT, AUTO_INCREMENT=28;

--
-- AUTO_INCREMENT for table `user_setting`
--
ALTER TABLE `user_setting`
  MODIFY `id` bigint(20) UNSIGNED NOT NULL AUTO_INCREMENT, AUTO_INCREMENT=12;

--
-- AUTO_INCREMENT for table `vaults`
--
ALTER TABLE `vaults`
  MODIFY `id` bigint(20) UNSIGNED NOT NULL AUTO_INCREMENT, AUTO_INCREMENT=497;

--
-- AUTO_INCREMENT for table `vault_activities`
--
ALTER TABLE `vault_activities`
  MODIFY `id` bigint(20) UNSIGNED NOT NULL AUTO_INCREMENT, AUTO_INCREMENT=489;

--
-- Constraints for dumped tables
--

--
-- Constraints for table `booking`
--
ALTER TABLE `booking`
  ADD CONSTRAINT `booking_uid_foreign` FOREIGN KEY (`uid`) REFERENCES `users` (`id`) ON DELETE CASCADE;

--
-- Constraints for table `commissions`
--
ALTER TABLE `commissions`
  ADD CONSTRAINT `commissions_from_id_foreign` FOREIGN KEY (`from_id`) REFERENCES `users` (`id`) ON DELETE CASCADE,
  ADD CONSTRAINT `commissions_lottery_id_foreign` FOREIGN KEY (`lottery_id`) REFERENCES `lotteries` (`id`) ON DELETE CASCADE,
  ADD CONSTRAINT `commissions_prize_id_foreign` FOREIGN KEY (`prize_id`) REFERENCES `games_config` (`id`) ON DELETE CASCADE,
  ADD CONSTRAINT `commissions_ticket_id_foreign` FOREIGN KEY (`ticket_id`) REFERENCES `tickets` (`id`) ON DELETE CASCADE,
  ADD CONSTRAINT `commissions_uid_foreign` FOREIGN KEY (`uid`) REFERENCES `users` (`id`) ON DELETE CASCADE;

--
-- Constraints for table `credits`
--
ALTER TABLE `credits`
  ADD CONSTRAINT `credits_uid_foreign` FOREIGN KEY (`uid`) REFERENCES `users` (`id`) ON DELETE CASCADE;

--
-- Constraints for table `credit_activities`
--
ALTER TABLE `credit_activities`
  ADD CONSTRAINT `credit_activities_credit_id_foreign` FOREIGN KEY (`credit_id`) REFERENCES `credits` (`id`) ON DELETE CASCADE,
  ADD CONSTRAINT `credit_activities_uid_foreign` FOREIGN KEY (`uid`) REFERENCES `users` (`id`) ON DELETE CASCADE;

--
-- Constraints for table `games`
--
ALTER TABLE `games`
  ADD CONSTRAINT `games_created_id_foreign` FOREIGN KEY (`created_id`) REFERENCES `users` (`id`) ON DELETE CASCADE,
  ADD CONSTRAINT `games_updated_id_foreign` FOREIGN KEY (`updated_id`) REFERENCES `users` (`id`) ON DELETE CASCADE;

--
-- Constraints for table `games_config`
--
ALTER TABLE `games_config`
  ADD CONSTRAINT `games_config_code_foreign` FOREIGN KEY (`code`) REFERENCES `game_setting_code` (`code`) ON DELETE CASCADE,
  ADD CONSTRAINT `games_config_game_code_foreign` FOREIGN KEY (`game_code`) REFERENCES `games` (`code`) ON DELETE CASCADE;

--
-- Constraints for table `group_role`
--
ALTER TABLE `group_role`
  ADD CONSTRAINT `group_role_group_id_foreign` FOREIGN KEY (`group_id`) REFERENCES `groups` (`id`) ON DELETE CASCADE,
  ADD CONSTRAINT `group_role_role_id_foreign` FOREIGN KEY (`role_id`) REFERENCES `roles` (`id`) ON DELETE CASCADE;

--
-- Constraints for table `lotteries`
--
ALTER TABLE `lotteries`
  ADD CONSTRAINT `lotteries_game_code_foreign` FOREIGN KEY (`game_code`) REFERENCES `games` (`code`);

--
-- Constraints for table `lotteries_rost`
--
ALTER TABLE `lotteries_rost`
  ADD CONSTRAINT `lotteries_rost_lottery_id_foreign` FOREIGN KEY (`lottery_id`) REFERENCES `lotteries` (`id`) ON DELETE CASCADE;

--
-- Constraints for table `lottery_activities`
--
ALTER TABLE `lottery_activities`
  ADD CONSTRAINT `lottery_activities_game_code_foreign` FOREIGN KEY (`game_code`) REFERENCES `games_config` (`game_code`) ON DELETE CASCADE,
  ADD CONSTRAINT `lottery_activities_game_reward_id_foreign` FOREIGN KEY (`game_reward_id`) REFERENCES `games_config` (`id`) ON DELETE CASCADE,
  ADD CONSTRAINT `lottery_activities_lottery_id_foreign` FOREIGN KEY (`lottery_id`) REFERENCES `lotteries` (`id`) ON DELETE CASCADE,
  ADD CONSTRAINT `lottery_activities_ticket_id_foreign` FOREIGN KEY (`ticket_id`) REFERENCES `tickets` (`id`) ON DELETE CASCADE;

--
-- Constraints for table `pages`
--
ALTER TABLE `pages`
  ADD CONSTRAINT `pages_created_id_foreign` FOREIGN KEY (`created_id`) REFERENCES `users` (`id`) ON DELETE CASCADE,
  ADD CONSTRAINT `pages_updated_id_foreign` FOREIGN KEY (`updated_id`) REFERENCES `users` (`id`) ON DELETE CASCADE;

--
-- Constraints for table `requests`
--
ALTER TABLE `requests`
  ADD CONSTRAINT `requests_sso_id_foreign` FOREIGN KEY (`sso_id`) REFERENCES `users` (`uid`) ON DELETE CASCADE,
  ADD CONSTRAINT `requests_uid_foreign` FOREIGN KEY (`uid`) REFERENCES `users` (`id`) ON DELETE CASCADE;

--
-- Constraints for table `sacks`
--
ALTER TABLE `sacks`
  ADD CONSTRAINT `sacks_game_id_foreign` FOREIGN KEY (`game_id`) REFERENCES `games` (`id`) ON DELETE CASCADE;

--
-- Constraints for table `tickets`
--
ALTER TABLE `tickets`
  ADD CONSTRAINT `tickets_booking_id_foreign` FOREIGN KEY (`booking_id`) REFERENCES `booking` (`id`) ON DELETE CASCADE,
  ADD CONSTRAINT `tickets_game_id_foreign` FOREIGN KEY (`game_id`) REFERENCES `games` (`id`) ON DELETE CASCADE,
  ADD CONSTRAINT `tickets_lottery_id_foreign` FOREIGN KEY (`lottery_id`) REFERENCES `lotteries` (`id`) ON DELETE CASCADE,
  ADD CONSTRAINT `tickets_prize_id_foreign` FOREIGN KEY (`prize_id`) REFERENCES `games_config` (`id`) ON DELETE CASCADE,
  ADD CONSTRAINT `tickets_uid_foreign` FOREIGN KEY (`uid`) REFERENCES `users` (`id`) ON DELETE CASCADE;

--
-- Constraints for table `users`
--
ALTER TABLE `users`
  ADD CONSTRAINT `users_group_id_foreign` FOREIGN KEY (`group_id`) REFERENCES `groups` (`id`) ON DELETE CASCADE;

--
-- Constraints for table `user_setting`
--
ALTER TABLE `user_setting`
  ADD CONSTRAINT `user_setting_setting_code_foreign` FOREIGN KEY (`setting_code`) REFERENCES `settings` (`code`) ON DELETE CASCADE,
  ADD CONSTRAINT `user_setting_uid_foreign` FOREIGN KEY (`uid`) REFERENCES `users` (`id`) ON DELETE CASCADE;

--
-- Constraints for table `vaults`
--
ALTER TABLE `vaults`
  ADD CONSTRAINT `vaults_game_code_foreign` FOREIGN KEY (`game_code`) REFERENCES `games` (`code`) ON DELETE CASCADE,
  ADD CONSTRAINT `vaults_game_config_id_foreign` FOREIGN KEY (`game_config_id`) REFERENCES `games_config` (`id`) ON DELETE CASCADE;

--
-- Constraints for table `vault_activities`
--
ALTER TABLE `vault_activities`
  ADD CONSTRAINT `vault_activities_game_code_foreign` FOREIGN KEY (`game_code`) REFERENCES `games` (`code`) ON DELETE CASCADE,
  ADD CONSTRAINT `vault_activities_vault_id_foreign` FOREIGN KEY (`vault_id`) REFERENCES `vaults` (`id`) ON DELETE CASCADE;
COMMIT;

/*!40101 SET CHARACTER_SET_CLIENT=@OLD_CHARACTER_SET_CLIENT */;
/*!40101 SET CHARACTER_SET_RESULTS=@OLD_CHARACTER_SET_RESULTS */;
/*!40101 SET COLLATION_CONNECTION=@OLD_COLLATION_CONNECTION */;
